use mydb;
INSERT INTO `Tipo` (`idTipo`,`Nombre`) VALUES (0,0,'Tráfico');
INSERT INTO `Tipo` (`idTipo`,`Nombre`) VALUES (1,0,'Vigilancia Bancaria');
INSERT INTO `Tipo` (`idTipo`,`Nombre`) VALUES (2,1,'Vigilancia Bancaria');
INSERT INTO `Tipo` (`idTipo`,`Nombre`) VALUES (3,2,'Espectáculo Deportivo');
INSERT INTO `Tipo` (`idTipo`,`Nombre`) VALUES (4,3,'Cumbre dirigencial');
INSERT INTO `Tipo` (`idTipo`,`Nombre`) VALUES (5,4,'Espectáculo Deportivo');
INSERT INTO `Tipo` (`idTipo`,`Nombre`) VALUES (6,5,'Cumbre dirigencial');
INSERT INTO `Tipo` (`idTipo`,`Nombre`) VALUES (7,6,'Cumbre dirigencial');
INSERT INTO `Tipo` (`idTipo`,`Nombre`) VALUES (8,6,'Seguridad especial');
INSERT INTO `Tipo` (`idTipo`,`Nombre`) VALUES (9,6,'Vigilancia callejera');
INSERT INTO `Tipo` (`idTipo`,`Nombre`) VALUES (10,6,'Espectáculo Deportivo');
INSERT INTO `Tipo` (`idTipo`,`Nombre`) VALUES (11,7,'Cumbre dirigencial');
INSERT INTO `Tipo` (`idTipo`,`Nombre`) VALUES (12,7,'Espectáculo Deportivo');
INSERT INTO `Tipo` (`idTipo`,`Nombre`) VALUES (13,8,'Cumbre dirigencial');
INSERT INTO `Tipo` (`idTipo`,`Nombre`) VALUES (14,9,'Hurto');
INSERT INTO `Tipo` (`idTipo`,`Nombre`) VALUES (15,10,'Vigilancia Bancaria');
INSERT INTO `Tipo` (`idTipo`,`Nombre`) VALUES (16,11,'Robo violento / asalto');
INSERT INTO `Tipo` (`idTipo`,`Nombre`) VALUES (17,12,'Robo violento / asalto');
INSERT INTO `Tipo` (`idTipo`,`Nombre`) VALUES (18,13,'Secuestro');
INSERT INTO `Tipo` (`idTipo`,`Nombre`) VALUES (19,14,'Vigilancia Bancaria');
INSERT INTO `Tipo` (`idTipo`,`Nombre`) VALUES (20,14,'Tráfico');
INSERT INTO `Tipo` (`idTipo`,`Nombre`) VALUES (21,14,'Detección de estupefacientes');
INSERT INTO `Tipo` (`idTipo`,`Nombre`) VALUES (22,15,'Tráfico');
INSERT INTO `Tipo` (`idTipo`,`Nombre`) VALUES (23,16,'Vigilancia Bancaria');
INSERT INTO `Tipo` (`idTipo`,`Nombre`) VALUES (24,16,'Tráfico');
INSERT INTO `Tipo` (`idTipo`,`Nombre`) VALUES (25,17,'Pelea callejera');
INSERT INTO `Tipo` (`idTipo`,`Nombre`) VALUES (26,18,'Cumbre dirigencial');
INSERT INTO `Tipo` (`idTipo`,`Nombre`) VALUES (27,19,'Seguridad especial');
INSERT INTO `Tipo` (`idTipo`,`Nombre`) VALUES (28,20,'Vigilancia callejera');
INSERT INTO `Tipo` (`idTipo`,`Nombre`) VALUES (29,20,'Espectáculo Deportivo');
INSERT INTO `Tipo` (`idTipo`,`Nombre`) VALUES (30,21,'Cumbre dirigencial');
INSERT INTO `Tipo` (`idTipo`,`Nombre`) VALUES (31,22,'Vigilancia callejera');
INSERT INTO `Tipo` (`idTipo`,`Nombre`) VALUES (32,22,'Espectáculo Deportivo');
INSERT INTO `Tipo` (`idTipo`,`Nombre`) VALUES (33,23,'Cumbre dirigencial');
INSERT INTO `Tipo` (`idTipo`,`Nombre`) VALUES (34,24,'Hurto');
INSERT INTO `Tipo` (`idTipo`,`Nombre`) VALUES (35,24,'Vigilancia Bancaria');
INSERT INTO `Tipo` (`idTipo`,`Nombre`) VALUES (36,25,'Robo violento / asalto');
INSERT INTO `Tipo` (`idTipo`,`Nombre`) VALUES (37,25,'Secuestro');
INSERT INTO `Tipo` (`idTipo`,`Nombre`) VALUES (38,26,'Vigilancia Bancaria');
INSERT INTO `Tipo` (`idTipo`,`Nombre`) VALUES (39,26,'Tráfico');
INSERT INTO `Tipo` (`idTipo`,`Nombre`) VALUES (40,27,'Detección de estupefacientes');
INSERT INTO `Tipo` (`idTipo`,`Nombre`) VALUES (41,27,'Tráfico');
INSERT INTO `Tipo` (`idTipo`,`Nombre`) VALUES (42,28,'Vigilancia Bancaria');
INSERT INTO `Tipo` (`idTipo`,`Nombre`) VALUES (43,28,'Tráfico');
INSERT INTO `Tipo` (`idTipo`,`Nombre`) VALUES (44,29,'Pelea callejera');
INSERT INTO `Tipo` (`idTipo`,`Nombre`) VALUES (45,30,'Tráfico');
INSERT INTO `Tipo` (`idTipo`,`Nombre`) VALUES (46,30,'Vigilancia Bancaria');
INSERT INTO `Tipo` (`idTipo`,`Nombre`) VALUES (47,31,'Tráfico');
INSERT INTO `Tipo` (`idTipo`,`Nombre`) VALUES (48,32,'Seguridad especial');
INSERT INTO `Tipo` (`idTipo`,`Nombre`) VALUES (49,33,'Vigilancia Bancaria');
INSERT INTO `Tipo` (`idTipo`,`Nombre`) VALUES (50,34,'Vigilancia callejera');
INSERT INTO `Tipo` (`idTipo`,`Nombre`) VALUES (51,34,'Tráfico');
INSERT INTO `Tipo` (`idTipo`,`Nombre`) VALUES (52,35,'Vigilancia Bancaria');
INSERT INTO `Tipo` (`idTipo`,`Nombre`) VALUES (53,35,'Tráfico');
INSERT INTO `Tipo` (`idTipo`,`Nombre`) VALUES (54,36,'Seguridad especial');
INSERT INTO `Tipo` (`idTipo`,`Nombre`) VALUES (55,37,'Vigilancia Bancaria');
INSERT INTO `Tipo` (`idTipo`,`Nombre`) VALUES (56,38,'Vigilancia callejera');
INSERT INTO `Tipo` (`idTipo`,`Nombre`) VALUES (57,39,'Seguridad especial');
INSERT INTO `Tipo` (`idTipo`,`Nombre`) VALUES (58,40,'Vigilancia callejera');
INSERT INTO `Tipo` (`idTipo`,`Nombre`) VALUES (59,40,'Espectáculo Deportivo');
INSERT INTO `Tipo` (`idTipo`,`Nombre`) VALUES (60,41,'Cumbre dirigencial');
INSERT INTO `Tipo` (`idTipo`,`Nombre`) VALUES (61,42,'Espectáculo Deportivo');
INSERT INTO `Tipo` (`idTipo`,`Nombre`) VALUES (62,42,'Cumbre dirigencial');
INSERT INTO `Tipo` (`idTipo`,`Nombre`) VALUES (63,43,'Hurto');
INSERT INTO `Tipo` (`idTipo`,`Nombre`) VALUES (64,43,'Vigilancia Bancaria');
INSERT INTO `Tipo` (`idTipo`,`Nombre`) VALUES (65,44,'Robo violento / asalto');
INSERT INTO `Tipo` (`idTipo`,`Nombre`) VALUES (66,44,'Secuestro');
INSERT INTO `Tipo` (`idTipo`,`Nombre`) VALUES (67,45,'Vigilancia Bancaria');
INSERT INTO `Tipo` (`idTipo`,`Nombre`) VALUES (68,45,'Tráfico');
INSERT INTO `Tipo` (`idTipo`,`Nombre`) VALUES (69,46,'Detección de estupefacientes');
INSERT INTO `Tipo` (`idTipo`,`Nombre`) VALUES (70,46,'Tráfico');
INSERT INTO `Tipo` (`idTipo`,`Nombre`) VALUES (71,47,'Vigilancia Bancaria');
INSERT INTO `Tipo` (`idTipo`,`Nombre`) VALUES (72,47,'Tráfico');
INSERT INTO `Tipo` (`idTipo`,`Nombre`) VALUES (73,48,'Pelea callejera');
INSERT INTO `Tipo` (`idTipo`,`Nombre`) VALUES (74,48,'Tráfico');
INSERT INTO `Tipo` (`idTipo`,`Nombre`) VALUES (75,49,'Vigilancia Bancaria');
INSERT INTO `Tipo` (`idTipo`,`Nombre`) VALUES (76,49,'Tráfico');
INSERT INTO `Tipo` (`idTipo`,`Nombre`) VALUES (77,50,'Seguridad especial');
INSERT INTO `Tipo` (`idTipo`,`Nombre`) VALUES (78,50,'Vigilancia Bancaria');
INSERT INTO `Tipo` (`idTipo`,`Nombre`) VALUES (79,51,'Vigilancia callejera');
INSERT INTO `Tipo` (`idTipo`,`Nombre`) VALUES (80,51,'Hurto');
INSERT INTO `Tipo` (`idTipo`,`Nombre`) VALUES (81,51,'Robo violento / asalto');
INSERT INTO `Tipo` (`idTipo`,`Nombre`) VALUES (82,52,'Tráfico');
INSERT INTO `Tipo` (`idTipo`,`Nombre`) VALUES (83,53,'Tráfico');
INSERT INTO `Tipo` (`idTipo`,`Nombre`) VALUES (84,54,'Vigilancia Bancaria');
INSERT INTO `Tipo` (`idTipo`,`Nombre`) VALUES (85,55,'Espectáculo Deportivo');
INSERT INTO `Tipo` (`idTipo`,`Nombre`) VALUES (86,56,'Vigilancia Bancaria');
INSERT INTO `Tipo` (`idTipo`,`Nombre`) VALUES (87,57,'Cumbre dirigencial');
INSERT INTO `Tipo` (`idTipo`,`Nombre`) VALUES (88,58,'Vigilancia Bancaria');
INSERT INTO `Tipo` (`idTipo`,`Nombre`) VALUES (89,59,'Vigilancia Bancaria');
INSERT INTO `Tipo` (`idTipo`,`Nombre`) VALUES (90,59,'Vigilancia Bancaria');
INSERT INTO `Tipo` (`idTipo`,`Nombre`) VALUES (91,60,'Espectáculo Deportivo');
INSERT INTO `Tipo` (`idTipo`,`Nombre`) VALUES (92,61,'Cumbre dirigencial');
INSERT INTO `Tipo` (`idTipo`,`Nombre`) VALUES (93,62,'Espectáculo Deportivo');
INSERT INTO `Tipo` (`idTipo`,`Nombre`) VALUES (94,63,'Cumbre dirigencial');
INSERT INTO `Tipo` (`idTipo`,`Nombre`) VALUES (95,64,'Hurto');
INSERT INTO `Tipo` (`idTipo`,`Nombre`) VALUES (96,64,'Vigilancia Bancaria');
INSERT INTO `Tipo` (`idTipo`,`Nombre`) VALUES (97,65,'Robo violento / asalto');
INSERT INTO `Tipo` (`idTipo`,`Nombre`) VALUES (98,65,'Secuestro');
INSERT INTO `Tipo` (`idTipo`,`Nombre`) VALUES (99,66,'Vigilancia Bancaria');
INSERT INTO `Tipo` (`idTipo`,`Nombre`) VALUES (100,66,'Tráfico');
INSERT INTO `Tipo` (`idTipo`,`Nombre`) VALUES (102,67,'Detección de estupefacientes');
INSERT INTO `Tipo` (`idTipo`,`Nombre`) VALUES (103,67,'Tráfico');
INSERT INTO `Tipo` (`idTipo`,`Nombre`) VALUES (104,68,'Vigilancia Bancaria');
INSERT INTO `Tipo` (`idTipo`,`Nombre`) VALUES (105,68,'Tráfico');
INSERT INTO `Tipo` (`idTipo`,`Nombre`) VALUES (106,69,'Pelea callejera');
INSERT INTO `Tipo` (`idTipo`,`Nombre`) VALUES (107,70,'Tráfico');
INSERT INTO `Tipo` (`idTipo`,`Nombre`) VALUES (108,70,'Vigilancia Bancaria');
INSERT INTO `Tipo` (`idTipo`,`Nombre`) VALUES (109,81,'Tráfico');
INSERT INTO `Tipo` (`idTipo`,`Nombre`) VALUES (110,82,'Seguridad especial');
INSERT INTO `Tipo` (`idTipo`,`Nombre`) VALUES (111,83,'Vigilancia Bancaria');
INSERT INTO `Tipo` (`idTipo`,`Nombre`) VALUES (112,84,'Pelea callejera');
INSERT INTO `Tipo` (`idTipo`,`Nombre`) VALUES (113,84,'Tráfico');
INSERT INTO `Tipo` (`idTipo`,`Nombre`) VALUES (114,85,'Vigilancia Bancaria');
INSERT INTO `Tipo` (`idTipo`,`Nombre`) VALUES (115,85,'Tráfico');
INSERT INTO `Tipo` (`idTipo`,`Nombre`) VALUES (116,86,'Seguridad especial');
INSERT INTO `Tipo` (`idTipo`,`Nombre`) VALUES (117,86,'Vigilancia Bancaria');
INSERT INTO `Tipo` (`idTipo`,`Nombre`) VALUES (118,87,'Vigilancia Bancaria');
INSERT INTO `Tipo` (`idTipo`,`Nombre`) VALUES (119,88,'Vigilancia callejera');
INSERT INTO `Tipo` (`idTipo`,`Nombre`) VALUES (120,88,'Hurto');
INSERT INTO `Tipo` (`idTipo`,`Nombre`) VALUES (121,89,'Robo violento / asalto');
INSERT INTO `Tipo` (`idTipo`,`Nombre`) VALUES (122,89,'Tráfico');
INSERT INTO `Tipo` (`idTipo`,`Nombre`) VALUES (123,90,'Hurto');
INSERT INTO `Tipo` (`idTipo`,`Nombre`) VALUES (124,90,'Vigilancia Bancaria');
INSERT INTO `Tipo` (`idTipo`,`Nombre`) VALUES (125,91,'Robo violento / asalto');
INSERT INTO `Tipo` (`idTipo`,`Nombre`) VALUES (126,92,'Secuestro');
INSERT INTO `Tipo` (`idTipo`,`Nombre`) VALUES (127,93,'Vigilancia Bancaria');
INSERT INTO `Tipo` (`idTipo`,`Nombre`) VALUES (128,94,'Tráfico');
INSERT INTO `Tipo` (`idTipo`,`Nombre`) VALUES (129,95,'Detección de estupefacientes');
INSERT INTO `Tipo` (`idTipo`,`Nombre`) VALUES (130,96,'Pelea callejera');
INSERT INTO `Tipo` (`idTipo`,`Nombre`) VALUES (131,96,'Tráfico');
INSERT INTO `Tipo` (`idTipo`,`Nombre`) VALUES (132,97,'Vigilancia Bancaria');
INSERT INTO `Tipo` (`idTipo`,`Nombre`) VALUES (133,98,'Tráfico');
INSERT INTO `Tipo` (`idTipo`,`Nombre`) VALUES (134,99,'Seguridad especial');
INSERT INTO `Tipo` (`idTipo`,`Nombre`) VALUES (135,24,'Vigilancia Bancaria');
INSERT INTO `Tipo` (`idTipo`,`Nombre`) VALUES (136,25,'Robo violento / asalto');
INSERT INTO `Tipo` (`idTipo`,`Nombre`) VALUES (137,25,'Secuestro');
INSERT INTO `Tipo` (`idTipo`,`Nombre`) VALUES (138,26,'Vigilancia Bancaria');
INSERT INTO `Tipo` (`idTipo`,`Nombre`) VALUES (139,26,'Tráfico');
INSERT INTO `Tipo` (`idTipo`,`Nombre`) VALUES (140,27,'Detección de estupefacientes');
INSERT INTO `Tipo` (`idTipo`,`Nombre`) VALUES (141,27,'Tráfico');
INSERT INTO `Tipo` (`idTipo`,`Nombre`) VALUES (142,28,'Vigilancia Bancaria');
INSERT INTO `Tipo` (`idTipo`,`Nombre`) VALUES (143,28,'Tráfico');
INSERT INTO `Tipo` (`idTipo`,`Nombre`) VALUES (144,29,'Pelea callejera');
INSERT INTO `Tipo` (`idTipo`,`Nombre`) VALUES (145,30,'Tráfico');
INSERT INTO `Tipo` (`idTipo`,`Nombre`) VALUES (146,30,'Vigilancia Bancaria');
INSERT INTO `Tipo` (`idTipo`,`Nombre`) VALUES (147,31,'Tráfico');
INSERT INTO `Tipo` (`idTipo`,`Nombre`) VALUES (148,32,'Seguridad especial');
INSERT INTO `Tipo` (`idTipo`,`Nombre`) VALUES (149,33,'Vigilancia Bancaria');
INSERT INTO `Tipo` (`idTipo`,`Nombre`) VALUES (150,34,'Vigilancia callejera');
INSERT INTO `Tipo` (`idTipo`,`Nombre`) VALUES (151,34,'Tráfico');
INSERT INTO `Tipo` (`idTipo`,`Nombre`) VALUES (152,35,'Vigilancia Bancaria');
INSERT INTO `Tipo` (`idTipo`,`Nombre`) VALUES (153,35,'Tráfico');
INSERT INTO `Tipo` (`idTipo`,`Nombre`) VALUES (154,36,'Seguridad especial');
INSERT INTO `Tipo` (`idTipo`,`Nombre`) VALUES (155,37,'Vigilancia Bancaria');
INSERT INTO `Tipo` (`idTipo`,`Nombre`) VALUES (156,38,'Vigilancia callejera');
INSERT INTO `Tipo` (`idTipo`,`Nombre`) VALUES (157,39,'Seguridad especial');
INSERT INTO `Tipo` (`idTipo`,`Nombre`) VALUES (158,40,'Vigilancia callejera');
INSERT INTO `Tipo` (`idTipo`,`Nombre`) VALUES (159,40,'Espectáculo Deportivo');
INSERT INTO `Tipo` (`idTipo`,`Nombre`) VALUES (160,41,'Cumbre dirigencial');
INSERT INTO `Tipo` (`idTipo`,`Nombre`) VALUES (161,42,'Espectáculo Deportivo');
INSERT INTO `Tipo` (`idTipo`,`Nombre`) VALUES (162,42,'Cumbre dirigencial');
INSERT INTO `Tipo` (`idTipo`,`Nombre`) VALUES (163,43,'Hurto');
INSERT INTO `Tipo` (`idTipo`,`Nombre`) VALUES (164,43,'Vigilancia Bancaria');
INSERT INTO `Tipo` (`idTipo`,`Nombre`) VALUES (165,44,'Robo violento / asalto');
INSERT INTO `Tipo` (`idTipo`,`Nombre`) VALUES (166,44,'Secuestro');
INSERT INTO `Tipo` (`idTipo`,`Nombre`) VALUES (167,45,'Vigilancia Bancaria');
INSERT INTO `Tipo` (`idTipo`,`Nombre`) VALUES (168,45,'Tráfico');
INSERT INTO `Tipo` (`idTipo`,`Nombre`) VALUES (169,46,'Detección de estupefacientes');
INSERT INTO `Tipo` (`idTipo`,`Nombre`) VALUES (170,46,'Tráfico');
INSERT INTO `Tipo` (`idTipo`,`Nombre`) VALUES (171,47,'Vigilancia Bancaria');
INSERT INTO `Tipo` (`idTipo`,`Nombre`) VALUES (172,47,'Tráfico');
INSERT INTO `Tipo` (`idTipo`,`Nombre`) VALUES (173,48,'Pelea callejera');
INSERT INTO `Tipo` (`idTipo`,`Nombre`) VALUES (174,48,'Tráfico');
INSERT INTO `Tipo` (`idTipo`,`Nombre`) VALUES (175,49,'Vigilancia Bancaria');
INSERT INTO `Tipo` (`idTipo`,`Nombre`) VALUES (176,49,'Tráfico');
INSERT INTO `Tipo` (`idTipo`,`Nombre`) VALUES (177,50,'Seguridad especial');
INSERT INTO `Tipo` (`idTipo`,`Nombre`) VALUES (178,50,'Vigilancia Bancaria');
INSERT INTO `Tipo` (`idTipo`,`Nombre`) VALUES (179,51,'Vigilancia callejera');
INSERT INTO `Tipo` (`idTipo`,`Nombre`) VALUES (180,51,'Hurto');
INSERT INTO `Tipo` (`idTipo`,`Nombre`) VALUES (181,51,'Robo violento / asalto');
INSERT INTO `Tipo` (`idTipo`,`Nombre`) VALUES (182,52,'Tráfico');
INSERT INTO `Tipo` (`idTipo`,`Nombre`) VALUES (183,53,'Tráfico');
INSERT INTO `Tipo` (`idTipo`,`Nombre`) VALUES (184,54,'Vigilancia Bancaria');
INSERT INTO `Tipo` (`idTipo`,`Nombre`) VALUES (185,55,'Espectáculo Deportivo');
INSERT INTO `Tipo` (`idTipo`,`Nombre`) VALUES (186,56,'Vigilancia Bancaria');
INSERT INTO `Tipo` (`idTipo`,`Nombre`) VALUES (187,57,'Cumbre dirigencial');
INSERT INTO `Tipo` (`idTipo`,`Nombre`) VALUES (188,58,'Vigilancia Bancaria');
INSERT INTO `Tipo` (`idTipo`,`Nombre`) VALUES (189,59,'Vigilancia Bancaria');
INSERT INTO `Tipo` (`idTipo`,`Nombre`) VALUES (190,59,'Vigilancia Bancaria');
INSERT INTO `Tipo` (`idTipo`,`Nombre`) VALUES (191,60,'Espectáculo Deportivo');
INSERT INTO `Tipo` (`idTipo`,`Nombre`) VALUES (192,61,'Cumbre dirigencial');
INSERT INTO `Tipo` (`idTipo`,`Nombre`) VALUES (193,62,'Espectáculo Deportivo');
INSERT INTO `Tipo` (`idTipo`,`Nombre`) VALUES (194,63,'Cumbre dirigencial');
INSERT INTO `Tipo` (`idTipo`,`Nombre`) VALUES (195,64,'Hurto');
INSERT INTO `Tipo` (`idTipo`,`Nombre`) VALUES (196,64,'Vigilancia Bancaria');
INSERT INTO `Tipo` (`idTipo`,`Nombre`) VALUES (197,65,'Robo violento / asalto');
INSERT INTO `Tipo` (`idTipo`,`Nombre`) VALUES (198,65,'Secuestro');
INSERT INTO `Tipo` (`idTipo`,`Nombre`) VALUES (199,66,'Vigilancia Bancaria');
INSERT INTO `Tipo` (`idTipo`,`Nombre`) VALUES (200,66,'Tráfico');
INSERT INTO `Tipo` (`idTipo`,`Nombre`) VALUES (202,67,'Detección de estupefacientes');
INSERT INTO `Tipo` (`idTipo`,`Nombre`) VALUES (203,67,'Tráfico');
INSERT INTO `Tipo` (`idTipo`,`Nombre`) VALUES (204,68,'Vigilancia Bancaria');
INSERT INTO `Tipo` (`idTipo`,`Nombre`) VALUES (205,68,'Tráfico');
INSERT INTO `Tipo` (`idTipo`,`Nombre`) VALUES (206,69,'Pelea callejera');
INSERT INTO `Tipo` (`idTipo`,`Nombre`) VALUES (207,70,'Tráfico');
INSERT INTO `Tipo` (`idTipo`,`Nombre`) VALUES (208,70,'Vigilancia Bancaria');
INSERT INTO `Tipo` (`idTipo`,`Nombre`) VALUES (209,81,'Tráfico');
INSERT INTO `Tipo` (`idTipo`,`Nombre`) VALUES (210,82,'Seguridad especial');
INSERT INTO `Tipo` (`idTipo`,`Nombre`) VALUES (211,83,'Vigilancia Bancaria');
INSERT INTO `Tipo` (`idTipo`,`Nombre`) VALUES (212,84,'Pelea callejera');


INSERT INTO `Designacion` (`idDesignacion`,`num`) VALUES(0,0);
INSERT INTO `Designacion` (`idDesignacion`,`num`) VALUES(1,0);
INSERT INTO `Designacion` (`idDesignacion`,`num`) VALUES(2,0);
INSERT INTO `Designacion` (`idDesignacion`,`num`) VALUES(3,1);
INSERT INTO `Designacion` (`idDesignacion`,`num`) VALUES(4,2);
INSERT INTO `Designacion` (`idDesignacion`,`num`) VALUES(5,2);
INSERT INTO `Designacion` (`idDesignacion`,`num`) VALUES(6,2);
INSERT INTO `Designacion` (`idDesignacion`,`num`) VALUES(7,2);
INSERT INTO `Designacion` (`idDesignacion`,`num`) VALUES(8,2);
INSERT INTO `Designacion` (`idDesignacion`,`num`) VALUES(9,2);
INSERT INTO `Designacion` (`idDesignacion`,`num`) VALUES(10,3);
INSERT INTO `Designacion` (`idDesignacion`,`num`) VALUES(11,3);
INSERT INTO `Designacion` (`idDesignacion`,`num`) VALUES(12,3);
INSERT INTO `Designacion` (`idDesignacion`,`num`) VALUES(13,4);
INSERT INTO `Designacion` (`idDesignacion`,`num`) VALUES(14,5);
INSERT INTO `Designacion` (`idDesignacion`,`num`) VALUES(15,5);
INSERT INTO `Designacion` (`idDesignacion`,`num`) VALUES(16,7);
INSERT INTO `Designacion` (`idDesignacion`,`num`) VALUES(17,7);
INSERT INTO `Designacion` (`idDesignacion`,`num`) VALUES(18,7);
INSERT INTO `Designacion` (`idDesignacion`,`num`) VALUES(19,8);
INSERT INTO `Designacion` (`idDesignacion`,`num`) VALUES(20,9);
INSERT INTO `Designacion` (`idDesignacion`,`num`) VALUES(21,10);
INSERT INTO `Designacion` (`idDesignacion`,`num`) VALUES(22,11);
INSERT INTO `Designacion` (`idDesignacion`,`num`) VALUES(23,11);
INSERT INTO `Designacion` (`idDesignacion`,`num`) VALUES(24,11);
INSERT INTO `Designacion` (`idDesignacion`,`num`) VALUES(25,12);
INSERT INTO `Designacion` (`idDesignacion`,`num`) VALUES(26,12);
INSERT INTO `Designacion` (`idDesignacion`,`num`) VALUES(27,13);
INSERT INTO `Designacion` (`idDesignacion`,`num`) VALUES(28,13);
INSERT INTO `Designacion` (`idDesignacion`,`num`) VALUES(29,15);
INSERT INTO `Designacion` (`idDesignacion`,`num`) VALUES(30,16);
INSERT INTO `Designacion` (`idDesignacion`,`num`) VALUES(31,16);
INSERT INTO `Designacion` (`idDesignacion`,`num`) VALUES(32,16);
INSERT INTO `Designacion` (`idDesignacion`,`num`) VALUES(33,16);
INSERT INTO `Designacion` (`idDesignacion`,`num`) VALUES(34,16);
INSERT INTO `Designacion` (`idDesignacion`,`num`) VALUES(35,16);
INSERT INTO `Designacion` (`idDesignacion`,`num`) VALUES(36,16);
INSERT INTO `Designacion` (`idDesignacion`,`num`) VALUES(37,17);
INSERT INTO `Designacion` (`idDesignacion`,`num`) VALUES(38,17);
INSERT INTO `Designacion` (`idDesignacion`,`num`) VALUES(39,18);
INSERT INTO `Designacion` (`idDesignacion`,`num`) VALUES(40,18);
INSERT INTO `Designacion` (`idDesignacion`,`num`) VALUES(41,18);
INSERT INTO `Designacion` (`idDesignacion`,`num`) VALUES(42,18);
INSERT INTO `Designacion` (`idDesignacion`,`num`) VALUES(43,18);
INSERT INTO `Designacion` (`idDesignacion`,`num`) VALUES(44,18);
INSERT INTO `Designacion` (`idDesignacion`,`num`) VALUES(45,18);
INSERT INTO `Designacion` (`idDesignacion`,`num`) VALUES(46,18);
INSERT INTO `Designacion` (`idDesignacion`,`num`) VALUES(47,18);
INSERT INTO `Designacion` (`idDesignacion`,`num`) VALUES(48,18);
INSERT INTO `Designacion` (`idDesignacion`,`num`) VALUES(49,19);
INSERT INTO `Designacion` (`idDesignacion`,`num`) VALUES(50,19);
INSERT INTO `Designacion` (`idDesignacion`,`num`) VALUES(51,20);
INSERT INTO `Designacion` (`idDesignacion`,`num`) VALUES(52,20);
INSERT INTO `Designacion` (`idDesignacion`,`num`) VALUES(53,20);
INSERT INTO `Designacion` (`idDesignacion`,`num`) VALUES(54,20);
INSERT INTO `Designacion` (`idDesignacion`,`num`) VALUES(55,20);
INSERT INTO `Designacion` (`idDesignacion`,`num`) VALUES(56,20);
INSERT INTO `Designacion` (`idDesignacion`,`num`) VALUES(57,21);
INSERT INTO `Designacion` (`idDesignacion`,`num`) VALUES(58,21);
INSERT INTO `Designacion` (`idDesignacion`,`num`) VALUES(59,21);
INSERT INTO `Designacion` (`idDesignacion`,`num`) VALUES(60,22);
INSERT INTO `Designacion` (`idDesignacion`,`num`) VALUES(61,22);
INSERT INTO `Designacion` (`idDesignacion`,`num`) VALUES(62,23);
INSERT INTO `Designacion` (`idDesignacion`,`num`) VALUES(63,23);
INSERT INTO `Designacion` (`idDesignacion`,`num`) VALUES(64,23);
INSERT INTO `Designacion` (`idDesignacion`,`num`) VALUES(65,23);
INSERT INTO `Designacion` (`idDesignacion`,`num`) VALUES(66,23);
INSERT INTO `Designacion` (`idDesignacion`,`num`) VALUES(67,23);
INSERT INTO `Designacion` (`idDesignacion`,`num`) VALUES(68,23);
INSERT INTO `Designacion` (`idDesignacion`,`num`) VALUES(69,23);
INSERT INTO `Designacion` (`idDesignacion`,`num`) VALUES(70,23);
INSERT INTO `Designacion` (`idDesignacion`,`num`) VALUES(71,23);
INSERT INTO `Designacion` (`idDesignacion`,`num`) VALUES(72,23);
INSERT INTO `Designacion` (`idDesignacion`,`num`) VALUES(73,23);
INSERT INTO `Designacion` (`idDesignacion`,`num`) VALUES(74,24);
INSERT INTO `Designacion` (`idDesignacion`,`num`) VALUES(75,24);
INSERT INTO `Designacion` (`idDesignacion`,`num`) VALUES(76,24);
INSERT INTO `Designacion` (`idDesignacion`,`num`) VALUES(77,24);
INSERT INTO `Designacion` (`idDesignacion`,`num`) VALUES(78,25);
INSERT INTO `Designacion` (`idDesignacion`,`num`) VALUES(79,25);
INSERT INTO `Designacion` (`idDesignacion`,`num`) VALUES(80,25);
INSERT INTO `Designacion` (`idDesignacion`,`num`) VALUES(81,25);
INSERT INTO `Designacion` (`idDesignacion`,`num`) VALUES(82,25);
INSERT INTO `Designacion` (`idDesignacion`,`num`) VALUES(83,25);
INSERT INTO `Designacion` (`idDesignacion`,`num`) VALUES(84,26);
INSERT INTO `Designacion` (`idDesignacion`,`num`) VALUES(85,27);
INSERT INTO `Designacion` (`idDesignacion`,`num`) VALUES(86,27);
INSERT INTO `Designacion` (`idDesignacion`,`num`) VALUES(87,27);
INSERT INTO `Designacion` (`idDesignacion`,`num`) VALUES(88,28);
INSERT INTO `Designacion` (`idDesignacion`,`num`) VALUES(89,28);
INSERT INTO `Designacion` (`idDesignacion`,`num`) VALUES(90,29);
INSERT INTO `Designacion` (`idDesignacion`,`num`) VALUES(91,29);
INSERT INTO `Designacion` (`idDesignacion`,`num`) VALUES(92,29);
INSERT INTO `Designacion` (`idDesignacion`,`num`) VALUES(93,30);
INSERT INTO `Designacion` (`idDesignacion`,`num`) VALUES(94,30);
INSERT INTO `Designacion` (`idDesignacion`,`num`) VALUES(95,30);
INSERT INTO `Designacion` (`idDesignacion`,`num`) VALUES(96,31);
INSERT INTO `Designacion` (`idDesignacion`,`num`) VALUES(97,31);
INSERT INTO `Designacion` (`idDesignacion`,`num`) VALUES(98,32);
INSERT INTO `Designacion` (`idDesignacion`,`num`) VALUES(99,33);
INSERT INTO `Designacion` (`idDesignacion`,`num`) VALUES(100,33);
INSERT INTO `Designacion` (`idDesignacion`,`num`) VALUES(101,34);
INSERT INTO `Designacion` (`idDesignacion`,`num`) VALUES(102,34);
INSERT INTO `Designacion` (`idDesignacion`,`num`) VALUES(103,35);
INSERT INTO `Designacion` (`idDesignacion`,`num`) VALUES(104,35);
INSERT INTO `Designacion` (`idDesignacion`,`num`) VALUES(105,35);
INSERT INTO `Designacion` (`idDesignacion`,`num`) VALUES(106,36);
INSERT INTO `Designacion` (`idDesignacion`,`num`) VALUES(107,36);
INSERT INTO `Designacion` (`idDesignacion`,`num`) VALUES(108,37);
INSERT INTO `Designacion` (`idDesignacion`,`num`) VALUES(109,39);
INSERT INTO `Designacion` (`idDesignacion`,`num`) VALUES(110,39);
INSERT INTO `Designacion` (`idDesignacion`,`num`) VALUES(111,39);
INSERT INTO `Designacion` (`idDesignacion`,`num`) VALUES(112,39);
INSERT INTO `Designacion` (`idDesignacion`,`num`) VALUES(113,40);
INSERT INTO `Designacion` (`idDesignacion`,`num`) VALUES(114,40);
INSERT INTO `Designacion` (`idDesignacion`,`num`) VALUES(115,40);
INSERT INTO `Designacion` (`idDesignacion`,`num`) VALUES(116,40);
INSERT INTO `Designacion` (`idDesignacion`,`num`) VALUES(117,40);
INSERT INTO `Designacion` (`idDesignacion`,`num`) VALUES(118,40);
INSERT INTO `Designacion` (`idDesignacion`,`num`) VALUES(119,40);
INSERT INTO `Designacion` (`idDesignacion`,`num`) VALUES(120,40);
INSERT INTO `Designacion` (`idDesignacion`,`num`) VALUES(121,40);
INSERT INTO `Designacion` (`idDesignacion`,`num`) VALUES(122,41);
INSERT INTO `Designacion` (`idDesignacion`,`num`) VALUES(123,41);
INSERT INTO `Designacion` (`idDesignacion`,`num`) VALUES(124,41);
INSERT INTO `Designacion` (`idDesignacion`,`num`) VALUES(125,42);
INSERT INTO `Designacion` (`idDesignacion`,`num`) VALUES(126,42);
INSERT INTO `Designacion` (`idDesignacion`,`num`) VALUES(127,43);
INSERT INTO `Designacion` (`idDesignacion`,`num`) VALUES(128,43);
INSERT INTO `Designacion` (`idDesignacion`,`num`) VALUES(129,45);
INSERT INTO `Designacion` (`idDesignacion`,`num`) VALUES(130,46);
INSERT INTO `Designacion` (`idDesignacion`,`num`) VALUES(131,46);
INSERT INTO `Designacion` (`idDesignacion`,`num`) VALUES(132,46);
INSERT INTO `Designacion` (`idDesignacion`,`num`) VALUES(133,46);
INSERT INTO `Designacion` (`idDesignacion`,`num`) VALUES(134,46);
INSERT INTO `Designacion` (`idDesignacion`,`num`) VALUES(135,46);
INSERT INTO `Designacion` (`idDesignacion`,`num`) VALUES(136,46);
INSERT INTO `Designacion` (`idDesignacion`,`num`) VALUES(137,47);
INSERT INTO `Designacion` (`idDesignacion`,`num`) VALUES(138,47);
INSERT INTO `Designacion` (`idDesignacion`,`num`) VALUES(139,48);
INSERT INTO `Designacion` (`idDesignacion`,`num`) VALUES(140,48);
INSERT INTO `Designacion` (`idDesignacion`,`num`) VALUES(141,48);
INSERT INTO `Designacion` (`idDesignacion`,`num`) VALUES(142,48);
INSERT INTO `Designacion` (`idDesignacion`,`num`) VALUES(143,48);
INSERT INTO `Designacion` (`idDesignacion`,`num`) VALUES(144,48);
INSERT INTO `Designacion` (`idDesignacion`,`num`) VALUES(145,48);
INSERT INTO `Designacion` (`idDesignacion`,`num`) VALUES(146,48);
INSERT INTO `Designacion` (`idDesignacion`,`num`) VALUES(147,48);
INSERT INTO `Designacion` (`idDesignacion`,`num`) VALUES(148,48);
INSERT INTO `Designacion` (`idDesignacion`,`num`) VALUES(149,49);
INSERT INTO `Designacion` (`idDesignacion`,`num`) VALUES(150,49);
INSERT INTO `Designacion` (`idDesignacion`,`num`) VALUES(151,50);
INSERT INTO `Designacion` (`idDesignacion`,`num`) VALUES(152,50);
INSERT INTO `Designacion` (`idDesignacion`,`num`) VALUES(153,50);
INSERT INTO `Designacion` (`idDesignacion`,`num`) VALUES(154,50);
INSERT INTO `Designacion` (`idDesignacion`,`num`) VALUES(155,50);
INSERT INTO `Designacion` (`idDesignacion`,`num`) VALUES(156,50);
INSERT INTO `Designacion` (`idDesignacion`,`num`) VALUES(157,51);
INSERT INTO `Designacion` (`idDesignacion`,`num`) VALUES(158,51);
INSERT INTO `Designacion` (`idDesignacion`,`num`) VALUES(159,51);
INSERT INTO `Designacion` (`idDesignacion`,`num`) VALUES(160,52);
INSERT INTO `Designacion` (`idDesignacion`,`num`) VALUES(161,52);
INSERT INTO `Designacion` (`idDesignacion`,`num`) VALUES(162,53);
INSERT INTO `Designacion` (`idDesignacion`,`num`) VALUES(163,53);
INSERT INTO `Designacion` (`idDesignacion`,`num`) VALUES(164,53);
INSERT INTO `Designacion` (`idDesignacion`,`num`) VALUES(165,53);
INSERT INTO `Designacion` (`idDesignacion`,`num`) VALUES(166,53);
INSERT INTO `Designacion` (`idDesignacion`,`num`) VALUES(167,53);
INSERT INTO `Designacion` (`idDesignacion`,`num`) VALUES(168,53);
INSERT INTO `Designacion` (`idDesignacion`,`num`) VALUES(169,53);
INSERT INTO `Designacion` (`idDesignacion`,`num`) VALUES(170,53);
INSERT INTO `Designacion` (`idDesignacion`,`num`) VALUES(171,53);
INSERT INTO `Designacion` (`idDesignacion`,`num`) VALUES(172,53);
INSERT INTO `Designacion` (`idDesignacion`,`num`) VALUES(173,53);
INSERT INTO `Designacion` (`idDesignacion`,`num`) VALUES(174,54);
INSERT INTO `Designacion` (`idDesignacion`,`num`) VALUES(175,54);
INSERT INTO `Designacion` (`idDesignacion`,`num`) VALUES(176,54);
INSERT INTO `Designacion` (`idDesignacion`,`num`) VALUES(177,54);
INSERT INTO `Designacion` (`idDesignacion`,`num`) VALUES(178,55);
INSERT INTO `Designacion` (`idDesignacion`,`num`) VALUES(179,55);
INSERT INTO `Designacion` (`idDesignacion`,`num`) VALUES(180,55);
INSERT INTO `Designacion` (`idDesignacion`,`num`) VALUES(181,55);
INSERT INTO `Designacion` (`idDesignacion`,`num`) VALUES(182,55);
INSERT INTO `Designacion` (`idDesignacion`,`num`) VALUES(183,55);
INSERT INTO `Designacion` (`idDesignacion`,`num`) VALUES(184,56);
INSERT INTO `Designacion` (`idDesignacion`,`num`) VALUES(185,57);
INSERT INTO `Designacion` (`idDesignacion`,`num`) VALUES(186,57);
INSERT INTO `Designacion` (`idDesignacion`,`num`) VALUES(187,57);
INSERT INTO `Designacion` (`idDesignacion`,`num`) VALUES(188,58);
INSERT INTO `Designacion` (`idDesignacion`,`num`) VALUES(189,58);
INSERT INTO `Designacion` (`idDesignacion`,`num`) VALUES(190,59);
INSERT INTO `Designacion` (`idDesignacion`,`num`) VALUES(191,59);
INSERT INTO `Designacion` (`idDesignacion`,`num`) VALUES(192,59);
INSERT INTO `Designacion` (`idDesignacion`,`num`) VALUES(193,60);
INSERT INTO `Designacion` (`idDesignacion`,`num`) VALUES(194,60);
INSERT INTO `Designacion` (`idDesignacion`,`num`) VALUES(195,60);
INSERT INTO `Designacion` (`idDesignacion`,`num`) VALUES(196,61);
INSERT INTO `Designacion` (`idDesignacion`,`num`) VALUES(197,61);
INSERT INTO `Designacion` (`idDesignacion`,`num`) VALUES(198,62);
INSERT INTO `Designacion` (`idDesignacion`,`num`) VALUES(199,63);
INSERT INTO `Designacion` (`idDesignacion`,`num`) VALUES(200,63);
INSERT INTO `Designacion` (`idDesignacion`,`num`) VALUES(201,64);
INSERT INTO `Designacion` (`idDesignacion`,`num`) VALUES(202,64);
INSERT INTO `Designacion` (`idDesignacion`,`num`) VALUES(203,65);
INSERT INTO `Designacion` (`idDesignacion`,`num`) VALUES(204,65);
INSERT INTO `Designacion` (`idDesignacion`,`num`) VALUES(205,65);
INSERT INTO `Designacion` (`idDesignacion`,`num`) VALUES(206,66);
INSERT INTO `Designacion` (`idDesignacion`,`num`) VALUES(207,66);
INSERT INTO `Designacion` (`idDesignacion`,`num`) VALUES(208,67);
INSERT INTO `Designacion` (`idDesignacion`,`num`) VALUES(209,69);
INSERT INTO `Designacion` (`idDesignacion`,`num`) VALUES(210,69);
INSERT INTO `Designacion` (`idDesignacion`,`num`) VALUES(211,69);
INSERT INTO `Designacion` (`idDesignacion`,`num`) VALUES(212,69);

INSERT INTO `Oficial` (`num`,`Datos`,`Fecha`,`Rango`,`idDepartamento`) VALUES (0,'Carlos Pérez','2010-01-01','Oficial',0);
INSERT INTO `Oficial` (`num`,`Datos`,`Fecha`,`Rango`,`idDepartamento`) VALUES (1,'Roberto Peluso','2010-02-01','Oficial',1)
INSERT INTO `Oficial` (`num`,`Datos`,`Fecha`,`Rango`,`idDepartamento`) VALUES (2,'Lucrecia Tarquino','2010-03-01','Oficial',2);
INSERT INTO `Oficial` (`num`,`Datos`,`Fecha`,`Rango`,`idDepartamento`) VALUES (3,'Jorge Alba','2010-04-01','Oficial',3);
INSERT INTO `Oficial` (`num`,`Datos`,`Fecha`,`Rango`,`idDepartamento`) VALUES (4,'Carlos Fuentes','2010-05-01','Oficial',4);
INSERT INTO `Oficial` (`num`,`Datos`,`Fecha`,`Rango`,`idDepartamento`) VALUES (5,'Juan de la Palmira','2010-06-01','Oficial',5);
INSERT INTO `Oficial` (`num`,`Datos`,`Fecha`,`Rango`,`idDepartamento`) VALUES (6,'Raúl Bermúdez','2010-07-01','Oficial',6);
INSERT INTO `Oficial` (`num`,`Datos`,`Fecha`,`Rango`,`idDepartamento`) VALUES (7,'María Bermúdez','2010-08-01','Oficial',7);
INSERT INTO `Oficial` (`num`,`Datos`,`Fecha`,`Rango`,`idDepartamento`) VALUES (8,'Mercedes Domínguez','2010-09-01','Oficial',8);
INSERT INTO `Oficial` (`num`,`Datos`,`Fecha`,`Rango`,`idDepartamento`) VALUES (9,'Jaime Resero','2010-10-01','Oficial',9);
INSERT INTO `Oficial` (`num`,`Datos`,`Fecha`,`Rango`,`idDepartamento`) VALUES (10,'Raúl Bonessi','2010-11-01','Oficial',10);
INSERT INTO `Oficial` (`num`,`Datos`,`Fecha`,`Rango`,`idDepartamento`) VALUES (11,'Gonzalo Salvio','2010-12-01','Oficial',11);
INSERT INTO `Oficial` (`num`,`Datos`,`Fecha`,`Rango`,`idDepartamento`) VALUES (12,'Gastón Zurita','2010-01-01','Oficial',12);
INSERT INTO `Oficial` (`num`,`Datos`,`Fecha`,`Rango`,`idDepartamento`) VALUES (13,'Martín Colón','2010-02-01','Oficial',0);
INSERT INTO `Oficial` (`num`,`Datos`,`Fecha`,`Rango`,`idDepartamento`) VALUES (14,'Pablo Falcioni','2010-03-01','Oficial',1);
INSERT INTO `Oficial` (`num`,`Datos`,`Fecha`,`Rango`,`idDepartamento`) VALUES (15,'Alcides Sánchez','2010-04-01','Oficial',2);
INSERT INTO `Oficial` (`num`,`Datos`,`Fecha`,`Rango`,`idDepartamento`) VALUES (16,'Gabriel Miranda','2010-05-01','Oficial',3);
INSERT INTO `Oficial` (`num`,`Datos`,`Fecha`,`Rango`,`idDepartamento`) VALUES (17,'Celeste Stronati','2010-06-01','Oficial',4);
INSERT INTO `Oficial` (`num`,`Datos`,`Fecha`,`Rango`,`idDepartamento`) VALUES (18,'Patricia di Palma','2010-07-01','Oficial',5);
INSERT INTO `Oficial` (`num`,`Datos`,`Fecha`,`Rango`,`idDepartamento`) VALUES (19,'Damián Santos','2010-08-01','Oficial',6);
INSERT INTO `Oficial` (`num`,`Datos`,`Fecha`,`Rango`,`idDepartamento`) VALUES (20,'Alfio Alonso','2010-09-01','Oficial',7);
INSERT INTO `Oficial` (`num`,`Datos`,`Fecha`,`Rango`,`idDepartamento`) VALUES (21,'Sebastián García','2011-02-01','Oficial',8);
INSERT INTO `Oficial` (`num`,`Datos`,`Fecha`,`Rango`,`idDepartamento`) VALUES (22,'Agustín Galarza','2011-03-01','Oficial',9);
INSERT INTO `Oficial` (`num`,`Datos`,`Fecha`,`Rango`,`idDepartamento`) VALUES (23,'Ariel Mussari','2011-03-01','Sargento',10);
INSERT INTO `Oficial` (`num`,`Datos`,`Fecha`,`Rango`,`idDepartamento`) VALUES (24,'Christian Mussari','2011-04-01','Sargento',11);
INSERT INTO `Oficial` (`num`,`Datos`,`Fecha`,`Rango`,`idDepartamento`) VALUES (25,'Juan Cruz Robledo','2011-04-01','Sargento',12);
INSERT INTO `Oficial` (`num`,`Datos`,`Fecha`,`Rango`,`idDepartamento`) VALUES (26,'Franco Murcia','2011-04-01','Sargento',1);
INSERT INTO `Oficial` (`num`,`Datos`,`Fecha`,`Rango`,`idDepartamento`) VALUES (27,'Guillermo Montero','2011-06-01','Sargento',2);
INSERT INTO `Oficial` (`num`,`Datos`,`Fecha`,`Rango`,`idDepartamento`) VALUES (28,'Rubén Luchetti','2011-07-01','Sargento',3);
INSERT INTO `Oficial` (`num`,`Datos`,`Fecha`,`Rango`,`idDepartamento`) VALUES (29,'Alan Grinsky','2013-08-01','Sargento',4);
INSERT INTO `Oficial` (`num`,`Datos`,`Fecha`,`Rango`,`idDepartamento`) VALUES (30,'Matías Goldstein','2014-09-01','Subteniente',5);
INSERT INTO `Oficial` (`num`,`Datos`,`Fecha`,`Rango`,`idDepartamento`) VALUES (31,'Iván Carrillo','2014-10-01','Subteniente',6);
INSERT INTO `Oficial` (`num`,`Datos`,`Fecha`,`Rango`,`idDepartamento`) VALUES (32,'Bruno Jerusalén','2014-11-01','Subteniente',7);
INSERT INTO `Oficial` (`num`,`Datos`,`Fecha`,`Rango`,`idDepartamento`) VALUES (33,'Tomás Yabrán','2014-12-01','Subteniente',8);
INSERT INTO `Oficial` (`num`,`Datos`,`Fecha`,`Rango`,`idDepartamento`) VALUES (34,'Andrés San Martín','2014-01-01','Subteniente',9);
INSERT INTO `Oficial` (`num`,`Datos`,`Fecha`,`Rango`,`idDepartamento`) VALUES (35,'Karina Montoya','2014-01-01','Subteniente',10);
INSERT INTO `Oficial` (`num`,`Datos`,`Fecha`,`Rango`,`idDepartamento`) VALUES (36,'Ernesto Rodríguez','2013-01-01','Subteniente',11);
INSERT INTO `Oficial` (`num`,`Datos`,`Fecha`,`Rango`,`idDepartamento`) VALUES (37,'Raúl Pusiani','2013-02-01','Subteniente',12);
INSERT INTO `Oficial` (`num`,`Datos`,`Fecha`,`Rango`,`idDepartamento`) VALUES (38,'Vicente Pérez','2013-02-01','Subteniente',0);
INSERT INTO `Oficial` (`num`,`Datos`,`Fecha`,`Rango`,`idDepartamento`) VALUES (39,'Selma Laurante','2010-02-01','Subteniente',0);
INSERT INTO `Oficial` (`num`,`Datos`,`Fecha`,`Rango`,`idDepartamento`) VALUES (40,'Bautista Delgado','2013-03-01','Oficial',1);
INSERT INTO `Oficial` (`num`,`Datos`,`Fecha`,`Rango`,`idDepartamento`) VALUES (41,'Kevin Ramírez','2014-04-01','Oficial',2);
INSERT INTO `Oficial` (`num`,`Datos`,`Fecha`,`Rango`,`idDepartamento`) VALUES (42,'Carlos Buenaventura','2015-05-01','Oficial',3);
INSERT INTO `Oficial` (`num`,`Datos`,`Fecha`,`Rango`,`idDepartamento`) VALUES (43,'Ricardo Diáfano','2015-06-01','Oficial',4);
INSERT INTO `Oficial` (`num`,`Datos`,`Fecha`,`Rango`,`idDepartamento`) VALUES (44,'María Bottana','2015-07-01','Oficial',5);
INSERT INTO `Oficial` (`num`,`Datos`,`Fecha`,`Rango`,`idDepartamento`) VALUES (45,'Laura di Marco','2015-08-01','Oficial',6);
INSERT INTO `Oficial` (`num`,`Datos`,`Fecha`,`Rango`,`idDepartamento`) VALUES (46,'Paula Kuhn','2015-08-01','Oficial',7);
INSERT INTO `Oficial` (`num`,`Datos`,`Fecha`,`Rango`,`idDepartamento`) VALUES (47,'Geremías Ferrari','2015-08-01','Oficial',8);
INSERT INTO `Oficial` (`num`,`Datos`,`Fecha`,`Rango`,`idDepartamento`) VALUES (48,'Gustavo Ferreira','2015-09-01','Oficial',9);
INSERT INTO `Oficial` (`num`,`Datos`,`Fecha`,`Rango`,`idDepartamento`) VALUES (49,'Johnatan de Brian','2015-09-01','Oficial',10);
INSERT INTO `Oficial` (`num`,`Datos`,`Fecha`,`Rango`,`idDepartamento`) VALUES (50,'Brian Silente','2015-10-01','Oficial',11);
INSERT INTO `Oficial` (`num`,`Datos`,`Fecha`,`Rango`,`idDepartamento`) VALUES (51,'Jesús Monteverde','2017-02-01','Oficial',12);
INSERT INTO `Oficial` (`num`,`Datos`,`Fecha`,`Rango`,`idDepartamento`) VALUES (52,'Jorge Quindimil','2017-03-01','Oficial',0);
INSERT INTO `Oficial` (`num`,`Datos`,`Fecha`,`Rango`,`idDepartamento`) VALUES (53,'Julián Quindimil','2017-03-01','Oficial',1);
INSERT INTO `Oficial` (`num`,`Datos`,`Fecha`,`Rango`,`idDepartamento`) VALUES (54,'Sandra Fua','2011-03-01','Sargento',2);
INSERT INTO `Oficial` (`num`,`Datos`,`Fecha`,`Rango`,`idDepartamento`) VALUES (55,'Romina Peralta','2011-01-01','Sargento',3);
INSERT INTO `Oficial` (`num`,`Datos`,`Fecha`,`Rango`,`idDepartamento`) VALUES (56,'Tobías Moyano','2011-01-01','Sargento',4);
INSERT INTO `Oficial` (`num`,`Datos`,`Fecha`,`Rango`,`idDepartamento`) VALUES (57,'Laura Matos','2011-01-01','Sargento',5);
INSERT INTO `Oficial` (`num`,`Datos`,`Fecha`,`Rango`,`idDepartamento`) VALUES (58,'Diana Caballero','2011-12-01','Sargento',6);
INSERT INTO `Oficial` (`num`,`Datos`,`Fecha`,`Rango`,`idDepartamento`) VALUES (59,'Luana Expósito','2012-12-01','Sargento',7);
INSERT INTO `Oficial` (`num`,`Datos`,`Fecha`,`Rango`,`idDepartamento`) VALUES (60,'Bautista Rodríguez','2012-12-01','Oficial',8);
INSERT INTO `Oficial` (`num`,`Datos`,`Fecha`,`Rango`,`idDepartamento`) VALUES (61,'Gimena Toresával','2012-12-01','Oficial',9);
INSERT INTO `Oficial` (`num`,`Datos`,`Fecha`,`Rango`,`idDepartamento`) VALUES (62,'Raúl Burgos','2012-12-01','Oficial',10);
INSERT INTO `Oficial` (`num`,`Datos`,`Fecha`,`Rango`,`idDepartamento`) VALUES (63,'Emanuel Bruno','2012-12-01','Oficial',11);
INSERT INTO `Oficial` (`num`,`Datos`,`Fecha`,`Rango`,`idDepartamento`) VALUES (64,'Sandra Fuentealba','2012-11-01','Oficial',12);
INSERT INTO `Oficial` (`num`,`Datos`,`Fecha`,`Rango`,`idDepartamento`) VALUES (65,'Celestino Diam','2012-11-01','Oficial',0);
INSERT INTO `Oficial` (`num`,`Datos`,`Fecha`,`Rango`,`idDepartamento`) VALUES (66,'Pablo Cáceres','2012-10-01','Oficial',1);
INSERT INTO `Oficial` (`num`,`Datos`,`Fecha`,`Rango`,`idDepartamento`) VALUES (67,'Roberto Rama','2013-09-01','Oficial',2);
INSERT INTO `Oficial` (`num`,`Datos`,`Fecha`,`Rango`,`idDepartamento`) VALUES (68,'Bruno Cornaggia','2013-09-01','Oficial',3);
INSERT INTO `Oficial` (`num`,`Datos`,`Fecha`,`Rango`,`idDepartamento`) VALUES (69,'Carlos Gómez','2013-09-01','Oficial',4);


INSERT INTO `Departamento` (`idDepartamento`,`Descripcion`,`Nombre`) VALUES (0,'Superintendencia de Administración','Administración');
INSERT INTO `Departamento` (`idDepartamento`,`Descripcion`,`Nombre`) VALUES (1,'Superintendencia de Policía Científica','Policía Científica');
INSERT INTO `Departamento` (`idDepartamento`,`Descripcion`,`Nombre`) VALUES (2,'Superintendencia de Seguridad de Estado y Protección del Sistema Republicano','Seguridad de Estado');
INSERT INTO `Departamento` (`idDepartamento`,`Descripcion`,`Nombre`) VALUES (3,'Superintendencia de Seguridad y Custodia','Seguridad y Custodia');
INSERT INTO `Departamento` (`idDepartamento`,`Descripcion`,`Nombre`) VALUES (4,'Superintendencia de Drogas Peligrosas','Drogas Peligrosas');
INSERT INTO `Departamento` (`idDepartamento`,`Descripcion`,`Nombre`) VALUES (5,'Superintendencia Federal de Bomberos','Bomberos');
INSERT INTO `Departamento` (`idDepartamento`,`Descripcion`,`Nombre`) VALUES (6,'Superintendencia Federal de Tecnologías de la Información y Comunicaciones','Tecnologías');
INSERT INTO `Departamento` (`idDepartamento`,`Descripcion`,`Nombre`) VALUES (7,'Superintendencia Federal de Orden Público','Orden Público');
INSERT INTO `Departamento` (`idDepartamento`,`Descripcion`,`Nombre`) VALUES (8,'Superintendencia Federal de Transporte','Transporte');
INSERT INTO `Departamento` (`idDepartamento`,`Descripcion`,`Nombre`) VALUES (9,'Superintendencia de Investigaciones Federales','Investigaciones Federales');
INSERT INTO `Departamento` (`idDepartamento`,`Descripcion`,`Nombre`) VALUES (10,'Superintendencia de Planeamiento Policial','Planeamiento Policial');
INSERT INTO `Departamento` (`idDepartamento`,`Descripcion`,`Nombre`) VALUES (11,'Superintendencia de Interior y Delitos Federales Complejos','Interior');
INSERT INTO `Departamento` (`idDepartamento`,`Descripcion`,`Nombre`) VALUES (12,'Superintendencia de Bienestar','Bienestar');


INSERT INTO `Calle` (`idCalle`,`Nombre`) VALUES (0,'Achával Rodríguez');
INSERT INTO `Calle` (`idCalle`,`Nombre`) VALUES (1,'Acoyte');
INSERT INTO `Calle` (`idCalle`,`Nombre`) VALUES (2,'Albarellos');
INSERT INTO `Calle` (`idCalle`,`Nombre`) VALUES (3,'Alberdi, Juan Bautista');
INSERT INTO `Calle` (`idCalle`,`Nombre`) VALUES (4,'Alem, Leandro N.');
INSERT INTO `Calle` (`idCalle`,`Nombre`) VALUES (5,'Almafuerte');
INSERT INTO `Calle` (`idCalle`,`Nombre`) VALUES (6,'Álvarez, Teniente General Donato');
INSERT INTO `Calle` (`idCalle`,`Nombre`) VALUES (7,'Álvarez Jonte');
INSERT INTO `Calle` (`idCalle`,`Nombre`) VALUES (8,'Álvarez Thomas');
INSERT INTO `Calle` (`idCalle`,`Nombre`) VALUES (9,'Alvear');
INSERT INTO `Calle` (`idCalle`,`Nombre`) VALUES (10,'Alcorta, Amancio');
INSERT INTO `Calle` (`idCalle`,`Nombre`) VALUES (11,'Antártida Argentina');
INSERT INTO `Calle` (`idCalle`,`Nombre`) VALUES (12,'Aranguren, Juan Felipe');
INSERT INTO `Calle` (`idCalle`,`Nombre`) VALUES (13,'Argentina');
INSERT INTO `Calle` (`idCalle`,`Nombre`) VALUES (14,'Asamblea');
INSERT INTO `Calle` (`idCalle`,`Nombre`) VALUES (15,'Asturias');
INSERT INTO `Calle` (`idCalle`,`Nombre`) VALUES (16,'Avellaneda');
INSERT INTO `Calle` (`idCalle`,`Nombre`) VALUES (17,'Balbín, Ricardo');
INSERT INTO `Calle` (`idCalle`,`Nombre`) VALUES (18,'Belgrano');
INSERT INTO `Calle` (`idCalle`,`Nombre`) VALUES (19,'Beiró, Francisco');
INSERT INTO `Calle` (`idCalle`,`Nombre`) VALUES (20,'Berro, Adolfo');
INSERT INTO `Calle` (`idCalle`,`Nombre`) VALUES (21,'Bilbao, Francisco');
INSERT INTO `Calle` (`idCalle`,`Nombre`) VALUES (22,'Boedo');
INSERT INTO `Calle` (`idCalle`,`Nombre`) VALUES (23,'Bonorino');
INSERT INTO `Calle` (`idCalle`,`Nombre`) VALUES (24,'Boyacá');
INSERT INTO `Calle` (`idCalle`,`Nombre`) VALUES (25,'Brasil');
INSERT INTO `Calle` (`idCalle`,`Nombre`) VALUES (26,'Cabildo');
INSERT INTO `Calle` (`idCalle`,`Nombre`) VALUES (27,'Calabria');
INSERT INTO `Calle` (`idCalle`,`Nombre`) VALUES (28,'Callao');
INSERT INTO `Calle` (`idCalle`,`Nombre`) VALUES (29,'Campos, Luis María');
INSERT INTO `Calle` (`idCalle`,`Nombre`) VALUES (30,'del Corro, Canónigo Miguel');
INSERT INTO `Calle` (`idCalle`,`Nombre`) VALUES (31,'Carabobo');
INSERT INTO `Calle` (`idCalle`,`Nombre`) VALUES (32,'Carrasco');
INSERT INTO `Calle` (`idCalle`,`Nombre`) VALUES (33,'Carril, Salvador María del');
INSERT INTO `Calle` (`idCalle`,`Nombre`) VALUES (34,'Casares');
INSERT INTO `Calle` (`idCalle`,`Nombre`) VALUES (35,'Caseros');
INSERT INTO `Calle` (`idCalle`,`Nombre`) VALUES (36,'Castañares');
INSERT INTO `Calle` (`idCalle`,`Nombre`) VALUES (37,'Castillo, Ramón');
INSERT INTO `Calle` (`idCalle`,`Nombre`) VALUES (38,'Castro, Emilio');
INSERT INTO `Calle` (`idCalle`,`Nombre`) VALUES (39,'Chiclana');
INSERT INTO `Calle` (`idCalle`,`Nombre`) VALUES (40,'Chorroarín');
INSERT INTO `Calle` (`idCalle`,`Nombre`) VALUES (41,'Cobo');
INSERT INTO `Calle` (`idCalle`,`Nombre`) VALUES (42,'Colombia');
INSERT INTO `Calle` (`idCalle`,`Nombre`) VALUES (43,'Congreso');
INSERT INTO `Calle` (`idCalle`,`Nombre`) VALUES (44,'Córdoba');
INSERT INTO `Calle` (`idCalle`,`Nombre`) VALUES (45,'Coronel Roca');
INSERT INTO `Calle` (`idCalle`,`Nombre`) VALUES (46,'Corrientes');
INSERT INTO `Calle` (`idCalle`,`Nombre`) VALUES (47,'Crámer');
INSERT INTO `Calle` (`idCalle`,`Nombre`) VALUES (48,'Crisólogo Larralde');
INSERT INTO `Calle` (`idCalle`,`Nombre`) VALUES (49,'Cruz, Osvaldo');
INSERT INTO `Calle` (`idCalle`,`Nombre`) VALUES (50,'Curapaligüe');
INSERT INTO `Calle` (`idCalle`,`Nombre`) VALUES (51,'Daract');
INSERT INTO `Calle` (`idCalle`,`Nombre`) VALUES (52,'de la Rábida');
INSERT INTO `Calle` (`idCalle`,`Nombre`) VALUES (53,'de los Constituyentes');
INSERT INTO `Calle` (`idCalle`,`Nombre`) VALUES (54,'de los Incas');
INSERT INTO `Calle` (`idCalle`,`Nombre`) VALUES (55,'de los Inmigrante');
INSERT INTO `Calle` (`idCalle`,`Nombre`) VALUES (56,'de los Italianos');
INSERT INTO `Calle` (`idCalle`,`Nombre`) VALUES (57,'de Mayo');
INSERT INTO `Calle` (`idCalle`,`Nombre`) VALUES (58,'del Campo');
INSERT INTO `Calle` (`idCalle`,`Nombre`) VALUES (59,'del Fomentista');
INSERT INTO `Calle` (`idCalle`,`Nombre`) VALUES (60,'del Libertador');
INSERT INTO `Calle` (`idCalle`,`Nombre`) VALUES (61,'Derqui');
INSERT INTO `Calle` (`idCalle`,`Nombre`) VALUES (62,'Díaz, Coronel');
INSERT INTO `Calle` (`idCalle`,`Nombre`) VALUES (63,'Díaz Vélez');
INSERT INTO `Calle` (`idCalle`,`Nombre`) VALUES (64,'Directorio');
INSERT INTO `Calle` (`idCalle`,`Nombre`) VALUES (65,'Dorrego');
INSERT INTO `Calle` (`idCalle`,`Nombre`) VALUES (66,'Edison, Tomás Alva');
INSERT INTO `Calle` (`idCalle`,`Nombre`) VALUES (67,'Elcano');
INSERT INTO `Calle` (`idCalle`,`Nombre`) VALUES (68,'Entre Ríos');
INSERT INTO `Calle` (`idCalle`,`Nombre`) VALUES (69,'Escalada');
INSERT INTO `Calle` (`idCalle`,`Nombre`) VALUES (70,'España');
INSERT INTO `Calle` (`idCalle`,`Nombre`) VALUES (71,'Estado de Israel');
INSERT INTO `Calle` (`idCalle`,`Nombre`) VALUES (72,'Eva Perón');
INSERT INTO `Calle` (`idCalle`,`Nombre`) VALUES (73,'Fernández de la Cruz, General Francisco');
INSERT INTO `Calle` (`idCalle`,`Nombre`) VALUES (74,'Figueroa Alcorta');
INSERT INTO `Calle` (`idCalle`,`Nombre`) VALUES (75,'Forest');
INSERT INTO `Calle` (`idCalle`,`Nombre`) VALUES (76,'Gaona');
INSERT INTO `Calle` (`idCalle`,`Nombre`) VALUES (77,'García del Río');
INSERT INTO `Calle` (`idCalle`,`Nombre`) VALUES (78,'Gallardo, Ángel');
INSERT INTO `Calle` (`idCalle`,`Nombre`) VALUES (79,'Garmendia');
INSERT INTO `Calle` (`idCalle`,`Nombre`) VALUES (80,'Gendarmería Nacional');
INSERT INTO `Calle` (`idCalle`,`Nombre`) VALUES (81,'Garay, Juan de');
INSERT INTO `Calle` (`idCalle`,`Nombre`) VALUES (82,'Goyena, Pedro');
INSERT INTO `Calle` (`idCalle`,`Nombre`) VALUES (83,'Goyeneche, Roberto');
INSERT INTO `Calle` (`idCalle`,`Nombre`) VALUES (84,'Griveo');
INSERT INTO `Calle` (`idCalle`,`Nombre`) VALUES (85,'Guzmán');
INSERT INTO `Calle` (`idCalle`,`Nombre`) VALUES (86,'Huergo, Ingeniero');
INSERT INTO `Calle` (`idCalle`,`Nombre`) VALUES (87,'Independencia');
INSERT INTO `Calle` (`idCalle`,`Nombre`) VALUES (88,'Infanta Isabel');
INSERT INTO `Calle` (`idCalle`,`Nombre`) VALUES (89,'Intendente Bullrich');
INSERT INTO `Calle` (`idCalle`,`Nombre`) VALUES (90,'Intendente Cantilo');
INSERT INTO `Calle` (`idCalle`,`Nombre`) VALUES (91,'Intendente Güiraldes');
INSERT INTO `Calle` (`idCalle`,`Nombre`) VALUES (92,'Intendente Noel');
INSERT INTO `Calle` (`idCalle`,`Nombre`) VALUES (93,'Iraola');
INSERT INTO `Calle` (`idCalle`,`Nombre`) VALUES (94,'Jujuy');
INSERT INTO `Calle` (`idCalle`,`Nombre`) VALUES (95,'Juramento');
INSERT INTO `Calle` (`idCalle`,`Nombre`) VALUES (96,'Justo, Juan B.');
INSERT INTO `Calle` (`idCalle`,`Nombre`) VALUES (97,'La Plata');
INSERT INTO `Calle` (`idCalle`,`Nombre`) VALUES (98,'Lacarra');
INSERT INTO `Calle` (`idCalle`,`Nombre`) VALUES (99,'Lacroze, Federico');
INSERT INTO `Calle` (`idCalle`,`Nombre`) VALUES (100,'Lafuente');
INSERT INTO `Calle` (`idCalle`,`Nombre`) VALUES (101,'Larrazábal');
INSERT INTO `Calle` (`idCalle`,`Nombre`) VALUES (102,'Las Heras, General');
INSERT INTO `Calle` (`idCalle`,`Nombre`) VALUES (103,'Lastr');
INSERT INTO `Calle` (`idCalle`,`Nombre`) VALUES (104,'Lillo');
INSERT INTO `Calle` (`idCalle`,`Nombre`) VALUES (105,'Lisandro de la Torre');
INSERT INTO `Calle` (`idCalle`,`Nombre`) VALUES (106,'Lope de Vega');
INSERT INTO `Calle` (`idCalle`,`Nombre`) VALUES (107,'Madero, Eduardo');
INSERT INTO `Calle` (`idCalle`,`Nombre`) VALUES (108,'Medrano');
INSERT INTO `Calle` (`idCalle`,`Nombre`) VALUES (109,'Melian');
INSERT INTO `Calle` (`idCalle`,`Nombre`) VALUES (110,'Monroe');
INSERT INTO `Calle` (`idCalle`,`Nombre`) VALUES (111,'Montes de Oca');
INSERT INTO `Calle` (`idCalle`,`Nombre`) VALUES (112,'Montt, Pedro');
INSERT INTO `Calle` (`idCalle`,`Nombre`) VALUES (113,'Moreno, Perito');
INSERT INTO `Calle` (`idCalle`,`Nombre`) VALUES (114,'Moreno, José María');
INSERT INTO `Calle` (`idCalle`,`Nombre`) VALUES (115,'Moreau de Justo, Alicia');
INSERT INTO `Calle` (`idCalle`,`Nombre`) VALUES (116,'Mosconi, General');
INSERT INTO `Calle` (`idCalle`,`Nombre`) VALUES (117,'Nazca');
INSERT INTO `Calle` (`idCalle`,`Nombre`) VALUES (118,'Obligado, Rafael');
INSERT INTO `Calle` (`idCalle`,`Nombre`) VALUES (119,'Olivera');
INSERT INTO `Calle` (`idCalle`,`Nombre`) VALUES (120,'Ortiz de Ocampo');
INSERT INTO `Calle` (`idCalle`,`Nombre`) VALUES (121,'Paseo Colón');
INSERT INTO `Calle` (`idCalle`,`Nombre`) VALUES (122,'Patricias Argentinas');
INSERT INTO `Calle` (`idCalle`,`Nombre`) VALUES (123,'Piedra Buena');
INSERT INTO `Calle` (`idCalle`,`Nombre`) VALUES (124,'Prefectura Naval Argentina');
INSERT INTO `Calle` (`idCalle`,`Nombre`) VALUES (125,'Pueyrredón');
INSERT INTO `Calle` (`idCalle`,`Nombre`) VALUES (126,'Pueyrredón, Dr. Honorio');
INSERT INTO `Calle` (`idCalle`,`Nombre`) VALUES (127,'Punta Arenas');
INSERT INTO `Calle` (`idCalle`,`Nombre`) VALUES (128,'Py, Comodoro');
INSERT INTO `Calle` (`idCalle`,`Nombre`) VALUES (129,'Presidente Quintana');
INSERT INTO `Calle` (`idCalle`,`Nombre`) VALUES (130,'Quartino, Ingeniero');
INSERT INTO `Calle` (`idCalle`,`Nombre`) VALUES (131,'Ramallo');
INSERT INTO `Calle` (`idCalle`,`Nombre`) VALUES (132,'Dr. José Ramos Mejía');
INSERT INTO `Calle` (`idCalle`,`Nombre`) VALUES (133,'Rawson de Dellepiane, Elvira');
INSERT INTO `Calle` (`idCalle`,`Nombre`) VALUES (134,'Remedios');
INSERT INTO `Calle` (`idCalle`,`Nombre`) VALUES (135,'Reservistas Argentinos');
INSERT INTO `Calle` (`idCalle`,`Nombre`) VALUES (136,'Riestra');
INSERT INTO `Calle` (`idCalle`,`Nombre`) VALUES (137,'Rivadavia');
INSERT INTO `Calle` (`idCalle`,`Nombre`) VALUES (138,'Rivadavia, Comodoro Martín');
INSERT INTO `Calle` (`idCalle`,`Nombre`) VALUES (139,'Roca, Presidente Julio Argentino');
INSERT INTO `Calle` (`idCalle`,`Nombre`) VALUES (140,'Roldán, Belisario');
INSERT INTO `Calle` (`idCalle`,`Nombre`) VALUES (141,'Rosales');
INSERT INTO `Calle` (`idCalle`,`Nombre`) VALUES (142,'Ruiz Huidobro');
INSERT INTO `Calle` (`idCalle`,`Nombre`) VALUES (143,'Sáenz');
INSERT INTO `Calle` (`idCalle`,`Nombre`) VALUES (144,'Sáenz Peña, Presidente Roque');
INSERT INTO `Calle` (`idCalle`,`Nombre`) VALUES (145,'San Isidro');
INSERT INTO `Calle` (`idCalle`,`Nombre`) VALUES (146,'San Juan');
INSERT INTO `Calle` (`idCalle`,`Nombre`) VALUES (147,'San Martín');
INSERT INTO `Calle` (`idCalle`,`Nombre`) VALUES (148,'San Pedrito');
INSERT INTO `Calle` (`idCalle`,`Nombre`) VALUES (149,'Sánchez de Loria');
INSERT INTO `Calle` (`idCalle`,`Nombre`) VALUES (150,'Santa F');
INSERT INTO `Calle` (`idCalle`,`Nombre`) VALUES (151,'Santiago de Compostela');
INSERT INTO `Calle` (`idCalle`,`Nombre`) VALUES (152,'Sarmiento');
INSERT INTO `Calle` (`idCalle`,`Nombre`) VALUES (153,'Sarmiento, General');
INSERT INTO `Calle` (`idCalle`,`Nombre`) VALUES (154,'Scalabrini Ortiz');
INSERT INTO `Calle` (`idCalle`,`Nombre`) VALUES (155,'Segurola');
INSERT INTO `Calle` (`idCalle`,`Nombre`) VALUES (156,'Suárez');
INSERT INTO `Calle` (`idCalle`,`Nombre`) VALUES (157,'Triunvirato');
INSERT INTO `Calle` (`idCalle`,`Nombre`) VALUES (158,'Udaondo');
INSERT INTO `Calle` (`idCalle`,`Nombre`) VALUES (159,'Uruguay');
INSERT INTO `Calle` (`idCalle`,`Nombre`) VALUES (160,'Varela');
INSERT INTO `Calle` (`idCalle`,`Nombre`) VALUES (161,'Vélez Sársfield');
INSERT INTO `Calle` (`idCalle`,`Nombre`) VALUES (162,'Virrey Vértiz');
INSERT INTO `Calle` (`idCalle`,`Nombre`) VALUES (163,'Warnes');
INSERT INTO `Calle` (`idCalle`,`Nombre`) VALUES (164,'White');
INSERT INTO `Calle` (`idCalle`,`Nombre`) VALUES (165,'3 de Febrero');
INSERT INTO `Calle` (`idCalle`,`Nombre`) VALUES (166,'11 de Septiembre');
INSERT INTO `Calle` (`idCalle`,`Nombre`) VALUES (167,'14 de Julio');
INSERT INTO `Calle` (`idCalle`,`Nombre`) VALUES (168,'Acassuso');
INSERT INTO `Calle` (`idCalle`,`Nombre`) VALUES (169,'Acevedo');
INSERT INTO `Calle` (`idCalle`,`Nombre`) VALUES (170,'Aguilar');
INSERT INTO `Calle` (`idCalle`,`Nombre`) VALUES (171,'Aguirre');
INSERT INTO `Calle` (`idCalle`,`Nombre`) VALUES (172,'Agüero');
INSERT INTO `Calle` (`idCalle`,`Nombre`) VALUES (173,'Aizpurúa');
INSERT INTO `Calle` (`idCalle`,`Nombre`) VALUES (174,'Alsina, Adolfo');
INSERT INTO `Calle` (`idCalle`,`Nombre`) VALUES (175,'Álvarez Jonte');
INSERT INTO `Calle` (`idCalle`,`Nombre`) VALUES (176,'Ambrosetti, Juan B.');
INSERT INTO `Calle` (`idCalle`,`Nombre`) VALUES (177,'Amenabar');
INSERT INTO `Calle` (`idCalle`,`Nombre`) VALUES (178,'Ancaste');
INSERT INTO `Calle` (`idCalle`,`Nombre`) VALUES (179,'Aranguren, Dr. F.');
INSERT INTO `Calle` (`idCalle`,`Nombre`) VALUES (180,'Arce');
INSERT INTO `Calle` (`idCalle`,`Nombre`) VALUES (181,'Arcos');
INSERT INTO `Calle` (`idCalle`,`Nombre`) VALUES (182,'Arevalo');
INSERT INTO `Calle` (`idCalle`,`Nombre`) VALUES (183,'Argerich');
INSERT INTO `Calle` (`idCalle`,`Nombre`) VALUES (184,'Arguibel, Andrés');
INSERT INTO `Calle` (`idCalle`,`Nombre`) VALUES (185,'Arias');
INSERT INTO `Calle` (`idCalle`,`Nombre`) VALUES (186,'Arregui');
INSERT INTO `Calle` (`idCalle`,`Nombre`) VALUES (187,'Arribeños');
INSERT INTO `Calle` (`idCalle`,`Nombre`) VALUES (188,'Arroyo');
INSERT INTO `Calle` (`idCalle`,`Nombre`) VALUES (189,'Artigas, General Jose');
INSERT INTO `Calle` (`idCalle`,`Nombre`) VALUES (190,'Ascasubi');
INSERT INTO `Calle` (`idCalle`,`Nombre`) VALUES (191,'Austria');
INSERT INTO `Calle` (`idCalle`,`Nombre`) VALUES (192,'Azurduy, Juana');
INSERT INTO `Calle` (`idCalle`,`Nombre`) VALUES (193,'Bacacay');
INSERT INTO `Calle` (`idCalle`,`Nombre`) VALUES (194,'Baez');
INSERT INTO `Calle` (`idCalle`,`Nombre`) VALUES (195,'Balbastro');
INSERT INTO `Calle` (`idCalle`,`Nombre`) VALUES (196,'Balcarce');
INSERT INTO `Calle` (`idCalle`,`Nombre`) VALUES (197,'Bermúdez');
INSERT INTO `Calle` (`idCalle`,`Nombre`) VALUES (198,'Bogado');
INSERT INTO `Calle` (`idCalle`,`Nombre`) VALUES (199,'Bogotá');
INSERT INTO `Calle` (`idCalle`,`Nombre`) VALUES (200,'Bolaños');
INSERT INTO `Calle` (`idCalle`,`Nombre`) VALUES (201,'Bolivar');
INSERT INTO `Calle` (`idCalle`,`Nombre`) VALUES (202,'Bolivia');
INSERT INTO `Calle` (`idCalle`,`Nombre`) VALUES (203,'Bollini');
INSERT INTO `Calle` (`idCalle`,`Nombre`) VALUES (204,'Bolonia');
INSERT INTO `Calle` (`idCalle`,`Nombre`) VALUES (205,'Bonpland');
INSERT INTO `Calle` (`idCalle`,`Nombre`) VALUES (206,'Boulougne Sur Mer');
INSERT INTO `Calle` (`idCalle`,`Nombre`) VALUES (207,'Brandsen');
INSERT INTO `Calle` (`idCalle`,`Nombre`) VALUES (208,'Bufano, Alfredo R');
INSERT INTO `Calle` (`idCalle`,`Nombre`) VALUES (209,'Bulgaria');
INSERT INTO `Calle` (`idCalle`,`Nombre`) VALUES (210,'Bulnes');
INSERT INTO `Calle` (`idCalle`,`Nombre`) VALUES (211,'Pasaje	Butteler');
INSERT INTO `Calle` (`idCalle`,`Nombre`) VALUES (212,'Butty, Ingeniero E.');
INSERT INTO `Calle` (`idCalle`,`Nombre`) VALUES (213,'Cabrera, José A.');
INSERT INTO `Calle` (`idCalle`,`Nombre`) VALUES (214,'Cachimayo');
INSERT INTO `Calle` (`idCalle`,`Nombre`) VALUES (215,'Caldas');
INSERT INTO `Calle` (`idCalle`,`Nombre`) VALUES (216,'Calderón de la Barca, Pedro');
INSERT INTO `Calle` (`idCalle`,`Nombre`) VALUES (217,'Camargo');
INSERT INTO `Calle` (`idCalle`,`Nombre`) VALUES (218,'Camarones');
INSERT INTO `Calle` (`idCalle`,`Nombre`) VALUES (219,'Campana');
INSERT INTO `Calle` (`idCalle`,`Nombre`) VALUES (220,'Campos Salles');
INSERT INTO `Calle` (`idCalle`,`Nombre`) VALUES (221,'Caracas');
INSERT INTO `Calle` (`idCalle`,`Nombre`) VALUES (222,'Pasaje	Carapachay');
INSERT INTO `Calle` (`idCalle`,`Nombre`) VALUES (223,'Castillo');
INSERT INTO `Calle` (`idCalle`,`Nombre`) VALUES (224,'Centenera, Del Barco');
INSERT INTO `Calle` (`idCalle`,`Nombre`) VALUES (225,'Cervantes');
INSERT INTO `Calle` (`idCalle`,`Nombre`) VALUES (226,'Cespedes');
INSERT INTO `Calle` (`idCalle`,`Nombre`) VALUES (227,'Charcas');
INSERT INTO `Calle` (`idCalle`,`Nombre`) VALUES (228,'Chuttro, Profesor Pedro');
INSERT INTO `Calle` (`idCalle`,`Nombre`) VALUES (229,'Ciudad de la Paz');
INSERT INTO `Calle` (`idCalle`,`Nombre`) VALUES (230,'Colpayo');
INSERT INTO `Calle` (`idCalle`,`Nombre`) VALUES (231,'Concordia');
INSERT INTO `Calle` (`idCalle`,`Nombre`) VALUES (232,'Condarco');
INSERT INTO `Calle` (`idCalle`,`Nombre`) VALUES (233,'Conde');
INSERT INTO `Calle` (`idCalle`,`Nombre`) VALUES (234,'Conesa');
INSERT INTO `Calle` (`idCalle`,`Nombre`) VALUES (235,'Coni, Dr. Emilio R.');
INSERT INTO `Calle` (`idCalle`,`Nombre`) VALUES (236,'Cooke, John W.');
INSERT INTO `Calle` (`idCalle`,`Nombre`) VALUES (237,'Correa');
INSERT INTO `Calle` (`idCalle`,`Nombre`) VALUES (238,'Cortina');
INSERT INTO `Calle` (`idCalle`,`Nombre`) VALUES (239,'Cosquín');
INSERT INTO `Calle` (`idCalle`,`Nombre`) VALUES (240,'Cossio, García de');
INSERT INTO `Calle` (`idCalle`,`Nombre`) VALUES (241,'Costa Rica');
INSERT INTO `Calle` (`idCalle`,`Nombre`) VALUES (242,'Cuba');
INSERT INTO `Calle` (`idCalle`,`Nombre`) VALUES (243,'Cucha Cucha');
INSERT INTO `Calle` (`idCalle`,`Nombre`) VALUES (244,'Cuenca');
INSERT INTO `Calle` (`idCalle`,`Nombre`) VALUES (245,'Darregueyra');
INSERT INTO `Calle` (`idCalle`,`Nombre`) VALUES (246,'Defensa');
INSERT INTO `Calle` (`idCalle`,`Nombre`) VALUES (247,'Deheza');
INSERT INTO `Calle` (`idCalle`,`Nombre`) VALUES (248,'Delgado');
INSERT INTO `Calle` (`idCalle`,`Nombre`) VALUES (249,'Dickmann, Doctor Adolfo');
INSERT INTO `Calle` (`idCalle`,`Nombre`) VALUES (250,'Donado');
INSERT INTO `Calle` (`idCalle`,`Nombre`) VALUES (251,'Dragones');
INSERT INTO `Calle` (`idCalle`,`Nombre`) VALUES (252,'Echeverria');
INSERT INTO `Calle` (`idCalle`,`Nombre`) VALUES (253,'Ecuador');
INSERT INTO `Calle` (`idCalle`,`Nombre`) VALUES (254,'El Salvador');
INSERT INTO `Calle` (`idCalle`,`Nombre`) VALUES (255,'Eslovenia, República de');
INSERT INTO `Calle` (`idCalle`,`Nombre`) VALUES (256,'Esparza');
INSERT INTO `Calle` (`idCalle`,`Nombre`) VALUES (257,'Espinosa');
INSERT INTO `Calle` (`idCalle`,`Nombre`) VALUES (258,'Esquiú');
INSERT INTO `Calle` (`idCalle`,`Nombre`) VALUES (259,'Estados Unidos');
INSERT INTO `Calle` (`idCalle`,`Nombre`) VALUES (260,'Estomba');
INSERT INTO `Calle` (`idCalle`,`Nombre`) VALUES (261,'Esteves Sagui');
INSERT INTO `Calle` (`idCalle`,`Nombre`) VALUES (262,'Falcón, Ramón Lorenz');
INSERT INTO `Calle` (`idCalle`,`Nombre`) VALUES (263,'Ferreyra, Andres	');
INSERT INTO `Calle` (`idCalle`,`Nombre`) VALUES (264,'Florida');


