use mydb;
INSERT INTO `Tipo` (`idTipo`,`Nombre`) VALUES (0,'Tráfico');
INSERT INTO `Tipo` (`idTipo`,`Nombre`) VALUES (1,'Vigilancia Bancaria');
INSERT INTO `Tipo` (`idTipo`,`Nombre`) VALUES (2,'Espectáculo Deportivo');
INSERT INTO `Tipo` (`idTipo`,`Nombre`) VALUES (3,'Cumbre dirigencial');
INSERT INTO `Tipo` (`idTipo`,`Nombre`) VALUES (4,'Seguridad especial');
INSERT INTO `Tipo` (`idTipo`,`Nombre`) VALUES (5,'Vigilancia callejera');
INSERT INTO `Tipo` (`idTipo`,`Nombre`) VALUES (6,'Hurto');
INSERT INTO `Tipo` (`idTipo`,`Nombre`) VALUES (7,'Robo violento / asalto');
INSERT INTO `Tipo` (`idTipo`,`Nombre`) VALUES (8,'Secuestro');
INSERT INTO `Tipo` (`idTipo`,`Nombre`) VALUES (9,'Detección de estupefacientes');
INSERT INTO `Tipo` (`idTipo`,`Nombre`) VALUES (10,'Pelea callejera');

INSERT INTO `Designacion` (`idDesignacion`,`num`) VALUES(0,);
INSERT INTO `Designacion` (`idDesignacion`,`num`) VALUES(1,);
INSERT INTO `Designacion` (`idDesignacion`,`num`) VALUES(2,);
INSERT INTO `Designacion` (`idDesignacion`,`num`) VALUES(3,);
INSERT INTO `Designacion` (`idDesignacion`,`num`) VALUES(4,);
INSERT INTO `Designacion` (`idDesignacion`,`num`) VALUES(5,);
INSERT INTO `Designacion` (`idDesignacion`,`num`) VALUES(6,);
INSERT INTO `Designacion` (`idDesignacion`,`num`) VALUES(7,);
INSERT INTO `Designacion` (`idDesignacion`,`num`) VALUES(8,);
INSERT INTO `Designacion` (`idDesignacion`,`num`) VALUES(9,);
INSERT INTO `Designacion` (`idDesignacion`,`num`) VALUES(10,);
INSERT INTO `Designacion` (`idDesignacion`,`num`) VALUES(11,);
INSERT INTO `Designacion` (`idDesignacion`,`num`) VALUES(12,);
INSERT INTO `Designacion` (`idDesignacion`,`num`) VALUES(13,);
INSERT INTO `Designacion` (`idDesignacion`,`num`) VALUES(14,);
INSERT INTO `Designacion` (`idDesignacion`,`num`) VALUES(15,);
INSERT INTO `Designacion` (`idDesignacion`,`num`) VALUES(16,);
INSERT INTO `Designacion` (`idDesignacion`,`num`) VALUES(17,);
INSERT INTO `Designacion` (`idDesignacion`,`num`) VALUES(18,);
INSERT INTO `Designacion` (`idDesignacion`,`num`) VALUES(19,);
INSERT INTO `Designacion` (`idDesignacion`,`num`) VALUES(20,);
INSERT INTO `Designacion` (`idDesignacion`,`num`) VALUES(21,);
INSERT INTO `Designacion` (`idDesignacion`,`num`) VALUES(22,);
INSERT INTO `Designacion` (`idDesignacion`,`num`) VALUES(23,);
INSERT INTO `Designacion` (`idDesignacion`,`num`) VALUES(24,);
INSERT INTO `Designacion` (`idDesignacion`,`num`) VALUES(25,);
INSERT INTO `Designacion` (`idDesignacion`,`num`) VALUES(26,);
INSERT INTO `Designacion` (`idDesignacion`,`num`) VALUES(27,);
INSERT INTO `Designacion` (`idDesignacion`,`num`) VALUES(28,);
INSERT INTO `Designacion` (`idDesignacion`,`num`) VALUES(29,);
INSERT INTO `Designacion` (`idDesignacion`,`num`) VALUES(30,);
INSERT INTO `Designacion` (`idDesignacion`,`num`) VALUES(31,);
INSERT INTO `Designacion` (`idDesignacion`,`num`) VALUES(32,);
INSERT INTO `Designacion` (`idDesignacion`,`num`) VALUES(33,);
INSERT INTO `Designacion` (`idDesignacion`,`num`) VALUES(34,);
INSERT INTO `Designacion` (`idDesignacion`,`num`) VALUES(35,);
INSERT INTO `Designacion` (`idDesignacion`,`num`) VALUES(36,);
INSERT INTO `Designacion` (`idDesignacion`,`num`) VALUES(37,);
INSERT INTO `Designacion` (`idDesignacion`,`num`) VALUES(38,);
INSERT INTO `Designacion` (`idDesignacion`,`num`) VALUES(39,);
INSERT INTO `Designacion` (`idDesignacion`,`num`) VALUES(40,);
INSERT INTO `Designacion` (`idDesignacion`,`num`) VALUES(41,);
INSERT INTO `Designacion` (`idDesignacion`,`num`) VALUES(42,);
INSERT INTO `Designacion` (`idDesignacion`,`num`) VALUES(43,);
INSERT INTO `Designacion` (`idDesignacion`,`num`) VALUES(44,);
INSERT INTO `Designacion` (`idDesignacion`,`num`) VALUES(45,);
INSERT INTO `Designacion` (`idDesignacion`,`num`) VALUES(46,);
INSERT INTO `Designacion` (`idDesignacion`,`num`) VALUES(47,);
INSERT INTO `Designacion` (`idDesignacion`,`num`) VALUES(48,);
INSERT INTO `Designacion` (`idDesignacion`,`num`) VALUES(49,);

INSERT INTO `Oficial` (`num`,`Datos`,`Fecha`,`Rango`,`idDepartamento`) VALUES (0,'Carlos Pérez','2010-01-01','Oficial',0);
INSERT INTO `Oficial` (`num`,`Datos`,`Fecha`,`Rango`,`idDepartamento`) VALUES (1,'Roberto Peluso','2010-02-01','Oficial',1)
INSERT INTO `Oficial` (`num`,`Datos`,`Fecha`,`Rango`,`idDepartamento`) VALUES (2,'Lucrecia Tarquino','2010-03-01','Oficial',2);
INSERT INTO `Oficial` (`num`,`Datos`,`Fecha`,`Rango`,`idDepartamento`) VALUES (3,'Jorge Alba','2010-04-01','Oficial',3);
INSERT INTO `Oficial` (`num`,`Datos`,`Fecha`,`Rango`,`idDepartamento`) VALUES (4,'Carlos Fuentes','2010-05-01','Oficial',4);
INSERT INTO `Oficial` (`num`,`Datos`,`Fecha`,`Rango`,`idDepartamento`) VALUES (5,'Juan de la Palmira','2010-06-01','Oficial',5);
INSERT INTO `Oficial` (`num`,`Datos`,`Fecha`,`Rango`,`idDepartamento`) VALUES (6,'Raúl Bermúdez','2010-07-01','Oficial',6);
INSERT INTO `Oficial` (`num`,`Datos`,`Fecha`,`Rango`,`idDepartamento`) VALUES (7,'María Bermúdez','2010-08-01','Oficial',7);
INSERT INTO `Oficial` (`num`,`Datos`,`Fecha`,`Rango`,`idDepartamento`) VALUES (8,'Mercedes Domínguez','2010-09-01','Oficial',8);
INSERT INTO `Oficial` (`num`,`Datos`,`Fecha`,`Rango`,`idDepartamento`) VALUES (9,'Jaime Resero','2010-10-01','Oficial',9);
INSERT INTO `Oficial` (`num`,`Datos`,`Fecha`,`Rango`,`idDepartamento`) VALUES (10,'Raúl Bonessi','2010-11-01','Oficial',10);
INSERT INTO `Oficial` (`num`,`Datos`,`Fecha`,`Rango`,`idDepartamento`) VALUES (11,'Gonzalo Salvio','2010-12-01','Oficial',11);
INSERT INTO `Oficial` (`num`,`Datos`,`Fecha`,`Rango`,`idDepartamento`) VALUES (12,'Gastón Zurita','2010-01-01','Oficial',12);
INSERT INTO `Oficial` (`num`,`Datos`,`Fecha`,`Rango`,`idDepartamento`) VALUES (13,'Martín Colón','2010-02-01','Oficial',0);
INSERT INTO `Oficial` (`num`,`Datos`,`Fecha`,`Rango`,`idDepartamento`) VALUES (14,'Pablo Falcioni','2010-03-01','Oficial',1);
INSERT INTO `Oficial` (`num`,`Datos`,`Fecha`,`Rango`,`idDepartamento`) VALUES (15,'Alcides Sánchez','2010-04-01','Oficial',2);
INSERT INTO `Oficial` (`num`,`Datos`,`Fecha`,`Rango`,`idDepartamento`) VALUES (16,'Gabriel Miranda','2010-05-01','Oficial',3);
INSERT INTO `Oficial` (`num`,`Datos`,`Fecha`,`Rango`,`idDepartamento`) VALUES (17,'Celeste Stronati','2010-06-01','Oficial',4);
INSERT INTO `Oficial` (`num`,`Datos`,`Fecha`,`Rango`,`idDepartamento`) VALUES (18,'Patricia di Palma','2010-07-01','Oficial',5);
INSERT INTO `Oficial` (`num`,`Datos`,`Fecha`,`Rango`,`idDepartamento`) VALUES (19,'Damián Santos','2010-08-01','Oficial',6);
INSERT INTO `Oficial` (`num`,`Datos`,`Fecha`,`Rango`,`idDepartamento`) VALUES (20,'Alfio Alonso','2010-09-01','Oficial',7);
INSERT INTO `Oficial` (`num`,`Datos`,`Fecha`,`Rango`,`idDepartamento`) VALUES (21,'Sebastián García','2011-02-01','Oficial',8);
INSERT INTO `Oficial` (`num`,`Datos`,`Fecha`,`Rango`,`idDepartamento`) VALUES (22,'Agustín Galarza','2011-03-01','Oficial',9);
INSERT INTO `Oficial` (`num`,`Datos`,`Fecha`,`Rango`,`idDepartamento`) VALUES (23,'Ariel Mussari','2011-03-01','Sargento',10);
INSERT INTO `Oficial` (`num`,`Datos`,`Fecha`,`Rango`,`idDepartamento`) VALUES (24,'Christian Mussari','2011-04-01','Sargento',11);
INSERT INTO `Oficial` (`num`,`Datos`,`Fecha`,`Rango`,`idDepartamento`) VALUES (25,'Juan Cruz Robledo','2011-04-01','Sargento',12);
INSERT INTO `Oficial` (`num`,`Datos`,`Fecha`,`Rango`,`idDepartamento`) VALUES (26,'Franco Murcia','2011-04-01','Sargento',1);
INSERT INTO `Oficial` (`num`,`Datos`,`Fecha`,`Rango`,`idDepartamento`) VALUES (27,'Guillermo Montero','2011-06-01','Sargento',2);
INSERT INTO `Oficial` (`num`,`Datos`,`Fecha`,`Rango`,`idDepartamento`) VALUES (28,'Rubén Luchetti','2011-07-01','Sargento',3);
INSERT INTO `Oficial` (`num`,`Datos`,`Fecha`,`Rango`,`idDepartamento`) VALUES (29,'Alan Grinsky','2013-08-01','Sargento',4);
INSERT INTO `Oficial` (`num`,`Datos`,`Fecha`,`Rango`,`idDepartamento`) VALUES (30,'Matías Goldstein','2014-09-01','Subteniente',5);
INSERT INTO `Oficial` (`num`,`Datos`,`Fecha`,`Rango`,`idDepartamento`) VALUES (31,'Iván Carrillo','2014-10-01','Subteniente',6);
INSERT INTO `Oficial` (`num`,`Datos`,`Fecha`,`Rango`,`idDepartamento`) VALUES (32,'Bruno Jerusalén','2014-11-01','Subteniente',7);
INSERT INTO `Oficial` (`num`,`Datos`,`Fecha`,`Rango`,`idDepartamento`) VALUES (33,'Tomás Yabrán','2014-12-01','Subteniente',8);
INSERT INTO `Oficial` (`num`,`Datos`,`Fecha`,`Rango`,`idDepartamento`) VALUES (34,'Andrés San Martín','2014-01-01','Subteniente',9);
INSERT INTO `Oficial` (`num`,`Datos`,`Fecha`,`Rango`,`idDepartamento`) VALUES (35,'Karina Montoya','2014-01-01','Subteniente',10);
INSERT INTO `Oficial` (`num`,`Datos`,`Fecha`,`Rango`,`idDepartamento`) VALUES (36,'Ernesto Rodríguez','2013-01-01','Subteniente',11);
INSERT INTO `Oficial` (`num`,`Datos`,`Fecha`,`Rango`,`idDepartamento`) VALUES (37,'Raúl Pusiani','2013-02-01','Subteniente',12);
INSERT INTO `Oficial` (`num`,`Datos`,`Fecha`,`Rango`,`idDepartamento`) VALUES (38,'Vicente Pérez','2013-02-01','Subteniente',0);
INSERT INTO `Oficial` (`num`,`Datos`,`Fecha`,`Rango`,`idDepartamento`) VALUES (39,'Selma Laurante','2010-02-01','Subteniente',0);
INSERT INTO `Oficial` (`num`,`Datos`,`Fecha`,`Rango`,`idDepartamento`) VALUES (40,'Bautista Delgado','2013-03-01','Oficial',1);
INSERT INTO `Oficial` (`num`,`Datos`,`Fecha`,`Rango`,`idDepartamento`) VALUES (41,'Kevin Ramírez','2014-04-01','Oficial',2);
INSERT INTO `Oficial` (`num`,`Datos`,`Fecha`,`Rango`,`idDepartamento`) VALUES (42,'Carlos Buenaventura','2015-05-01','Oficial',3);
INSERT INTO `Oficial` (`num`,`Datos`,`Fecha`,`Rango`,`idDepartamento`) VALUES (43,'Ricardo Diáfano','2015-06-01','Oficial',4);
INSERT INTO `Oficial` (`num`,`Datos`,`Fecha`,`Rango`,`idDepartamento`) VALUES (44,'María Bottana','2015-07-01','Oficial',5);
INSERT INTO `Oficial` (`num`,`Datos`,`Fecha`,`Rango`,`idDepartamento`) VALUES (45,'Laura di Marco','2015-08-01','Oficial',6);
INSERT INTO `Oficial` (`num`,`Datos`,`Fecha`,`Rango`,`idDepartamento`) VALUES (46,'Paula Kuhn','2015-08-01','Oficial',7);
INSERT INTO `Oficial` (`num`,`Datos`,`Fecha`,`Rango`,`idDepartamento`) VALUES (47,'Geremías Ferrari','2015-08-01','Oficial',8);
INSERT INTO `Oficial` (`num`,`Datos`,`Fecha`,`Rango`,`idDepartamento`) VALUES (48,'Gustavo Ferreira','2015-09-01','Oficial',9);
INSERT INTO `Oficial` (`num`,`Datos`,`Fecha`,`Rango`,`idDepartamento`) VALUES (49,'Johnatan de Brian','2015-09-01','Oficial',10);
INSERT INTO `Oficial` (`num`,`Datos`,`Fecha`,`Rango`,`idDepartamento`) VALUES (50,'Brian Silente','2015-10-01','Oficial',11);
INSERT INTO `Oficial` (`num`,`Datos`,`Fecha`,`Rango`,`idDepartamento`) VALUES (51,'Jesús Monteverde','2017-02-01','Oficial',12);
INSERT INTO `Oficial` (`num`,`Datos`,`Fecha`,`Rango`,`idDepartamento`) VALUES (52,'Jorge Quindimil','2017-03-01','Oficial',0);
INSERT INTO `Oficial` (`num`,`Datos`,`Fecha`,`Rango`,`idDepartamento`) VALUES (53,'Julián Quindimil','2017-03-01','Oficial',1);
INSERT INTO `Oficial` (`num`,`Datos`,`Fecha`,`Rango`,`idDepartamento`) VALUES (54,'Sandra Fua','2011-03-01','Sargento',2);
INSERT INTO `Oficial` (`num`,`Datos`,`Fecha`,`Rango`,`idDepartamento`) VALUES (55,'Romina Peralta','2011-01-01','Sargento',3);
INSERT INTO `Oficial` (`num`,`Datos`,`Fecha`,`Rango`,`idDepartamento`) VALUES (56,'Tobías Moyano','2011-01-01','Sargento',4);
INSERT INTO `Oficial` (`num`,`Datos`,`Fecha`,`Rango`,`idDepartamento`) VALUES (57,'Laura Matos','2011-01-01','Sargento',5);
INSERT INTO `Oficial` (`num`,`Datos`,`Fecha`,`Rango`,`idDepartamento`) VALUES (58,'Diana Caballero','2011-12-01','Sargento',6);
INSERT INTO `Oficial` (`num`,`Datos`,`Fecha`,`Rango`,`idDepartamento`) VALUES (59,'Luana Expósito','2012-12-01','Sargento',7);
INSERT INTO `Oficial` (`num`,`Datos`,`Fecha`,`Rango`,`idDepartamento`) VALUES (60,'Bautista Rodríguez','2012-12-01','Oficial',8);
INSERT INTO `Oficial` (`num`,`Datos`,`Fecha`,`Rango`,`idDepartamento`) VALUES (61,'Gimena Toresával','2012-12-01','Oficial',9);
INSERT INTO `Oficial` (`num`,`Datos`,`Fecha`,`Rango`,`idDepartamento`) VALUES (62,'Raúl Burgos','2012-12-01','Oficial',10);
INSERT INTO `Oficial` (`num`,`Datos`,`Fecha`,`Rango`,`idDepartamento`) VALUES (63,'Emanuel Bruno','2012-12-01','Oficial',11);
INSERT INTO `Oficial` (`num`,`Datos`,`Fecha`,`Rango`,`idDepartamento`) VALUES (64,'Sandra Fuentealba','2012-11-01','Oficial',12);
INSERT INTO `Oficial` (`num`,`Datos`,`Fecha`,`Rango`,`idDepartamento`) VALUES (65,'Celestino Diam','2012-11-01','Oficial',0);
INSERT INTO `Oficial` (`num`,`Datos`,`Fecha`,`Rango`,`idDepartamento`) VALUES (66,'Pablo Cáceres','2012-10-01','Oficial',1);
INSERT INTO `Oficial` (`num`,`Datos`,`Fecha`,`Rango`,`idDepartamento`) VALUES (67,'Roberto Rama','2013-09-01','Oficial',2);
INSERT INTO `Oficial` (`num`,`Datos`,`Fecha`,`Rango`,`idDepartamento`) VALUES (68,'Bruno Cornaggia','2013-09-01','Oficial',3);
INSERT INTO `Oficial` (`num`,`Datos`,`Fecha`,`Rango`,`idDepartamento`) VALUES (69,'Carlos Gómez','2013-09-01','Oficial',4);


INSERT INTO `Departamento` (`idDepartamento`,`Descripcion`,`Nombre`) VALUES (0,'Superintendencia de Administración','Administración');
INSERT INTO `Departamento` (`idDepartamento`,`Descripcion`,`Nombre`) VALUES (1,'Superintendencia de Policía Científica','Policía Científica');
INSERT INTO `Departamento` (`idDepartamento`,`Descripcion`,`Nombre`) VALUES (2,'Superintendencia de Seguridad de Estado y Protección del Sistema Republicano','Seguridad de Estado');
INSERT INTO `Departamento` (`idDepartamento`,`Descripcion`,`Nombre`) VALUES (3,'Superintendencia de Seguridad y Custodia','Seguridad y Custodia');
INSERT INTO `Departamento` (`idDepartamento`,`Descripcion`,`Nombre`) VALUES (4,'Superintendencia de Drogas Peligrosas','Drogas Peligrosas');
INSERT INTO `Departamento` (`idDepartamento`,`Descripcion`,`Nombre`) VALUES (5,'Superintendencia Federal de Bomberos','Bomberos');
INSERT INTO `Departamento` (`idDepartamento`,`Descripcion`,`Nombre`) VALUES (6,'Superintendencia Federal de Tecnologías de la Información y Comunicaciones','Tecnologías');
INSERT INTO `Departamento` (`idDepartamento`,`Descripcion`,`Nombre`) VALUES (7,'Superintendencia Federal de Orden Público','Orden Público');
INSERT INTO `Departamento` (`idDepartamento`,`Descripcion`,`Nombre`) VALUES (8,'Superintendencia Federal de Transporte','Transporte');
INSERT INTO `Departamento` (`idDepartamento`,`Descripcion`,`Nombre`) VALUES (9,'Superintendencia de Investigaciones Federales','Investigaciones Federales');
INSERT INTO `Departamento` (`idDepartamento`,`Descripcion`,`Nombre`) VALUES (10,'Superintendencia de Planeamiento Policial','Planeamiento Policial');
INSERT INTO `Departamento` (`idDepartamento`,`Descripcion`,`Nombre`) VALUES (11,'Superintendencia de Interior y Delitos Federales Complejos','Interior');
INSERT INTO `Departamento` (`idDepartamento`,`Descripcion`,`Nombre`) VALUES (12,'Superintendencia de Bienestar','Bienestar');


