use mydb;

delete from `Seguimiento`;
delete from `Sumario`;
delete from `EstadoSumario`;
delete from `Cerrado`;
delete from `Pendiente`;
delete from `Proceso`;
delete from `Interviene`;
delete from `Archienemigo`;
delete from `Contacta`;
delete from `Conocido`;
delete from `Serelacionacon`;
delete from `Participa`;
delete from `Involucra`;
delete from `Incidente`;
delete from `EsCapazDe`;
delete from `Superheroe`;
delete from `Habilidad`;
delete from `Persona`;
delete from `OrganizacionDelictiva`;
delete from `Designacion`;
delete from `Direccion`;
delete from `TipoDesignacion`;
delete from `Calle`;
delete from `Barrio`;
delete from `AsuntosInternos`;
delete from `Oficial`;
delete from `Departamento`;

INSERT INTO `Departamento` (`idDepartamento`,`Descripcion`,`Nombre`) VALUES (0,'Superintendencia de Administración','Administración');
INSERT INTO `Departamento` (`idDepartamento`,`Descripcion`,`Nombre`) VALUES (1,'Superintendencia de Policía Científica','Policía Científica');
INSERT INTO `Departamento` (`idDepartamento`,`Descripcion`,`Nombre`) VALUES (2,'Superintendencia de Seguridad de Estado','Seguridad de Estado');
INSERT INTO `Departamento` (`idDepartamento`,`Descripcion`,`Nombre`) VALUES (3,'Superintendencia de Seguridad y Custodia','Seguridad y Custodia');
INSERT INTO `Departamento` (`idDepartamento`,`Descripcion`,`Nombre`) VALUES (4,'Superintendencia de Drogas Peligrosas','Drogas Peligrosas');
INSERT INTO `Departamento` (`idDepartamento`,`Descripcion`,`Nombre`) VALUES (5,'Superintendencia Federal de Bomberos','Bomberos');
INSERT INTO `Departamento` (`idDepartamento`,`Descripcion`,`Nombre`) VALUES (6,'Tecnologías de la Información y Comunicación','Tecnologías');
INSERT INTO `Departamento` (`idDepartamento`,`Descripcion`,`Nombre`) VALUES (7,'Superintendencia Federal de Orden Público','Orden Público');
INSERT INTO `Departamento` (`idDepartamento`,`Descripcion`,`Nombre`) VALUES (8,'Superintendencia Federal de Transporte','Transporte');
INSERT INTO `Departamento` (`idDepartamento`,`Descripcion`,`Nombre`) VALUES (9,'Superintendencia de Investigaciones Federales','Investigaciones Federales');
INSERT INTO `Departamento` (`idDepartamento`,`Descripcion`,`Nombre`) VALUES (10,'Superintendencia de Planeamiento Policial','Planeamiento Policial');
INSERT INTO `Departamento` (`idDepartamento`,`Descripcion`,`Nombre`) VALUES (11,'Interior y Delitos Federales Complejos','Interior');
INSERT INTO `Departamento` (`idDepartamento`,`Descripcion`,`Nombre`) VALUES (12,'Superintendencia de Bienestar','Bienestar');


INSERT INTO `Oficial` (`num`,`Nombre`,`Apellido`,`FechaIngreso`,`Rango`,`idDepartamento`) VALUES (0,'Carlos','Pérez','2010-01-01','Oficial',0);
INSERT INTO `Oficial` (`num`,`Nombre`,`Apellido`,`FechaIngreso`,`Rango`,`idDepartamento`) VALUES (1,'Roberto','Peluso','2010-02-01','Oficial',1);
INSERT INTO `Oficial` (`num`,`Nombre`,`Apellido`,`FechaIngreso`,`Rango`,`idDepartamento`) VALUES (2,'Lucrecia','Tarquino','2010-03-01','Oficial',2);
INSERT INTO `Oficial` (`num`,`Nombre`,`Apellido`,`FechaIngreso`,`Rango`,`idDepartamento`) VALUES (3,'Jorge','Alba','2010-04-01','Oficial',3);
INSERT INTO `Oficial` (`num`,`Nombre`,`Apellido`,`FechaIngreso`,`Rango`,`idDepartamento`) VALUES (4,'Carlos','Fuentes','2010-05-01','Oficial',4);
INSERT INTO `Oficial` (`num`,`Nombre`,`Apellido`,`FechaIngreso`,`Rango`,`idDepartamento`) VALUES (5,'Juan','de la Palmira','2010-06-01','Oficial',5);
INSERT INTO `Oficial` (`num`,`Nombre`,`Apellido`,`FechaIngreso`,`Rango`,`idDepartamento`) VALUES (6,'Raúl','Bermúdez','2010-07-01','Oficial',6);
INSERT INTO `Oficial` (`num`,`Nombre`,`Apellido`,`FechaIngreso`,`Rango`,`idDepartamento`) VALUES (7,'María','Bermúdez','2010-08-01','Oficial',7);
INSERT INTO `Oficial` (`num`,`Nombre`,`Apellido`,`FechaIngreso`,`Rango`,`idDepartamento`) VALUES (8,'Mercedes','Domínguez','2010-09-01','Oficial',8);
INSERT INTO `Oficial` (`num`,`Nombre`,`Apellido`,`FechaIngreso`,`Rango`,`idDepartamento`) VALUES (9,'Jaime','Resero','2010-10-01','Oficial',9);
INSERT INTO `Oficial` (`num`,`Nombre`,`Apellido`,`FechaIngreso`,`Rango`,`idDepartamento`) VALUES (10,'Raúl','Bonessi','2010-11-01','Oficial',10);
INSERT INTO `Oficial` (`num`,`Nombre`,`Apellido`,`FechaIngreso`,`Rango`,`idDepartamento`) VALUES (11,'Gonzalo','Salvio','2010-12-01','Oficial',11);
INSERT INTO `Oficial` (`num`,`Nombre`,`Apellido`,`FechaIngreso`,`Rango`,`idDepartamento`) VALUES (12,'Gastón','Zurita','2010-01-01','Oficial',12);
INSERT INTO `Oficial` (`num`,`Nombre`,`Apellido`,`FechaIngreso`,`Rango`,`idDepartamento`) VALUES (13,'Martín','Colón','2010-02-01','Oficial',0);
INSERT INTO `Oficial` (`num`,`Nombre`,`Apellido`,`FechaIngreso`,`Rango`,`idDepartamento`) VALUES (14,'Pablo','Falcioni','2010-03-01','Oficial',1);
INSERT INTO `Oficial` (`num`,`Nombre`,`Apellido`,`FechaIngreso`,`Rango`,`idDepartamento`) VALUES (15,'Alcides','Sánchez','2010-04-01','Oficial',2);
INSERT INTO `Oficial` (`num`,`Nombre`,`Apellido`,`FechaIngreso`,`Rango`,`idDepartamento`) VALUES (16,'Gabriel','Miranda','2010-05-01','Oficial',3);
INSERT INTO `Oficial` (`num`,`Nombre`,`Apellido`,`FechaIngreso`,`Rango`,`idDepartamento`) VALUES (17,'Celeste','Stronati','2010-06-01','Oficial',4);
INSERT INTO `Oficial` (`num`,`Nombre`,`Apellido`,`FechaIngreso`,`Rango`,`idDepartamento`) VALUES (18,'Patricia','di Palma','2010-07-01','Oficial',5);
INSERT INTO `Oficial` (`num`,`Nombre`,`Apellido`,`FechaIngreso`,`Rango`,`idDepartamento`) VALUES (19,'Damián','Santos','2010-08-01','Oficial',6);
INSERT INTO `Oficial` (`num`,`Nombre`,`Apellido`,`FechaIngreso`,`Rango`,`idDepartamento`) VALUES (20,'Alfio','Alonso','2010-09-01','Oficial',7);
INSERT INTO `Oficial` (`num`,`Nombre`,`Apellido`,`FechaIngreso`,`Rango`,`idDepartamento`) VALUES (21,'Sebastián','García','2011-02-01','Oficial',8);
INSERT INTO `Oficial` (`num`,`Nombre`,`Apellido`,`FechaIngreso`,`Rango`,`idDepartamento`) VALUES (22,'Agustín','Galarza','2011-03-01','Oficial',9);
INSERT INTO `Oficial` (`num`,`Nombre`,`Apellido`,`FechaIngreso`,`Rango`,`idDepartamento`) VALUES (23,'Ariel','Mussari','2011-03-01','Sargento',10);
INSERT INTO `Oficial` (`num`,`Nombre`,`Apellido`,`FechaIngreso`,`Rango`,`idDepartamento`) VALUES (24,'Christian','Mussari','2011-04-01','Sargento',11);
INSERT INTO `Oficial` (`num`,`Nombre`,`Apellido`,`FechaIngreso`,`Rango`,`idDepartamento`) VALUES (25,'Juan Cruz','Robledo','2011-04-01','Sargento',12);
INSERT INTO `Oficial` (`num`,`Nombre`,`Apellido`,`FechaIngreso`,`Rango`,`idDepartamento`) VALUES (26,'Franco','Murcia','2011-04-01','Sargento',1);
INSERT INTO `Oficial` (`num`,`Nombre`,`Apellido`,`FechaIngreso`,`Rango`,`idDepartamento`) VALUES (27,'Guillermo','Montero','2011-06-01','Sargento',2);
INSERT INTO `Oficial` (`num`,`Nombre`,`Apellido`,`FechaIngreso`,`Rango`,`idDepartamento`) VALUES (28,'Rubén','Luchetti','2011-07-01','Sargento',3);
INSERT INTO `Oficial` (`num`,`Nombre`,`Apellido`,`FechaIngreso`,`Rango`,`idDepartamento`) VALUES (29,'Alan','Grinsky','2013-08-01','Sargento',4);
INSERT INTO `Oficial` (`num`,`Nombre`,`Apellido`,`FechaIngreso`,`Rango`,`idDepartamento`) VALUES (30,'Matías','Goldstein','2014-09-01','Subteniente',5);
INSERT INTO `Oficial` (`num`,`Nombre`,`Apellido`,`FechaIngreso`,`Rango`,`idDepartamento`) VALUES (31,'Iván','Carrillo','2014-10-01','Subteniente',6);
INSERT INTO `Oficial` (`num`,`Nombre`,`Apellido`,`FechaIngreso`,`Rango`,`idDepartamento`) VALUES (32,'Bruno','Jerusalén','2014-11-01','Subteniente',7);
INSERT INTO `Oficial` (`num`,`Nombre`,`Apellido`,`FechaIngreso`,`Rango`,`idDepartamento`) VALUES (33,'Tomás','Yabrán','2014-12-01','Subteniente',8);
INSERT INTO `Oficial` (`num`,`Nombre`,`Apellido`,`FechaIngreso`,`Rango`,`idDepartamento`) VALUES (34,'Andrés','San Martín','2014-01-01','Subteniente',9);
INSERT INTO `Oficial` (`num`,`Nombre`,`Apellido`,`FechaIngreso`,`Rango`,`idDepartamento`) VALUES (35,'Karina','Montoya','2014-01-01','Subteniente',10);
INSERT INTO `Oficial` (`num`,`Nombre`,`Apellido`,`FechaIngreso`,`Rango`,`idDepartamento`) VALUES (36,'Ernesto','Rodríguez','2013-01-01','Subteniente',11);
INSERT INTO `Oficial` (`num`,`Nombre`,`Apellido`,`FechaIngreso`,`Rango`,`idDepartamento`) VALUES (37,'Raúl','Pusiani','2013-02-01','Subteniente',12);
INSERT INTO `Oficial` (`num`,`Nombre`,`Apellido`,`FechaIngreso`,`Rango`,`idDepartamento`) VALUES (38,'Vicente','Pérez','2013-02-01','Subteniente',0);
INSERT INTO `Oficial` (`num`,`Nombre`,`Apellido`,`FechaIngreso`,`Rango`,`idDepartamento`) VALUES (39,'Selma','Laurante','2010-02-01','Subteniente',0);
INSERT INTO `Oficial` (`num`,`Nombre`,`Apellido`,`FechaIngreso`,`Rango`,`idDepartamento`) VALUES (40,'Bautista','Delgado','2013-03-01','Oficial',1);
INSERT INTO `Oficial` (`num`,`Nombre`,`Apellido`,`FechaIngreso`,`Rango`,`idDepartamento`) VALUES (41,'Kevin','Ramírez','2014-04-01','Oficial',2);
INSERT INTO `Oficial` (`num`,`Nombre`,`Apellido`,`FechaIngreso`,`Rango`,`idDepartamento`) VALUES (42,'Carlos','Buenaventura','2015-05-01','Oficial',3);
INSERT INTO `Oficial` (`num`,`Nombre`,`Apellido`,`FechaIngreso`,`Rango`,`idDepartamento`) VALUES (43,'Ricardo','Diáfano','2015-06-01','Oficial',4);
INSERT INTO `Oficial` (`num`,`Nombre`,`Apellido`,`FechaIngreso`,`Rango`,`idDepartamento`) VALUES (44,'María','Bottana','2015-07-01','Oficial',5);
INSERT INTO `Oficial` (`num`,`Nombre`,`Apellido`,`FechaIngreso`,`Rango`,`idDepartamento`) VALUES (45,'Laura','di Marco','2015-08-01','Oficial',6);
INSERT INTO `Oficial` (`num`,`Nombre`,`Apellido`,`FechaIngreso`,`Rango`,`idDepartamento`) VALUES (46,'Paula','Kuhn','2015-08-01','Oficial',7);
INSERT INTO `Oficial` (`num`,`Nombre`,`Apellido`,`FechaIngreso`,`Rango`,`idDepartamento`) VALUES (47,'Geremías','Ferrari','2015-08-01','Oficial',8);
INSERT INTO `Oficial` (`num`,`Nombre`,`Apellido`,`FechaIngreso`,`Rango`,`idDepartamento`) VALUES (48,'Gustavo','Ferreira','2015-09-01','Oficial',9);
INSERT INTO `Oficial` (`num`,`Nombre`,`Apellido`,`FechaIngreso`,`Rango`,`idDepartamento`) VALUES (49,'Johnatan','de Brian','2015-09-01','Oficial',10);
INSERT INTO `Oficial` (`num`,`Nombre`,`Apellido`,`FechaIngreso`,`Rango`,`idDepartamento`) VALUES (50,'Brian','Silente','2015-10-01','Oficial',11);
INSERT INTO `Oficial` (`num`,`Nombre`,`Apellido`,`FechaIngreso`,`Rango`,`idDepartamento`) VALUES (51,'Jesús','Monteverde','2015-02-01','Oficial',12);
INSERT INTO `Oficial` (`num`,`Nombre`,`Apellido`,`FechaIngreso`,`Rango`,`idDepartamento`) VALUES (52,'Jorge','Quindimil','2015-03-01','Oficial',0);
INSERT INTO `Oficial` (`num`,`Nombre`,`Apellido`,`FechaIngreso`,`Rango`,`idDepartamento`) VALUES (53,'Julián','Quindimil','2015-03-01','Oficial',1);
INSERT INTO `Oficial` (`num`,`Nombre`,`Apellido`,`FechaIngreso`,`Rango`,`idDepartamento`) VALUES (54,'Sandra','Fua','2011-03-01','Sargento',2);
INSERT INTO `Oficial` (`num`,`Nombre`,`Apellido`,`FechaIngreso`,`Rango`,`idDepartamento`) VALUES (55,'Romina','Peralta','2011-01-01','Sargento',3);
INSERT INTO `Oficial` (`num`,`Nombre`,`Apellido`,`FechaIngreso`,`Rango`,`idDepartamento`) VALUES (56,'Tobías','Moyano','2011-01-01','Sargento',4);
INSERT INTO `Oficial` (`num`,`Nombre`,`Apellido`,`FechaIngreso`,`Rango`,`idDepartamento`) VALUES (57,'Laura','Matos','2011-01-01','Sargento',5);
INSERT INTO `Oficial` (`num`,`Nombre`,`Apellido`,`FechaIngreso`,`Rango`,`idDepartamento`) VALUES (58,'Diana','Caballero','2011-12-01','Sargento',6);
INSERT INTO `Oficial` (`num`,`Nombre`,`Apellido`,`FechaIngreso`,`Rango`,`idDepartamento`) VALUES (59,'Luana','Expósito','2012-12-01','Sargento',7);
INSERT INTO `Oficial` (`num`,`Nombre`,`Apellido`,`FechaIngreso`,`Rango`,`idDepartamento`) VALUES (60,'Bautista','Rodríguez','2012-12-01','Oficial',8);
INSERT INTO `Oficial` (`num`,`Nombre`,`Apellido`,`FechaIngreso`,`Rango`,`idDepartamento`) VALUES (61,'Gimena','Toresával','2012-12-01','Oficial',9);
INSERT INTO `Oficial` (`num`,`Nombre`,`Apellido`,`FechaIngreso`,`Rango`,`idDepartamento`) VALUES (62,'Raúl','Burgos','2012-12-01','Oficial',10);
INSERT INTO `Oficial` (`num`,`Nombre`,`Apellido`,`FechaIngreso`,`Rango`,`idDepartamento`) VALUES (63,'Emanuel','Bruno','2012-12-01','Oficial',11);
INSERT INTO `Oficial` (`num`,`Nombre`,`Apellido`,`FechaIngreso`,`Rango`,`idDepartamento`) VALUES (64,'Sandra','Fuentealba','2012-11-01','Oficial',12);
INSERT INTO `Oficial` (`num`,`Nombre`,`Apellido`,`FechaIngreso`,`Rango`,`idDepartamento`) VALUES (65,'Celestino','Diam','2012-11-01','Oficial',0);
INSERT INTO `Oficial` (`num`,`Nombre`,`Apellido`,`FechaIngreso`,`Rango`,`idDepartamento`) VALUES (66,'Pablo','Cáceres','2012-10-01','Oficial',1);
INSERT INTO `Oficial` (`num`,`Nombre`,`Apellido`,`FechaIngreso`,`Rango`,`idDepartamento`) VALUES (67,'Roberto','Rama','2013-09-01','Oficial',2);
INSERT INTO `Oficial` (`num`,`Nombre`,`Apellido`,`FechaIngreso`,`Rango`,`idDepartamento`) VALUES (68,'Bruno','Cornaggia','2013-09-01','Oficial',3);
INSERT INTO `Oficial` (`num`,`Nombre`,`Apellido`,`FechaIngreso`,`Rango`,`idDepartamento`) VALUES (69,'Carlos','Gómez','2013-09-01','Oficial',4);



INSERT INTO `AsuntosInternos` (`Oficial_num`) VALUES (3);
INSERT INTO `AsuntosInternos` (`Oficial_num`) VALUES (6);
INSERT INTO `AsuntosInternos` (`Oficial_num`) VALUES (8);
INSERT INTO `AsuntosInternos` (`Oficial_num`) VALUES (13);
INSERT INTO `AsuntosInternos` (`Oficial_num`) VALUES (16);
INSERT INTO `AsuntosInternos` (`Oficial_num`) VALUES (18);
INSERT INTO `AsuntosInternos` (`Oficial_num`) VALUES (23);
INSERT INTO `AsuntosInternos` (`Oficial_num`) VALUES (26);
INSERT INTO `AsuntosInternos` (`Oficial_num`) VALUES (28);
INSERT INTO `AsuntosInternos` (`Oficial_num`) VALUES (33);
INSERT INTO `AsuntosInternos` (`Oficial_num`) VALUES (36);
INSERT INTO `AsuntosInternos` (`Oficial_num`) VALUES (38);
INSERT INTO `AsuntosInternos` (`Oficial_num`) VALUES (43);
INSERT INTO `AsuntosInternos` (`Oficial_num`) VALUES (46);
INSERT INTO `AsuntosInternos` (`Oficial_num`) VALUES (48);
INSERT INTO `AsuntosInternos` (`Oficial_num`) VALUES (53);
INSERT INTO `AsuntosInternos` (`Oficial_num`) VALUES (56);
INSERT INTO `AsuntosInternos` (`Oficial_num`) VALUES (58);
INSERT INTO `AsuntosInternos` (`Oficial_num`) VALUES (63);
INSERT INTO `AsuntosInternos` (`Oficial_num`) VALUES (66);
INSERT INTO `AsuntosInternos` (`Oficial_num`) VALUES (68);


INSERT INTO `Barrio` (`idBarrio`,`Nombre`) VALUES (0,'Belgrano');
INSERT INTO `Barrio` (`idBarrio`,`Nombre`) VALUES (1,'Balvanera');
INSERT INTO `Barrio` (`idBarrio`,`Nombre`) VALUES (2,'Boedo');
INSERT INTO `Barrio` (`idBarrio`,`Nombre`) VALUES (3,'Núñez');
INSERT INTO `Barrio` (`idBarrio`,`Nombre`) VALUES (4,'Congreso');
INSERT INTO `Barrio` (`idBarrio`,`Nombre`) VALUES (5,'Constitución');
INSERT INTO `Barrio` (`idBarrio`,`Nombre`) VALUES (6,'Villa Lugano');
INSERT INTO `Barrio` (`idBarrio`,`Nombre`) VALUES (7,'Villa Real');
INSERT INTO `Barrio` (`idBarrio`,`Nombre`) VALUES (8,'Villa Pueyrredón');
INSERT INTO `Barrio` (`idBarrio`,`Nombre`) VALUES (9,'Once');
INSERT INTO `Barrio` (`idBarrio`,`Nombre`) VALUES (10,'Nueva Pompeya');
INSERT INTO `Barrio` (`idBarrio`,`Nombre`) VALUES (11,'Parque Chas');
INSERT INTO `Barrio` (`idBarrio`,`Nombre`) VALUES (12,'Villa Ortúzar');
INSERT INTO `Barrio` (`idBarrio`,`Nombre`) VALUES (13,'San Nicolás');
INSERT INTO `Barrio` (`idBarrio`,`Nombre`) VALUES (14,'Retiro');
INSERT INTO `Barrio` (`idBarrio`,`Nombre`) VALUES (15,'Villa Urquiza');
INSERT INTO `Barrio` (`idBarrio`,`Nombre`) VALUES (16,'Saavedra');


INSERT INTO `Calle` (`idCalle`,`Nombre`) VALUES (0,'Achával Rodríguez');
INSERT INTO `Calle` (`idCalle`,`Nombre`) VALUES (1,'Acoyte');
INSERT INTO `Calle` (`idCalle`,`Nombre`) VALUES (2,'Albarellos');
INSERT INTO `Calle` (`idCalle`,`Nombre`) VALUES (3,'Alberdi, Juan Bautista');
INSERT INTO `Calle` (`idCalle`,`Nombre`) VALUES (4,'Alem, Leandro N.');
INSERT INTO `Calle` (`idCalle`,`Nombre`) VALUES (5,'Almafuerte');
INSERT INTO `Calle` (`idCalle`,`Nombre`) VALUES (6,'Álvarez, Teniente General Donato');
INSERT INTO `Calle` (`idCalle`,`Nombre`) VALUES (7,'Álvarez Jonte');
INSERT INTO `Calle` (`idCalle`,`Nombre`) VALUES (8,'Álvarez Thomas');
INSERT INTO `Calle` (`idCalle`,`Nombre`) VALUES (9,'Alvear');
INSERT INTO `Calle` (`idCalle`,`Nombre`) VALUES (10,'Alcorta, Amancio');
INSERT INTO `Calle` (`idCalle`,`Nombre`) VALUES (11,'Antártida Argentina');
INSERT INTO `Calle` (`idCalle`,`Nombre`) VALUES (12,'Aranguren, Juan Felipe');
INSERT INTO `Calle` (`idCalle`,`Nombre`) VALUES (13,'Argentina');
INSERT INTO `Calle` (`idCalle`,`Nombre`) VALUES (14,'Asamblea');
INSERT INTO `Calle` (`idCalle`,`Nombre`) VALUES (15,'Asturias');
INSERT INTO `Calle` (`idCalle`,`Nombre`) VALUES (16,'Avellaneda');
INSERT INTO `Calle` (`idCalle`,`Nombre`) VALUES (17,'Balbín, Ricardo');
INSERT INTO `Calle` (`idCalle`,`Nombre`) VALUES (18,'Belgrano');
INSERT INTO `Calle` (`idCalle`,`Nombre`) VALUES (19,'Beiró, Francisco');
INSERT INTO `Calle` (`idCalle`,`Nombre`) VALUES (20,'Berro, Adolfo');
INSERT INTO `Calle` (`idCalle`,`Nombre`) VALUES (21,'Bilbao, Francisco');
INSERT INTO `Calle` (`idCalle`,`Nombre`) VALUES (22,'Boedo');
INSERT INTO `Calle` (`idCalle`,`Nombre`) VALUES (23,'Bonorino');
INSERT INTO `Calle` (`idCalle`,`Nombre`) VALUES (24,'Boyacá');
INSERT INTO `Calle` (`idCalle`,`Nombre`) VALUES (25,'Brasil');
INSERT INTO `Calle` (`idCalle`,`Nombre`) VALUES (26,'Cabildo');
INSERT INTO `Calle` (`idCalle`,`Nombre`) VALUES (27,'Calabria');
INSERT INTO `Calle` (`idCalle`,`Nombre`) VALUES (28,'Callao');
INSERT INTO `Calle` (`idCalle`,`Nombre`) VALUES (29,'Campos, Luis María');
INSERT INTO `Calle` (`idCalle`,`Nombre`) VALUES (30,'del Corro, Canónigo Miguel');
INSERT INTO `Calle` (`idCalle`,`Nombre`) VALUES (31,'Carabobo');
INSERT INTO `Calle` (`idCalle`,`Nombre`) VALUES (32,'Carrasco');
INSERT INTO `Calle` (`idCalle`,`Nombre`) VALUES (33,'Carril, Salvador María del');
INSERT INTO `Calle` (`idCalle`,`Nombre`) VALUES (34,'Casares');
INSERT INTO `Calle` (`idCalle`,`Nombre`) VALUES (35,'Caseros');
INSERT INTO `Calle` (`idCalle`,`Nombre`) VALUES (36,'Castañares');
INSERT INTO `Calle` (`idCalle`,`Nombre`) VALUES (37,'Castillo, Ramón');
INSERT INTO `Calle` (`idCalle`,`Nombre`) VALUES (38,'Castro, Emilio');
INSERT INTO `Calle` (`idCalle`,`Nombre`) VALUES (39,'Chiclana');
INSERT INTO `Calle` (`idCalle`,`Nombre`) VALUES (40,'Chorroarín');
INSERT INTO `Calle` (`idCalle`,`Nombre`) VALUES (41,'Cobo');
INSERT INTO `Calle` (`idCalle`,`Nombre`) VALUES (42,'Colombia');
INSERT INTO `Calle` (`idCalle`,`Nombre`) VALUES (43,'Congreso');
INSERT INTO `Calle` (`idCalle`,`Nombre`) VALUES (44,'Córdoba');
INSERT INTO `Calle` (`idCalle`,`Nombre`) VALUES (45,'Coronel Roca');
INSERT INTO `Calle` (`idCalle`,`Nombre`) VALUES (46,'Corrientes');
INSERT INTO `Calle` (`idCalle`,`Nombre`) VALUES (47,'Crámer');
INSERT INTO `Calle` (`idCalle`,`Nombre`) VALUES (48,'Crisólogo Larralde');
INSERT INTO `Calle` (`idCalle`,`Nombre`) VALUES (49,'Cruz, Osvaldo');
INSERT INTO `Calle` (`idCalle`,`Nombre`) VALUES (50,'Curapaligüe');
INSERT INTO `Calle` (`idCalle`,`Nombre`) VALUES (51,'Daract');
INSERT INTO `Calle` (`idCalle`,`Nombre`) VALUES (52,'de la Rábida');
INSERT INTO `Calle` (`idCalle`,`Nombre`) VALUES (53,'de los Constituyentes');
INSERT INTO `Calle` (`idCalle`,`Nombre`) VALUES (54,'de los Incas');
INSERT INTO `Calle` (`idCalle`,`Nombre`) VALUES (55,'de los Inmigrante');
INSERT INTO `Calle` (`idCalle`,`Nombre`) VALUES (56,'de los Italianos');
INSERT INTO `Calle` (`idCalle`,`Nombre`) VALUES (57,'de Mayo');
INSERT INTO `Calle` (`idCalle`,`Nombre`) VALUES (58,'del Campo');
INSERT INTO `Calle` (`idCalle`,`Nombre`) VALUES (59,'del Fomentista');
INSERT INTO `Calle` (`idCalle`,`Nombre`) VALUES (60,'del Libertador');
INSERT INTO `Calle` (`idCalle`,`Nombre`) VALUES (61,'Derqui');
INSERT INTO `Calle` (`idCalle`,`Nombre`) VALUES (62,'Díaz, Coronel');
INSERT INTO `Calle` (`idCalle`,`Nombre`) VALUES (63,'Díaz Vélez');
INSERT INTO `Calle` (`idCalle`,`Nombre`) VALUES (64,'Directorio');
INSERT INTO `Calle` (`idCalle`,`Nombre`) VALUES (65,'Dorrego');
INSERT INTO `Calle` (`idCalle`,`Nombre`) VALUES (66,'Edison, Tomás Alva');
INSERT INTO `Calle` (`idCalle`,`Nombre`) VALUES (67,'Elcano');
INSERT INTO `Calle` (`idCalle`,`Nombre`) VALUES (68,'Entre Ríos');
INSERT INTO `Calle` (`idCalle`,`Nombre`) VALUES (69,'Escalada');
INSERT INTO `Calle` (`idCalle`,`Nombre`) VALUES (70,'España');
INSERT INTO `Calle` (`idCalle`,`Nombre`) VALUES (71,'Estado de Israel');
INSERT INTO `Calle` (`idCalle`,`Nombre`) VALUES (72,'Eva Perón');
INSERT INTO `Calle` (`idCalle`,`Nombre`) VALUES (73,'Fernández de la Cruz, General Francisco');
INSERT INTO `Calle` (`idCalle`,`Nombre`) VALUES (74,'Figueroa Alcorta');
INSERT INTO `Calle` (`idCalle`,`Nombre`) VALUES (75,'Forest');
INSERT INTO `Calle` (`idCalle`,`Nombre`) VALUES (76,'Gaona');
INSERT INTO `Calle` (`idCalle`,`Nombre`) VALUES (77,'García del Río');
INSERT INTO `Calle` (`idCalle`,`Nombre`) VALUES (78,'Gallardo, Ángel');
INSERT INTO `Calle` (`idCalle`,`Nombre`) VALUES (79,'Garmendia');
INSERT INTO `Calle` (`idCalle`,`Nombre`) VALUES (80,'Gendarmería Nacional');
INSERT INTO `Calle` (`idCalle`,`Nombre`) VALUES (81,'Garay, Juan de');
INSERT INTO `Calle` (`idCalle`,`Nombre`) VALUES (82,'Goyena, Pedro');
INSERT INTO `Calle` (`idCalle`,`Nombre`) VALUES (83,'Goyeneche, Roberto');
INSERT INTO `Calle` (`idCalle`,`Nombre`) VALUES (84,'Griveo');
INSERT INTO `Calle` (`idCalle`,`Nombre`) VALUES (85,'Guzmán');
INSERT INTO `Calle` (`idCalle`,`Nombre`) VALUES (86,'Huergo, Ingeniero');
INSERT INTO `Calle` (`idCalle`,`Nombre`) VALUES (87,'Independencia');
INSERT INTO `Calle` (`idCalle`,`Nombre`) VALUES (88,'Infanta Isabel');
INSERT INTO `Calle` (`idCalle`,`Nombre`) VALUES (89,'Intendente Bullrich');
INSERT INTO `Calle` (`idCalle`,`Nombre`) VALUES (90,'Intendente Cantilo');
INSERT INTO `Calle` (`idCalle`,`Nombre`) VALUES (91,'Intendente Güiraldes');
INSERT INTO `Calle` (`idCalle`,`Nombre`) VALUES (92,'Intendente Noel');
INSERT INTO `Calle` (`idCalle`,`Nombre`) VALUES (93,'Iraola');
INSERT INTO `Calle` (`idCalle`,`Nombre`) VALUES (94,'Jujuy');
INSERT INTO `Calle` (`idCalle`,`Nombre`) VALUES (95,'Juramento');
INSERT INTO `Calle` (`idCalle`,`Nombre`) VALUES (96,'Justo, Juan B.');
INSERT INTO `Calle` (`idCalle`,`Nombre`) VALUES (97,'La Plata');
INSERT INTO `Calle` (`idCalle`,`Nombre`) VALUES (98,'Lacarra');
INSERT INTO `Calle` (`idCalle`,`Nombre`) VALUES (99,'Lacroze, Federico');
INSERT INTO `Calle` (`idCalle`,`Nombre`) VALUES (100,'Lafuente');
INSERT INTO `Calle` (`idCalle`,`Nombre`) VALUES (101,'Larrazábal');
INSERT INTO `Calle` (`idCalle`,`Nombre`) VALUES (102,'Las Heras, General');
INSERT INTO `Calle` (`idCalle`,`Nombre`) VALUES (103,'Lastr');
INSERT INTO `Calle` (`idCalle`,`Nombre`) VALUES (104,'Lillo');
INSERT INTO `Calle` (`idCalle`,`Nombre`) VALUES (105,'Lisandro de la Torre');
INSERT INTO `Calle` (`idCalle`,`Nombre`) VALUES (106,'Lope de Vega');
INSERT INTO `Calle` (`idCalle`,`Nombre`) VALUES (107,'Madero, Eduardo');
INSERT INTO `Calle` (`idCalle`,`Nombre`) VALUES (108,'Medrano');
INSERT INTO `Calle` (`idCalle`,`Nombre`) VALUES (109,'Melian');
INSERT INTO `Calle` (`idCalle`,`Nombre`) VALUES (110,'Monroe');
INSERT INTO `Calle` (`idCalle`,`Nombre`) VALUES (111,'Montes de Oca');
INSERT INTO `Calle` (`idCalle`,`Nombre`) VALUES (112,'Montt, Pedro');
INSERT INTO `Calle` (`idCalle`,`Nombre`) VALUES (113,'Moreno, Perito');
INSERT INTO `Calle` (`idCalle`,`Nombre`) VALUES (114,'Moreno, José María');
INSERT INTO `Calle` (`idCalle`,`Nombre`) VALUES (115,'Moreau de Justo, Alicia');
INSERT INTO `Calle` (`idCalle`,`Nombre`) VALUES (116,'Mosconi, General');
INSERT INTO `Calle` (`idCalle`,`Nombre`) VALUES (117,'Nazca');
INSERT INTO `Calle` (`idCalle`,`Nombre`) VALUES (118,'Obligado, Rafael');
INSERT INTO `Calle` (`idCalle`,`Nombre`) VALUES (119,'Olivera');
INSERT INTO `Calle` (`idCalle`,`Nombre`) VALUES (120,'Ortiz de Ocampo');
INSERT INTO `Calle` (`idCalle`,`Nombre`) VALUES (121,'Paseo Colón');
INSERT INTO `Calle` (`idCalle`,`Nombre`) VALUES (122,'Patricias Argentinas');
INSERT INTO `Calle` (`idCalle`,`Nombre`) VALUES (123,'Piedra Buena');
INSERT INTO `Calle` (`idCalle`,`Nombre`) VALUES (124,'Prefectura Naval Argentina');
INSERT INTO `Calle` (`idCalle`,`Nombre`) VALUES (125,'Pueyrredón');
INSERT INTO `Calle` (`idCalle`,`Nombre`) VALUES (126,'Pueyrredón, Dr. Honorio');
INSERT INTO `Calle` (`idCalle`,`Nombre`) VALUES (127,'Punta Arenas');
INSERT INTO `Calle` (`idCalle`,`Nombre`) VALUES (128,'Py, Comodoro');
INSERT INTO `Calle` (`idCalle`,`Nombre`) VALUES (129,'Presidente Quintana');
INSERT INTO `Calle` (`idCalle`,`Nombre`) VALUES (130,'Quartino, Ingeniero');
INSERT INTO `Calle` (`idCalle`,`Nombre`) VALUES (131,'Ramallo');
INSERT INTO `Calle` (`idCalle`,`Nombre`) VALUES (132,'Dr. José Ramos Mejía');
INSERT INTO `Calle` (`idCalle`,`Nombre`) VALUES (133,'Rawson de Dellepiane, Elvira');
INSERT INTO `Calle` (`idCalle`,`Nombre`) VALUES (134,'Remedios');
INSERT INTO `Calle` (`idCalle`,`Nombre`) VALUES (135,'Reservistas Argentinos');
INSERT INTO `Calle` (`idCalle`,`Nombre`) VALUES (136,'Riestra');
INSERT INTO `Calle` (`idCalle`,`Nombre`) VALUES (137,'Rivadavia');
INSERT INTO `Calle` (`idCalle`,`Nombre`) VALUES (138,'Rivadavia, Comodoro Martín');
INSERT INTO `Calle` (`idCalle`,`Nombre`) VALUES (139,'Roca, Presidente Julio Argentino');
INSERT INTO `Calle` (`idCalle`,`Nombre`) VALUES (140,'Roldán, Belisario');
INSERT INTO `Calle` (`idCalle`,`Nombre`) VALUES (141,'Rosales');
INSERT INTO `Calle` (`idCalle`,`Nombre`) VALUES (142,'Ruiz Huidobro');
INSERT INTO `Calle` (`idCalle`,`Nombre`) VALUES (143,'Sáenz');
INSERT INTO `Calle` (`idCalle`,`Nombre`) VALUES (144,'Sáenz Peña, Presidente Roque');
INSERT INTO `Calle` (`idCalle`,`Nombre`) VALUES (145,'San Isidro');
INSERT INTO `Calle` (`idCalle`,`Nombre`) VALUES (146,'San Juan');
INSERT INTO `Calle` (`idCalle`,`Nombre`) VALUES (147,'San Martín');
INSERT INTO `Calle` (`idCalle`,`Nombre`) VALUES (148,'San Pedrito');
INSERT INTO `Calle` (`idCalle`,`Nombre`) VALUES (149,'Sánchez de Loria');
INSERT INTO `Calle` (`idCalle`,`Nombre`) VALUES (150,'Santa F');
INSERT INTO `Calle` (`idCalle`,`Nombre`) VALUES (151,'Santiago de Compostela');
INSERT INTO `Calle` (`idCalle`,`Nombre`) VALUES (152,'Sarmiento');
INSERT INTO `Calle` (`idCalle`,`Nombre`) VALUES (153,'Sarmiento, General');
INSERT INTO `Calle` (`idCalle`,`Nombre`) VALUES (154,'Scalabrini Ortiz');
INSERT INTO `Calle` (`idCalle`,`Nombre`) VALUES (155,'Segurola');
INSERT INTO `Calle` (`idCalle`,`Nombre`) VALUES (156,'Suárez');
INSERT INTO `Calle` (`idCalle`,`Nombre`) VALUES (157,'Triunvirato');
INSERT INTO `Calle` (`idCalle`,`Nombre`) VALUES (158,'Udaondo');
INSERT INTO `Calle` (`idCalle`,`Nombre`) VALUES (159,'Uruguay');
INSERT INTO `Calle` (`idCalle`,`Nombre`) VALUES (160,'Varela');
INSERT INTO `Calle` (`idCalle`,`Nombre`) VALUES (161,'Vélez Sársfield');
INSERT INTO `Calle` (`idCalle`,`Nombre`) VALUES (162,'Virrey Vértiz');
INSERT INTO `Calle` (`idCalle`,`Nombre`) VALUES (163,'Warnes');
INSERT INTO `Calle` (`idCalle`,`Nombre`) VALUES (164,'White');
INSERT INTO `Calle` (`idCalle`,`Nombre`) VALUES (165,'3 de Febrero');
INSERT INTO `Calle` (`idCalle`,`Nombre`) VALUES (166,'11 de Septiembre');
INSERT INTO `Calle` (`idCalle`,`Nombre`) VALUES (167,'14 de Julio');
INSERT INTO `Calle` (`idCalle`,`Nombre`) VALUES (168,'Acassuso');
INSERT INTO `Calle` (`idCalle`,`Nombre`) VALUES (169,'Acevedo');
INSERT INTO `Calle` (`idCalle`,`Nombre`) VALUES (170,'Aguilar');
INSERT INTO `Calle` (`idCalle`,`Nombre`) VALUES (171,'Aguirre');
INSERT INTO `Calle` (`idCalle`,`Nombre`) VALUES (172,'Agüero');
INSERT INTO `Calle` (`idCalle`,`Nombre`) VALUES (173,'Aizpurúa');
INSERT INTO `Calle` (`idCalle`,`Nombre`) VALUES (174,'Alsina, Adolfo');
INSERT INTO `Calle` (`idCalle`,`Nombre`) VALUES (175,'Álvarez Jonte');
INSERT INTO `Calle` (`idCalle`,`Nombre`) VALUES (176,'Ambrosetti, Juan B.');
INSERT INTO `Calle` (`idCalle`,`Nombre`) VALUES (177,'Amenabar');
INSERT INTO `Calle` (`idCalle`,`Nombre`) VALUES (178,'Ancaste');
INSERT INTO `Calle` (`idCalle`,`Nombre`) VALUES (179,'Aranguren, Dr. F.');
INSERT INTO `Calle` (`idCalle`,`Nombre`) VALUES (180,'Arce');
INSERT INTO `Calle` (`idCalle`,`Nombre`) VALUES (181,'Arcos');
INSERT INTO `Calle` (`idCalle`,`Nombre`) VALUES (182,'Arevalo');
INSERT INTO `Calle` (`idCalle`,`Nombre`) VALUES (183,'Argerich');
INSERT INTO `Calle` (`idCalle`,`Nombre`) VALUES (184,'Arguibel, Andrés');
INSERT INTO `Calle` (`idCalle`,`Nombre`) VALUES (185,'Arias');
INSERT INTO `Calle` (`idCalle`,`Nombre`) VALUES (186,'Arregui');
INSERT INTO `Calle` (`idCalle`,`Nombre`) VALUES (187,'Arribeños');
INSERT INTO `Calle` (`idCalle`,`Nombre`) VALUES (188,'Arroyo');
INSERT INTO `Calle` (`idCalle`,`Nombre`) VALUES (189,'Artigas, General Jose');
INSERT INTO `Calle` (`idCalle`,`Nombre`) VALUES (190,'Ascasubi');
INSERT INTO `Calle` (`idCalle`,`Nombre`) VALUES (191,'Austria');
INSERT INTO `Calle` (`idCalle`,`Nombre`) VALUES (192,'Azurduy, Juana');
INSERT INTO `Calle` (`idCalle`,`Nombre`) VALUES (193,'Bacacay');
INSERT INTO `Calle` (`idCalle`,`Nombre`) VALUES (194,'Baez');
INSERT INTO `Calle` (`idCalle`,`Nombre`) VALUES (195,'Balbastro');
INSERT INTO `Calle` (`idCalle`,`Nombre`) VALUES (196,'Balcarce');
INSERT INTO `Calle` (`idCalle`,`Nombre`) VALUES (197,'Bermúdez');
INSERT INTO `Calle` (`idCalle`,`Nombre`) VALUES (198,'Bogado');
INSERT INTO `Calle` (`idCalle`,`Nombre`) VALUES (199,'Bogotá');
INSERT INTO `Calle` (`idCalle`,`Nombre`) VALUES (200,'Bolaños');
INSERT INTO `Calle` (`idCalle`,`Nombre`) VALUES (201,'Bolivar');
INSERT INTO `Calle` (`idCalle`,`Nombre`) VALUES (202,'Bolivia');
INSERT INTO `Calle` (`idCalle`,`Nombre`) VALUES (203,'Bollini');
INSERT INTO `Calle` (`idCalle`,`Nombre`) VALUES (204,'Bolonia');
INSERT INTO `Calle` (`idCalle`,`Nombre`) VALUES (205,'Bonpland');
INSERT INTO `Calle` (`idCalle`,`Nombre`) VALUES (206,'Boulougne Sur Mer');
INSERT INTO `Calle` (`idCalle`,`Nombre`) VALUES (207,'Brandsen');
INSERT INTO `Calle` (`idCalle`,`Nombre`) VALUES (208,'Bufano, Alfredo R');
INSERT INTO `Calle` (`idCalle`,`Nombre`) VALUES (209,'Bulgaria');
INSERT INTO `Calle` (`idCalle`,`Nombre`) VALUES (210,'Bulnes');
INSERT INTO `Calle` (`idCalle`,`Nombre`) VALUES (211,'Pasaje	Butteler');
INSERT INTO `Calle` (`idCalle`,`Nombre`) VALUES (212,'Butty, Ingeniero E.');
INSERT INTO `Calle` (`idCalle`,`Nombre`) VALUES (213,'Cabrera, José A.');
INSERT INTO `Calle` (`idCalle`,`Nombre`) VALUES (214,'Cachimayo');
INSERT INTO `Calle` (`idCalle`,`Nombre`) VALUES (215,'Caldas');
INSERT INTO `Calle` (`idCalle`,`Nombre`) VALUES (216,'Calderón de la Barca, Pedro');
INSERT INTO `Calle` (`idCalle`,`Nombre`) VALUES (217,'Camargo');
INSERT INTO `Calle` (`idCalle`,`Nombre`) VALUES (218,'Camarones');
INSERT INTO `Calle` (`idCalle`,`Nombre`) VALUES (219,'Campana');
INSERT INTO `Calle` (`idCalle`,`Nombre`) VALUES (220,'Campos Salles');
INSERT INTO `Calle` (`idCalle`,`Nombre`) VALUES (221,'Caracas');
INSERT INTO `Calle` (`idCalle`,`Nombre`) VALUES (222,'Pasaje	Carapachay');
INSERT INTO `Calle` (`idCalle`,`Nombre`) VALUES (223,'Castillo');
INSERT INTO `Calle` (`idCalle`,`Nombre`) VALUES (224,'Centenera, Del Barco');
INSERT INTO `Calle` (`idCalle`,`Nombre`) VALUES (225,'Cervantes');
INSERT INTO `Calle` (`idCalle`,`Nombre`) VALUES (226,'Cespedes');
INSERT INTO `Calle` (`idCalle`,`Nombre`) VALUES (227,'Charcas');
INSERT INTO `Calle` (`idCalle`,`Nombre`) VALUES (228,'Chuttro, Profesor Pedro');
INSERT INTO `Calle` (`idCalle`,`Nombre`) VALUES (229,'Ciudad de la Paz');
INSERT INTO `Calle` (`idCalle`,`Nombre`) VALUES (230,'Colpayo');
INSERT INTO `Calle` (`idCalle`,`Nombre`) VALUES (231,'Concordia');
INSERT INTO `Calle` (`idCalle`,`Nombre`) VALUES (232,'Condarco');
INSERT INTO `Calle` (`idCalle`,`Nombre`) VALUES (233,'Conde');
INSERT INTO `Calle` (`idCalle`,`Nombre`) VALUES (234,'Conesa');
INSERT INTO `Calle` (`idCalle`,`Nombre`) VALUES (235,'Coni, Dr. Emilio R.');
INSERT INTO `Calle` (`idCalle`,`Nombre`) VALUES (236,'Cooke, John W.');
INSERT INTO `Calle` (`idCalle`,`Nombre`) VALUES (237,'Correa');
INSERT INTO `Calle` (`idCalle`,`Nombre`) VALUES (238,'Cortina');
INSERT INTO `Calle` (`idCalle`,`Nombre`) VALUES (239,'Cosquín');
INSERT INTO `Calle` (`idCalle`,`Nombre`) VALUES (240,'Cossio, García de');
INSERT INTO `Calle` (`idCalle`,`Nombre`) VALUES (241,'Costa Rica');
INSERT INTO `Calle` (`idCalle`,`Nombre`) VALUES (242,'Cuba');
INSERT INTO `Calle` (`idCalle`,`Nombre`) VALUES (243,'Cucha Cucha');
INSERT INTO `Calle` (`idCalle`,`Nombre`) VALUES (244,'Cuenca');
INSERT INTO `Calle` (`idCalle`,`Nombre`) VALUES (245,'Darregueyra');
INSERT INTO `Calle` (`idCalle`,`Nombre`) VALUES (246,'Defensa');
INSERT INTO `Calle` (`idCalle`,`Nombre`) VALUES (247,'Deheza');
INSERT INTO `Calle` (`idCalle`,`Nombre`) VALUES (248,'Delgado');
INSERT INTO `Calle` (`idCalle`,`Nombre`) VALUES (249,'Dickmann, Doctor Adolfo');
INSERT INTO `Calle` (`idCalle`,`Nombre`) VALUES (250,'Donado');
INSERT INTO `Calle` (`idCalle`,`Nombre`) VALUES (251,'Dragones');
INSERT INTO `Calle` (`idCalle`,`Nombre`) VALUES (252,'Echeverria');
INSERT INTO `Calle` (`idCalle`,`Nombre`) VALUES (253,'Ecuador');
INSERT INTO `Calle` (`idCalle`,`Nombre`) VALUES (254,'El Salvador');
INSERT INTO `Calle` (`idCalle`,`Nombre`) VALUES (255,'Eslovenia, República de');
INSERT INTO `Calle` (`idCalle`,`Nombre`) VALUES (256,'Esparza');
INSERT INTO `Calle` (`idCalle`,`Nombre`) VALUES (257,'Espinosa');
INSERT INTO `Calle` (`idCalle`,`Nombre`) VALUES (258,'Esquiú');
INSERT INTO `Calle` (`idCalle`,`Nombre`) VALUES (259,'Estados Unidos');
INSERT INTO `Calle` (`idCalle`,`Nombre`) VALUES (260,'Estomba');
INSERT INTO `Calle` (`idCalle`,`Nombre`) VALUES (261,'Esteves Sagui');
INSERT INTO `Calle` (`idCalle`,`Nombre`) VALUES (262,'Falcón, Ramón Lorenz');
INSERT INTO `Calle` (`idCalle`,`Nombre`) VALUES (263,'Ferreyra, Andres	');
INSERT INTO `Calle` (`idCalle`,`Nombre`) VALUES (264,'Florida');


INSERT INTO `Direccion` (`idDireccion`,`calle`,`Altura`,`Barrio_idBarrio`,`calleAledaña1`,`calleAledaña2`) VALUES (0,14,2571,9,43,202);
INSERT INTO `Direccion` (`idDireccion`,`calle`,`Altura`,`Barrio_idBarrio`,`calleAledaña1`,`calleAledaña2`) VALUES (1,14,2578,9,43,202);
INSERT INTO `Direccion` (`idDireccion`,`calle`,`Altura`,`Barrio_idBarrio`,`calleAledaña1`,`calleAledaña2`) VALUES (2,204,1555,9,151,101);
INSERT INTO `Direccion` (`idDireccion`,`calle`,`Altura`,`Barrio_idBarrio`,`calleAledaña1`,`calleAledaña2`) VALUES (3,231,472,11,230,228);
INSERT INTO `Direccion` (`idDireccion`,`calle`,`Altura`,`Barrio_idBarrio`,`calleAledaña1`,`calleAledaña2`) VALUES (4,262,74,8,251,203);
INSERT INTO `Direccion` (`idDireccion`,`calle`,`Altura`,`Barrio_idBarrio`,`calleAledaña1`,`calleAledaña2`) VALUES (5,114,558,12,136,122);
INSERT INTO `Direccion` (`idDireccion`,`calle`,`Altura`,`Barrio_idBarrio`,`calleAledaña1`,`calleAledaña2`) VALUES (6,212,1635,15,221,11);
INSERT INTO `Direccion` (`idDireccion`,`calle`,`Altura`,`Barrio_idBarrio`,`calleAledaña1`,`calleAledaña2`) VALUES (7,26,2570,9,215,26);
INSERT INTO `Direccion` (`idDireccion`,`calle`,`Altura`,`Barrio_idBarrio`,`calleAledaña1`,`calleAledaña2`) VALUES (8,243,30,1,137,58);
INSERT INTO `Direccion` (`idDireccion`,`calle`,`Altura`,`Barrio_idBarrio`,`calleAledaña1`,`calleAledaña2`) VALUES (9,76,2403,2,27,94);
INSERT INTO `Direccion` (`idDireccion`,`calle`,`Altura`,`Barrio_idBarrio`,`calleAledaña1`,`calleAledaña2`) VALUES (10,28,152,10,137,181);
INSERT INTO `Direccion` (`idDireccion`,`calle`,`Altura`,`Barrio_idBarrio`,`calleAledaña1`,`calleAledaña2`) VALUES (11,215,1050,10,261,0);
INSERT INTO `Direccion` (`idDireccion`,`calle`,`Altura`,`Barrio_idBarrio`,`calleAledaña1`,`calleAledaña2`) VALUES (12,69,1219,14,109,144);
INSERT INTO `Direccion` (`idDireccion`,`calle`,`Altura`,`Barrio_idBarrio`,`calleAledaña1`,`calleAledaña2`) VALUES (13,119,2098,4,197,221);
INSERT INTO `Direccion` (`idDireccion`,`calle`,`Altura`,`Barrio_idBarrio`,`calleAledaña1`,`calleAledaña2`) VALUES (14,31,640,8,201,29);
INSERT INTO `Direccion` (`idDireccion`,`calle`,`Altura`,`Barrio_idBarrio`,`calleAledaña1`,`calleAledaña2`) VALUES (15,209,1404,4,128,125);
INSERT INTO `Direccion` (`idDireccion`,`calle`,`Altura`,`Barrio_idBarrio`,`calleAledaña1`,`calleAledaña2`) VALUES (16,99,1553,9,192,90);
INSERT INTO `Direccion` (`idDireccion`,`calle`,`Altura`,`Barrio_idBarrio`,`calleAledaña1`,`calleAledaña2`) VALUES (17,156,2779,1,78,185);
INSERT INTO `Direccion` (`idDireccion`,`calle`,`Altura`,`Barrio_idBarrio`,`calleAledaña1`,`calleAledaña2`) VALUES (18,108,1732,16,254,99);
INSERT INTO `Direccion` (`idDireccion`,`calle`,`Altura`,`Barrio_idBarrio`,`calleAledaña1`,`calleAledaña2`) VALUES (19,39,1788,14,101,199);
INSERT INTO `Direccion` (`idDireccion`,`calle`,`Altura`,`Barrio_idBarrio`,`calleAledaña1`,`calleAledaña2`) VALUES (20,54,1334,5,172,195);
INSERT INTO `Direccion` (`idDireccion`,`calle`,`Altura`,`Barrio_idBarrio`,`calleAledaña1`,`calleAledaña2`) VALUES (21,150,316,8,212,121);
INSERT INTO `Direccion` (`idDireccion`,`calle`,`Altura`,`Barrio_idBarrio`,`calleAledaña1`,`calleAledaña2`) VALUES (22,231,267,4,184,115);
INSERT INTO `Direccion` (`idDireccion`,`calle`,`Altura`,`Barrio_idBarrio`,`calleAledaña1`,`calleAledaña2`) VALUES (23,130,929,7,8,244);
INSERT INTO `Direccion` (`idDireccion`,`calle`,`Altura`,`Barrio_idBarrio`,`calleAledaña1`,`calleAledaña2`) VALUES (24,114,2552,10,85,211);
INSERT INTO `Direccion` (`idDireccion`,`calle`,`Altura`,`Barrio_idBarrio`,`calleAledaña1`,`calleAledaña2`) VALUES (25,127,2035,3,227,224);
INSERT INTO `Direccion` (`idDireccion`,`calle`,`Altura`,`Barrio_idBarrio`,`calleAledaña1`,`calleAledaña2`) VALUES (26,206,417,3,28,236);
INSERT INTO `Direccion` (`idDireccion`,`calle`,`Altura`,`Barrio_idBarrio`,`calleAledaña1`,`calleAledaña2`) VALUES (27,240,1820,14,87,168);
INSERT INTO `Direccion` (`idDireccion`,`calle`,`Altura`,`Barrio_idBarrio`,`calleAledaña1`,`calleAledaña2`) VALUES (28,112,2556,3,187,56);
INSERT INTO `Direccion` (`idDireccion`,`calle`,`Altura`,`Barrio_idBarrio`,`calleAledaña1`,`calleAledaña2`) VALUES (29,231,2920,9,159,30);
INSERT INTO `Direccion` (`idDireccion`,`calle`,`Altura`,`Barrio_idBarrio`,`calleAledaña1`,`calleAledaña2`) VALUES (30,185,142,10,154,128);
INSERT INTO `Direccion` (`idDireccion`,`calle`,`Altura`,`Barrio_idBarrio`,`calleAledaña1`,`calleAledaña2`) VALUES (31,13,1925,15,237,97);
INSERT INTO `Direccion` (`idDireccion`,`calle`,`Altura`,`Barrio_idBarrio`,`calleAledaña1`,`calleAledaña2`) VALUES (32,79,2302,13,94,252);
INSERT INTO `Direccion` (`idDireccion`,`calle`,`Altura`,`Barrio_idBarrio`,`calleAledaña1`,`calleAledaña2`) VALUES (33,225,606,16,137,170);
INSERT INTO `Direccion` (`idDireccion`,`calle`,`Altura`,`Barrio_idBarrio`,`calleAledaña1`,`calleAledaña2`) VALUES (34,46,904,3,141,185);
INSERT INTO `Direccion` (`idDireccion`,`calle`,`Altura`,`Barrio_idBarrio`,`calleAledaña1`,`calleAledaña2`) VALUES (35,13,1085,9,263,63);
INSERT INTO `Direccion` (`idDireccion`,`calle`,`Altura`,`Barrio_idBarrio`,`calleAledaña1`,`calleAledaña2`) VALUES (36,197,1208,3,85,57);
INSERT INTO `Direccion` (`idDireccion`,`calle`,`Altura`,`Barrio_idBarrio`,`calleAledaña1`,`calleAledaña2`) VALUES (37,85,420,1,124,174);
INSERT INTO `Direccion` (`idDireccion`,`calle`,`Altura`,`Barrio_idBarrio`,`calleAledaña1`,`calleAledaña2`) VALUES (38,240,1221,1,185,109);
INSERT INTO `Direccion` (`idDireccion`,`calle`,`Altura`,`Barrio_idBarrio`,`calleAledaña1`,`calleAledaña2`) VALUES (39,199,656,14,21,195);
INSERT INTO `Direccion` (`idDireccion`,`calle`,`Altura`,`Barrio_idBarrio`,`calleAledaña1`,`calleAledaña2`) VALUES (40,73,4180,9,95,215);
INSERT INTO `Direccion` (`idDireccion`,`calle`,`Altura`,`Barrio_idBarrio`,`calleAledaña1`,`calleAledaña2`) VALUES (41,136,1659,12,58,157);
INSERT INTO `Direccion` (`idDireccion`,`calle`,`Altura`,`Barrio_idBarrio`,`calleAledaña1`,`calleAledaña2`) VALUES (42,176,3229,8,231,194);
INSERT INTO `Direccion` (`idDireccion`,`calle`,`Altura`,`Barrio_idBarrio`,`calleAledaña1`,`calleAledaña2`) VALUES (43,90,1534,0,48,177);
INSERT INTO `Direccion` (`idDireccion`,`calle`,`Altura`,`Barrio_idBarrio`,`calleAledaña1`,`calleAledaña2`) VALUES (44,238,892,11,178,248);
INSERT INTO `Direccion` (`idDireccion`,`calle`,`Altura`,`Barrio_idBarrio`,`calleAledaña1`,`calleAledaña2`) VALUES (45,247,519,15,75,0);
INSERT INTO `Direccion` (`idDireccion`,`calle`,`Altura`,`Barrio_idBarrio`,`calleAledaña1`,`calleAledaña2`) VALUES (46,241,516,2,29,115);
INSERT INTO `Direccion` (`idDireccion`,`calle`,`Altura`,`Barrio_idBarrio`,`calleAledaña1`,`calleAledaña2`) VALUES (47,183,2159,15,21,151);
INSERT INTO `Direccion` (`idDireccion`,`calle`,`Altura`,`Barrio_idBarrio`,`calleAledaña1`,`calleAledaña2`) VALUES (48,44,778,12,151,113);
INSERT INTO `Direccion` (`idDireccion`,`calle`,`Altura`,`Barrio_idBarrio`,`calleAledaña1`,`calleAledaña2`) VALUES (49,151,1618,1,177,118);
INSERT INTO `Direccion` (`idDireccion`,`calle`,`Altura`,`Barrio_idBarrio`,`calleAledaña1`,`calleAledaña2`) VALUES (50,17,2284,3,262,195);
INSERT INTO `Direccion` (`idDireccion`,`calle`,`Altura`,`Barrio_idBarrio`,`calleAledaña1`,`calleAledaña2`) VALUES (51,106,2467,8,160,134);
INSERT INTO `Direccion` (`idDireccion`,`calle`,`Altura`,`Barrio_idBarrio`,`calleAledaña1`,`calleAledaña2`) VALUES (52,235,1695,12,92,0);
INSERT INTO `Direccion` (`idDireccion`,`calle`,`Altura`,`Barrio_idBarrio`,`calleAledaña1`,`calleAledaña2`) VALUES (53,244,2033,5,72,161);
INSERT INTO `Direccion` (`idDireccion`,`calle`,`Altura`,`Barrio_idBarrio`,`calleAledaña1`,`calleAledaña2`) VALUES (54,54,2467,1,61,57);
INSERT INTO `Direccion` (`idDireccion`,`calle`,`Altura`,`Barrio_idBarrio`,`calleAledaña1`,`calleAledaña2`) VALUES (55,194,3477,4,20,129);
INSERT INTO `Direccion` (`idDireccion`,`calle`,`Altura`,`Barrio_idBarrio`,`calleAledaña1`,`calleAledaña2`) VALUES (56,250,2075,2,164,87);
INSERT INTO `Direccion` (`idDireccion`,`calle`,`Altura`,`Barrio_idBarrio`,`calleAledaña1`,`calleAledaña2`) VALUES (57,217,3146,4,135,229);
INSERT INTO `Direccion` (`idDireccion`,`calle`,`Altura`,`Barrio_idBarrio`,`calleAledaña1`,`calleAledaña2`) VALUES (58,42,3175,2,247,152);
INSERT INTO `Direccion` (`idDireccion`,`calle`,`Altura`,`Barrio_idBarrio`,`calleAledaña1`,`calleAledaña2`) VALUES (59,248,2568,12,136,179);
INSERT INTO `Direccion` (`idDireccion`,`calle`,`Altura`,`Barrio_idBarrio`,`calleAledaña1`,`calleAledaña2`) VALUES (60,172,762,2,38,115);
INSERT INTO `Direccion` (`idDireccion`,`calle`,`Altura`,`Barrio_idBarrio`,`calleAledaña1`,`calleAledaña2`) VALUES (61,215,3018,5,194,227);
INSERT INTO `Direccion` (`idDireccion`,`calle`,`Altura`,`Barrio_idBarrio`,`calleAledaña1`,`calleAledaña2`) VALUES (62,190,3674,6,257,71);
INSERT INTO `Direccion` (`idDireccion`,`calle`,`Altura`,`Barrio_idBarrio`,`calleAledaña1`,`calleAledaña2`) VALUES (63,85,3891,6,110,160);
INSERT INTO `Direccion` (`idDireccion`,`calle`,`Altura`,`Barrio_idBarrio`,`calleAledaña1`,`calleAledaña2`) VALUES (64,148,2011,10,96,178);
INSERT INTO `Direccion` (`idDireccion`,`calle`,`Altura`,`Barrio_idBarrio`,`calleAledaña1`,`calleAledaña2`) VALUES (65,97,3901,1,245,14);
INSERT INTO `Direccion` (`idDireccion`,`calle`,`Altura`,`Barrio_idBarrio`,`calleAledaña1`,`calleAledaña2`) VALUES (66,87,3764,8,197,187);
INSERT INTO `Direccion` (`idDireccion`,`calle`,`Altura`,`Barrio_idBarrio`,`calleAledaña1`,`calleAledaña2`) VALUES (67,39,1579,8,230,35);
INSERT INTO `Direccion` (`idDireccion`,`calle`,`Altura`,`Barrio_idBarrio`,`calleAledaña1`,`calleAledaña2`) VALUES (68,253,3446,13,232,193);
INSERT INTO `Direccion` (`idDireccion`,`calle`,`Altura`,`Barrio_idBarrio`,`calleAledaña1`,`calleAledaña2`) VALUES (69,177,3605,14,207,154);
INSERT INTO `Direccion` (`idDireccion`,`calle`,`Altura`,`Barrio_idBarrio`,`calleAledaña1`,`calleAledaña2`) VALUES (70,86,2976,7,52,61);
INSERT INTO `Direccion` (`idDireccion`,`calle`,`Altura`,`Barrio_idBarrio`,`calleAledaña1`,`calleAledaña2`) VALUES (71,164,1610,6,191,78);
INSERT INTO `Direccion` (`idDireccion`,`calle`,`Altura`,`Barrio_idBarrio`,`calleAledaña1`,`calleAledaña2`) VALUES (72,18,1689,6,27,59);
INSERT INTO `Direccion` (`idDireccion`,`calle`,`Altura`,`Barrio_idBarrio`,`calleAledaña1`,`calleAledaña2`) VALUES (73,224,3139,13,114,138);
INSERT INTO `Direccion` (`idDireccion`,`calle`,`Altura`,`Barrio_idBarrio`,`calleAledaña1`,`calleAledaña2`) VALUES (74,48,1168,14,46,179);
INSERT INTO `Direccion` (`idDireccion`,`calle`,`Altura`,`Barrio_idBarrio`,`calleAledaña1`,`calleAledaña2`) VALUES (75,205,1590,4,54,8);
INSERT INTO `Direccion` (`idDireccion`,`calle`,`Altura`,`Barrio_idBarrio`,`calleAledaña1`,`calleAledaña2`) VALUES (76,215,2107,13,76,24);
INSERT INTO `Direccion` (`idDireccion`,`calle`,`Altura`,`Barrio_idBarrio`,`calleAledaña1`,`calleAledaña2`) VALUES (77,151,1227,1,61,165);
INSERT INTO `Direccion` (`idDireccion`,`calle`,`Altura`,`Barrio_idBarrio`,`calleAledaña1`,`calleAledaña2`) VALUES (78,142,125,7,232,13);
INSERT INTO `Direccion` (`idDireccion`,`calle`,`Altura`,`Barrio_idBarrio`,`calleAledaña1`,`calleAledaña2`) VALUES (79,56,2019,3,232,27);
INSERT INTO `Direccion` (`idDireccion`,`calle`,`Altura`,`Barrio_idBarrio`,`calleAledaña1`,`calleAledaña2`) VALUES (80,255,1762,5,118,101);
INSERT INTO `Direccion` (`idDireccion`,`calle`,`Altura`,`Barrio_idBarrio`,`calleAledaña1`,`calleAledaña2`) VALUES (81,0,988,9,92,176);
INSERT INTO `Direccion` (`idDireccion`,`calle`,`Altura`,`Barrio_idBarrio`,`calleAledaña1`,`calleAledaña2`) VALUES (82,200,5050,14,179,114);
INSERT INTO `Direccion` (`idDireccion`,`calle`,`Altura`,`Barrio_idBarrio`,`calleAledaña1`,`calleAledaña2`) VALUES (83,165,3544,8,188,49);
INSERT INTO `Direccion` (`idDireccion`,`calle`,`Altura`,`Barrio_idBarrio`,`calleAledaña1`,`calleAledaña2`) VALUES (84,40,2780,3,22,139);
INSERT INTO `Direccion` (`idDireccion`,`calle`,`Altura`,`Barrio_idBarrio`,`calleAledaña1`,`calleAledaña2`) VALUES (85,259,955,16,230,219);
INSERT INTO `Direccion` (`idDireccion`,`calle`,`Altura`,`Barrio_idBarrio`,`calleAledaña1`,`calleAledaña2`) VALUES (86,86,450,14,198,40);
INSERT INTO `Direccion` (`idDireccion`,`calle`,`Altura`,`Barrio_idBarrio`,`calleAledaña1`,`calleAledaña2`) VALUES (87,210,1615,13,86,93);
INSERT INTO `Direccion` (`idDireccion`,`calle`,`Altura`,`Barrio_idBarrio`,`calleAledaña1`,`calleAledaña2`) VALUES (88,72,384,12,61,209);
INSERT INTO `Direccion` (`idDireccion`,`calle`,`Altura`,`Barrio_idBarrio`,`calleAledaña1`,`calleAledaña2`) VALUES (89,100,1494,8,172,105);


INSERT INTO `OrganizacionDelictiva` (`idOrganizacionDelictiva`,`Nombre`) VALUES(0,'Cosa Nostra');
INSERT INTO `OrganizacionDelictiva` (`idOrganizacionDelictiva`,`Nombre`) VALUES(1,'Camorra');
INSERT INTO `OrganizacionDelictiva` (`idOrganizacionDelictiva`,`Nombre`) VALUES(2,'Ndrangheta');
INSERT INTO `OrganizacionDelictiva` (`idOrganizacionDelictiva`,`Nombre`) VALUES(3,'Sacra corona unita');
INSERT INTO `OrganizacionDelictiva` (`idOrganizacionDelictiva`,`Nombre`) VALUES(4,'Familia Bonano');
INSERT INTO `OrganizacionDelictiva` (`idOrganizacionDelictiva`,`Nombre`) VALUES(5,'Familia Colombo');
INSERT INTO `OrganizacionDelictiva` (`idOrganizacionDelictiva`,`Nombre`) VALUES(6,'Familia Genovese');
INSERT INTO `OrganizacionDelictiva` (`idOrganizacionDelictiva`,`Nombre`) VALUES(7,'Familia Gambino');
INSERT INTO `OrganizacionDelictiva` (`idOrganizacionDelictiva`,`Nombre`) VALUES(8,'Familia Lucchese');
INSERT INTO `OrganizacionDelictiva` (`idOrganizacionDelictiva`,`Nombre`) VALUES(9,'Chicago Outfit');
INSERT INTO `OrganizacionDelictiva` (`idOrganizacionDelictiva`,`Nombre`) VALUES(10,'Anillos de Seulpa');
INSERT INTO `OrganizacionDelictiva` (`idOrganizacionDelictiva`,`Nombre`) VALUES(11,'BACRIM');
INSERT INTO `OrganizacionDelictiva` (`idOrganizacionDelictiva`,`Nombre`) VALUES(12,'GAO');
INSERT INTO `OrganizacionDelictiva` (`idOrganizacionDelictiva`,`Nombre`) VALUES(13,'Cartel de Medellín');
INSERT INTO `OrganizacionDelictiva` (`idOrganizacionDelictiva`,`Nombre`) VALUES(14,'Cartel de Cali');
INSERT INTO `OrganizacionDelictiva` (`idOrganizacionDelictiva`,`Nombre`) VALUES(15,'Cartel del Norte del Valle');
INSERT INTO `OrganizacionDelictiva` (`idOrganizacionDelictiva`,`Nombre`) VALUES(16,'Cartel de la Costa Atlántica');
INSERT INTO `OrganizacionDelictiva` (`idOrganizacionDelictiva`,`Nombre`) VALUES(17,'Los Mungiki');
INSERT INTO `OrganizacionDelictiva` (`idOrganizacionDelictiva`,`Nombre`) VALUES(18,'Las Triadas');
INSERT INTO `OrganizacionDelictiva` (`idOrganizacionDelictiva`,`Nombre`) VALUES(19,'Los Yakuza');
INSERT INTO `OrganizacionDelictiva` (`idOrganizacionDelictiva`,`Nombre`) VALUES(20,'Cartel de Sinaloa');
INSERT INTO `OrganizacionDelictiva` (`idOrganizacionDelictiva`,`Nombre`) VALUES(21,'Cartel Jalisco');
INSERT INTO `OrganizacionDelictiva` (`idOrganizacionDelictiva`,`Nombre`) VALUES(22,'Los Mata Zetas');
INSERT INTO `OrganizacionDelictiva` (`idOrganizacionDelictiva`,`Nombre`) VALUES(23,'Cartel del Noreste');
INSERT INTO `OrganizacionDelictiva` (`idOrganizacionDelictiva`,`Nombre`) VALUES(24,'Cartel del Golfo');
INSERT INTO `OrganizacionDelictiva` (`idOrganizacionDelictiva`,`Nombre`) VALUES(25,'Los Zetas');
INSERT INTO `OrganizacionDelictiva` (`idOrganizacionDelictiva`,`Nombre`) VALUES(26,'Cartel de Tijuana');
INSERT INTO `OrganizacionDelictiva` (`idOrganizacionDelictiva`,`Nombre`) VALUES(27,'Cártel de Juárez');
INSERT INTO `OrganizacionDelictiva` (`idOrganizacionDelictiva`,`Nombre`) VALUES(28,'Cártel de los Beltrán Leyva');
INSERT INTO `OrganizacionDelictiva` (`idOrganizacionDelictiva`,`Nombre`) VALUES(29,'La Mano con Ojos');
INSERT INTO `OrganizacionDelictiva` (`idOrganizacionDelictiva`,`Nombre`) VALUES(30,'Los Negros');
INSERT INTO `OrganizacionDelictiva` (`idOrganizacionDelictiva`,`Nombre`) VALUES(31,'Familia Michoacana');
INSERT INTO `OrganizacionDelictiva` (`idOrganizacionDelictiva`,`Nombre`) VALUES(32,'Cartel de Colima');
INSERT INTO `OrganizacionDelictiva` (`idOrganizacionDelictiva`,`Nombre`) VALUES(33,'Cartel de Guadalajara');
INSERT INTO `OrganizacionDelictiva` (`idOrganizacionDelictiva`,`Nombre`) VALUES(34,'Las Maras');
INSERT INTO `OrganizacionDelictiva` (`idOrganizacionDelictiva`,`Nombre`) VALUES(35,'Cártel de los Soles');


INSERT INTO `TipoDesignacion` (`idTipo`,`Nombre`) VALUES (0,'Tráfico');
INSERT INTO `TipoDesignacion` (`idTipo`,`Nombre`) VALUES (1,'Vigilancia Bancaria');
INSERT INTO `TipoDesignacion` (`idTipo`,`Nombre`) VALUES (2,'Espectáculo Deportivo');
INSERT INTO `TipoDesignacion` (`idTipo`,`Nombre`) VALUES (3,'Cumbre Dirigencial');
INSERT INTO `TipoDesignacion` (`idTipo`,`Nombre`) VALUES (4,'Seguridad Especial');
INSERT INTO `TipoDesignacion` (`idTipo`,`Nombre`) VALUES (5,'Vigilancia Callejera');
INSERT INTO `TipoDesignacion` (`idTipo`,`Nombre`) VALUES (6,'Prevención de violencia');
INSERT INTO `TipoDesignacion` (`idTipo`,`Nombre`) VALUES (7,'Custodia especial');
INSERT INTO `TipoDesignacion` (`idTipo`,`Nombre`) VALUES (8,'Manifestación pública');
INSERT INTO `TipoDesignacion` (`idTipo`,`Nombre`) VALUES (9,'Detección de estupefacientes');
INSERT INTO `TipoDesignacion` (`idTipo`,`Nombre`) VALUES (10,'Vigilancia en zona peligrosa');


INSERT INTO `Designacion` (`idDesignacion`,`num`,`Fecha`,`idTipo`) VALUES(0,0,'2017-2-27',2);
INSERT INTO `Designacion` (`idDesignacion`,`num`,`Fecha`,`idTipo`) VALUES(1,0,'2017-10-27',7);
INSERT INTO `Designacion` (`idDesignacion`,`num`,`Fecha`,`idTipo`) VALUES(2,0,'2017-12-27',2);
INSERT INTO `Designacion` (`idDesignacion`,`num`,`Fecha`,`idTipo`) VALUES(3,1,'2017-3-14',6);
INSERT INTO `Designacion` (`idDesignacion`,`num`,`Fecha`,`idTipo`) VALUES(4,2,'2017-8-14',10);
INSERT INTO `Designacion` (`idDesignacion`,`num`,`Fecha`,`idTipo`) VALUES(5,2,'2017-1-28',6);
INSERT INTO `Designacion` (`idDesignacion`,`num`,`Fecha`,`idTipo`) VALUES(6,2,'2017-7-2',4);
INSERT INTO `Designacion` (`idDesignacion`,`num`,`Fecha`,`idTipo`) VALUES(7,2,'2017-10-19',6);
INSERT INTO `Designacion` (`idDesignacion`,`num`,`Fecha`,`idTipo`) VALUES(8,2,'2017-1-11',1);
INSERT INTO `Designacion` (`idDesignacion`,`num`,`Fecha`,`idTipo`) VALUES(9,2,'2017-3-18',2);
INSERT INTO `Designacion` (`idDesignacion`,`num`,`Fecha`,`idTipo`) VALUES(10,3,'2017-3-1',0);
INSERT INTO `Designacion` (`idDesignacion`,`num`,`Fecha`,`idTipo`) VALUES(11,3,'2017-9-20',6);
INSERT INTO `Designacion` (`idDesignacion`,`num`,`Fecha`,`idTipo`) VALUES(12,3,'2017-12-16',5);
INSERT INTO `Designacion` (`idDesignacion`,`num`,`Fecha`,`idTipo`) VALUES(13,4,'2017-10-17',4);
INSERT INTO `Designacion` (`idDesignacion`,`num`,`Fecha`,`idTipo`) VALUES(14,5,'2017-5-22',10);
INSERT INTO `Designacion` (`idDesignacion`,`num`,`Fecha`,`idTipo`) VALUES(15,5,'2017-2-12',1);
INSERT INTO `Designacion` (`idDesignacion`,`num`,`Fecha`,`idTipo`) VALUES(16,7,'2017-11-20',10);
INSERT INTO `Designacion` (`idDesignacion`,`num`,`Fecha`,`idTipo`) VALUES(17,7,'2017-8-24',7);
INSERT INTO `Designacion` (`idDesignacion`,`num`,`Fecha`,`idTipo`) VALUES(18,7,'2017-4-11',2);
INSERT INTO `Designacion` (`idDesignacion`,`num`,`Fecha`,`idTipo`) VALUES(19,8,'2017-10-1',0);
INSERT INTO `Designacion` (`idDesignacion`,`num`,`Fecha`,`idTipo`) VALUES(20,9,'2017-6-8',4);
INSERT INTO `Designacion` (`idDesignacion`,`num`,`Fecha`,`idTipo`) VALUES(21,10,'2017-6-27',3);
INSERT INTO `Designacion` (`idDesignacion`,`num`,`Fecha`,`idTipo`) VALUES(22,11,'2017-10-24',1);
INSERT INTO `Designacion` (`idDesignacion`,`num`,`Fecha`,`idTipo`) VALUES(23,11,'2017-11-9',7);
INSERT INTO `Designacion` (`idDesignacion`,`num`,`Fecha`,`idTipo`) VALUES(24,11,'2017-9-15',0);
INSERT INTO `Designacion` (`idDesignacion`,`num`,`Fecha`,`idTipo`) VALUES(25,12,'2017-5-8',2);
INSERT INTO `Designacion` (`idDesignacion`,`num`,`Fecha`,`idTipo`) VALUES(26,12,'2017-3-18',3);
INSERT INTO `Designacion` (`idDesignacion`,`num`,`Fecha`,`idTipo`) VALUES(27,13,'2017-9-22',2);
INSERT INTO `Designacion` (`idDesignacion`,`num`,`Fecha`,`idTipo`) VALUES(28,13,'2017-11-7',8);
INSERT INTO `Designacion` (`idDesignacion`,`num`,`Fecha`,`idTipo`) VALUES(29,15,'2017-4-2',6);
INSERT INTO `Designacion` (`idDesignacion`,`num`,`Fecha`,`idTipo`) VALUES(30,16,'2017-11-12',5);
INSERT INTO `Designacion` (`idDesignacion`,`num`,`Fecha`,`idTipo`) VALUES(31,16,'2017-7-15',1);
INSERT INTO `Designacion` (`idDesignacion`,`num`,`Fecha`,`idTipo`) VALUES(32,16,'2017-10-10',8);
INSERT INTO `Designacion` (`idDesignacion`,`num`,`Fecha`,`idTipo`) VALUES(33,16,'2017-12-7',9);
INSERT INTO `Designacion` (`idDesignacion`,`num`,`Fecha`,`idTipo`) VALUES(34,16,'2017-8-25',1);
INSERT INTO `Designacion` (`idDesignacion`,`num`,`Fecha`,`idTipo`) VALUES(35,16,'2017-9-19',3);
INSERT INTO `Designacion` (`idDesignacion`,`num`,`Fecha`,`idTipo`) VALUES(36,16,'2017-1-22',0);
INSERT INTO `Designacion` (`idDesignacion`,`num`,`Fecha`,`idTipo`) VALUES(37,17,'2017-1-10',8);
INSERT INTO `Designacion` (`idDesignacion`,`num`,`Fecha`,`idTipo`) VALUES(38,17,'2017-8-28',0);
INSERT INTO `Designacion` (`idDesignacion`,`num`,`Fecha`,`idTipo`) VALUES(39,18,'2017-1-27',2);
INSERT INTO `Designacion` (`idDesignacion`,`num`,`Fecha`,`idTipo`) VALUES(40,18,'2017-6-16',1);
INSERT INTO `Designacion` (`idDesignacion`,`num`,`Fecha`,`idTipo`) VALUES(41,18,'2017-12-12',2);
INSERT INTO `Designacion` (`idDesignacion`,`num`,`Fecha`,`idTipo`) VALUES(42,18,'2017-12-18',8);
INSERT INTO `Designacion` (`idDesignacion`,`num`,`Fecha`,`idTipo`) VALUES(43,18,'2017-5-28',0);
INSERT INTO `Designacion` (`idDesignacion`,`num`,`Fecha`,`idTipo`) VALUES(44,18,'2017-2-1',9);
INSERT INTO `Designacion` (`idDesignacion`,`num`,`Fecha`,`idTipo`) VALUES(45,18,'2017-1-1',2);
INSERT INTO `Designacion` (`idDesignacion`,`num`,`Fecha`,`idTipo`) VALUES(46,18,'2017-7-23',7);
INSERT INTO `Designacion` (`idDesignacion`,`num`,`Fecha`,`idTipo`) VALUES(47,18,'2017-11-12',10);
INSERT INTO `Designacion` (`idDesignacion`,`num`,`Fecha`,`idTipo`) VALUES(48,18,'2017-5-11',10);
INSERT INTO `Designacion` (`idDesignacion`,`num`,`Fecha`,`idTipo`) VALUES(49,19,'2017-8-14',4);
INSERT INTO `Designacion` (`idDesignacion`,`num`,`Fecha`,`idTipo`) VALUES(50,19,'2017-5-13',7);
INSERT INTO `Designacion` (`idDesignacion`,`num`,`Fecha`,`idTipo`) VALUES(51,20,'2017-1-23',4);
INSERT INTO `Designacion` (`idDesignacion`,`num`,`Fecha`,`idTipo`) VALUES(52,20,'2017-3-3',0);
INSERT INTO `Designacion` (`idDesignacion`,`num`,`Fecha`,`idTipo`) VALUES(53,20,'2017-5-20',10);
INSERT INTO `Designacion` (`idDesignacion`,`num`,`Fecha`,`idTipo`) VALUES(54,20,'2017-9-12',3);
INSERT INTO `Designacion` (`idDesignacion`,`num`,`Fecha`,`idTipo`) VALUES(55,20,'2017-12-11',2);
INSERT INTO `Designacion` (`idDesignacion`,`num`,`Fecha`,`idTipo`) VALUES(56,20,'2017-12-25',9);
INSERT INTO `Designacion` (`idDesignacion`,`num`,`Fecha`,`idTipo`) VALUES(57,21,'2017-10-5',6);
INSERT INTO `Designacion` (`idDesignacion`,`num`,`Fecha`,`idTipo`) VALUES(58,21,'2017-8-28',9);
INSERT INTO `Designacion` (`idDesignacion`,`num`,`Fecha`,`idTipo`) VALUES(59,21,'2017-4-6',1);
INSERT INTO `Designacion` (`idDesignacion`,`num`,`Fecha`,`idTipo`) VALUES(60,22,'2017-5-15',1);
INSERT INTO `Designacion` (`idDesignacion`,`num`,`Fecha`,`idTipo`) VALUES(61,22,'2017-4-9',3);
INSERT INTO `Designacion` (`idDesignacion`,`num`,`Fecha`,`idTipo`) VALUES(62,23,'2017-3-11',7);
INSERT INTO `Designacion` (`idDesignacion`,`num`,`Fecha`,`idTipo`) VALUES(63,23,'2017-11-16',7);
INSERT INTO `Designacion` (`idDesignacion`,`num`,`Fecha`,`idTipo`) VALUES(64,23,'2017-2-9',8);
INSERT INTO `Designacion` (`idDesignacion`,`num`,`Fecha`,`idTipo`) VALUES(65,23,'2017-6-7',9);
INSERT INTO `Designacion` (`idDesignacion`,`num`,`Fecha`,`idTipo`) VALUES(66,23,'2017-8-18',10);
INSERT INTO `Designacion` (`idDesignacion`,`num`,`Fecha`,`idTipo`) VALUES(67,23,'2017-4-25',5);
INSERT INTO `Designacion` (`idDesignacion`,`num`,`Fecha`,`idTipo`) VALUES(68,23,'2017-2-9',3);
INSERT INTO `Designacion` (`idDesignacion`,`num`,`Fecha`,`idTipo`) VALUES(69,23,'2017-11-12',3);
INSERT INTO `Designacion` (`idDesignacion`,`num`,`Fecha`,`idTipo`) VALUES(70,23,'2017-11-24',2);
INSERT INTO `Designacion` (`idDesignacion`,`num`,`Fecha`,`idTipo`) VALUES(71,23,'2017-4-16',0);
INSERT INTO `Designacion` (`idDesignacion`,`num`,`Fecha`,`idTipo`) VALUES(72,23,'2017-12-9',6);
INSERT INTO `Designacion` (`idDesignacion`,`num`,`Fecha`,`idTipo`) VALUES(73,23,'2017-4-23',3);
INSERT INTO `Designacion` (`idDesignacion`,`num`,`Fecha`,`idTipo`) VALUES(74,24,'2017-6-25',0);
INSERT INTO `Designacion` (`idDesignacion`,`num`,`Fecha`,`idTipo`) VALUES(75,24,'2017-7-21',7);
INSERT INTO `Designacion` (`idDesignacion`,`num`,`Fecha`,`idTipo`) VALUES(76,24,'2017-8-25',9);
INSERT INTO `Designacion` (`idDesignacion`,`num`,`Fecha`,`idTipo`) VALUES(77,24,'2017-11-10',9);
INSERT INTO `Designacion` (`idDesignacion`,`num`,`Fecha`,`idTipo`) VALUES(78,25,'2017-9-14',1);
INSERT INTO `Designacion` (`idDesignacion`,`num`,`Fecha`,`idTipo`) VALUES(79,25,'2017-8-22',1);
INSERT INTO `Designacion` (`idDesignacion`,`num`,`Fecha`,`idTipo`) VALUES(80,25,'2017-9-27',3);
INSERT INTO `Designacion` (`idDesignacion`,`num`,`Fecha`,`idTipo`) VALUES(81,25,'2017-3-23',2);
INSERT INTO `Designacion` (`idDesignacion`,`num`,`Fecha`,`idTipo`) VALUES(82,25,'2017-9-2',2);
INSERT INTO `Designacion` (`idDesignacion`,`num`,`Fecha`,`idTipo`) VALUES(83,25,'2017-4-9',4);
INSERT INTO `Designacion` (`idDesignacion`,`num`,`Fecha`,`idTipo`) VALUES(84,26,'2017-3-10',6);
INSERT INTO `Designacion` (`idDesignacion`,`num`,`Fecha`,`idTipo`) VALUES(85,27,'2017-2-24',6);
INSERT INTO `Designacion` (`idDesignacion`,`num`,`Fecha`,`idTipo`) VALUES(86,27,'2017-2-20',3);
INSERT INTO `Designacion` (`idDesignacion`,`num`,`Fecha`,`idTipo`) VALUES(87,27,'2017-12-6',8);
INSERT INTO `Designacion` (`idDesignacion`,`num`,`Fecha`,`idTipo`) VALUES(88,28,'2017-8-5',5);
INSERT INTO `Designacion` (`idDesignacion`,`num`,`Fecha`,`idTipo`) VALUES(89,28,'2017-10-20',7);
INSERT INTO `Designacion` (`idDesignacion`,`num`,`Fecha`,`idTipo`) VALUES(90,29,'2017-2-19',8);
INSERT INTO `Designacion` (`idDesignacion`,`num`,`Fecha`,`idTipo`) VALUES(91,29,'2017-2-20',9);
INSERT INTO `Designacion` (`idDesignacion`,`num`,`Fecha`,`idTipo`) VALUES(92,29,'2017-12-17',10);
INSERT INTO `Designacion` (`idDesignacion`,`num`,`Fecha`,`idTipo`) VALUES(93,30,'2017-6-25',4);
INSERT INTO `Designacion` (`idDesignacion`,`num`,`Fecha`,`idTipo`) VALUES(94,30,'2017-6-8',3);
INSERT INTO `Designacion` (`idDesignacion`,`num`,`Fecha`,`idTipo`) VALUES(95,30,'2017-6-1',8);
INSERT INTO `Designacion` (`idDesignacion`,`num`,`Fecha`,`idTipo`) VALUES(96,31,'2017-5-4',8);
INSERT INTO `Designacion` (`idDesignacion`,`num`,`Fecha`,`idTipo`) VALUES(97,31,'2017-8-6',0);
INSERT INTO `Designacion` (`idDesignacion`,`num`,`Fecha`,`idTipo`) VALUES(98,32,'2017-9-23',1);
INSERT INTO `Designacion` (`idDesignacion`,`num`,`Fecha`,`idTipo`) VALUES(99,33,'2017-10-23',6);
INSERT INTO `Designacion` (`idDesignacion`,`num`,`Fecha`,`idTipo`) VALUES(100,33,'2017-2-5',7);
INSERT INTO `Designacion` (`idDesignacion`,`num`,`Fecha`,`idTipo`) VALUES(101,34,'2017-10-9',1);
INSERT INTO `Designacion` (`idDesignacion`,`num`,`Fecha`,`idTipo`) VALUES(102,34,'2017-9-2',6);
INSERT INTO `Designacion` (`idDesignacion`,`num`,`Fecha`,`idTipo`) VALUES(103,35,'2017-5-6',6);
INSERT INTO `Designacion` (`idDesignacion`,`num`,`Fecha`,`idTipo`) VALUES(104,35,'2017-12-20',7);
INSERT INTO `Designacion` (`idDesignacion`,`num`,`Fecha`,`idTipo`) VALUES(105,35,'2017-8-2',4);
INSERT INTO `Designacion` (`idDesignacion`,`num`,`Fecha`,`idTipo`) VALUES(106,36,'2017-2-17',3);
INSERT INTO `Designacion` (`idDesignacion`,`num`,`Fecha`,`idTipo`) VALUES(107,36,'2017-12-25',2);
INSERT INTO `Designacion` (`idDesignacion`,`num`,`Fecha`,`idTipo`) VALUES(108,37,'2017-9-28',8);
INSERT INTO `Designacion` (`idDesignacion`,`num`,`Fecha`,`idTipo`) VALUES(109,39,'2017-3-28',7);
INSERT INTO `Designacion` (`idDesignacion`,`num`,`Fecha`,`idTipo`) VALUES(110,39,'2017-8-13',6);
INSERT INTO `Designacion` (`idDesignacion`,`num`,`Fecha`,`idTipo`) VALUES(111,39,'2017-8-1',6);
INSERT INTO `Designacion` (`idDesignacion`,`num`,`Fecha`,`idTipo`) VALUES(112,39,'2017-12-12',7);
INSERT INTO `Designacion` (`idDesignacion`,`num`,`Fecha`,`idTipo`) VALUES(113,40,'2017-12-20',1);
INSERT INTO `Designacion` (`idDesignacion`,`num`,`Fecha`,`idTipo`) VALUES(114,40,'2017-2-2',8);
INSERT INTO `Designacion` (`idDesignacion`,`num`,`Fecha`,`idTipo`) VALUES(115,40,'2017-8-17',9);
INSERT INTO `Designacion` (`idDesignacion`,`num`,`Fecha`,`idTipo`) VALUES(116,40,'2017-9-18',8);
INSERT INTO `Designacion` (`idDesignacion`,`num`,`Fecha`,`idTipo`) VALUES(117,40,'2017-11-3',7);
INSERT INTO `Designacion` (`idDesignacion`,`num`,`Fecha`,`idTipo`) VALUES(118,40,'2017-4-21',0);
INSERT INTO `Designacion` (`idDesignacion`,`num`,`Fecha`,`idTipo`) VALUES(119,40,'2017-3-18',9);
INSERT INTO `Designacion` (`idDesignacion`,`num`,`Fecha`,`idTipo`) VALUES(120,40,'2017-6-3',3);
INSERT INTO `Designacion` (`idDesignacion`,`num`,`Fecha`,`idTipo`) VALUES(121,40,'2017-4-21',8);
INSERT INTO `Designacion` (`idDesignacion`,`num`,`Fecha`,`idTipo`) VALUES(122,41,'2017-1-21',8);
INSERT INTO `Designacion` (`idDesignacion`,`num`,`Fecha`,`idTipo`) VALUES(123,41,'2017-7-2',5);
INSERT INTO `Designacion` (`idDesignacion`,`num`,`Fecha`,`idTipo`) VALUES(124,41,'2017-12-18',0);
INSERT INTO `Designacion` (`idDesignacion`,`num`,`Fecha`,`idTipo`) VALUES(125,42,'2017-4-25',8);
INSERT INTO `Designacion` (`idDesignacion`,`num`,`Fecha`,`idTipo`) VALUES(126,42,'2017-9-4',8);
INSERT INTO `Designacion` (`idDesignacion`,`num`,`Fecha`,`idTipo`) VALUES(127,43,'2017-8-8',9);
INSERT INTO `Designacion` (`idDesignacion`,`num`,`Fecha`,`idTipo`) VALUES(128,43,'2017-8-10',5);
INSERT INTO `Designacion` (`idDesignacion`,`num`,`Fecha`,`idTipo`) VALUES(129,45,'2017-3-12',6);
INSERT INTO `Designacion` (`idDesignacion`,`num`,`Fecha`,`idTipo`) VALUES(130,46,'2017-3-16',8);
INSERT INTO `Designacion` (`idDesignacion`,`num`,`Fecha`,`idTipo`) VALUES(131,46,'2017-5-23',10);
INSERT INTO `Designacion` (`idDesignacion`,`num`,`Fecha`,`idTipo`) VALUES(132,46,'2017-12-25',0);
INSERT INTO `Designacion` (`idDesignacion`,`num`,`Fecha`,`idTipo`) VALUES(133,46,'2017-9-21',1);
INSERT INTO `Designacion` (`idDesignacion`,`num`,`Fecha`,`idTipo`) VALUES(134,46,'2017-12-3',0);
INSERT INTO `Designacion` (`idDesignacion`,`num`,`Fecha`,`idTipo`) VALUES(135,46,'2017-5-5',3);
INSERT INTO `Designacion` (`idDesignacion`,`num`,`Fecha`,`idTipo`) VALUES(136,46,'2017-5-22',4);
INSERT INTO `Designacion` (`idDesignacion`,`num`,`Fecha`,`idTipo`) VALUES(137,47,'2017-9-19',3);
INSERT INTO `Designacion` (`idDesignacion`,`num`,`Fecha`,`idTipo`) VALUES(138,47,'2017-10-23',3);
INSERT INTO `Designacion` (`idDesignacion`,`num`,`Fecha`,`idTipo`) VALUES(139,48,'2017-7-1',7);
INSERT INTO `Designacion` (`idDesignacion`,`num`,`Fecha`,`idTipo`) VALUES(140,48,'2017-12-9',1);
INSERT INTO `Designacion` (`idDesignacion`,`num`,`Fecha`,`idTipo`) VALUES(141,48,'2017-5-4',1);
INSERT INTO `Designacion` (`idDesignacion`,`num`,`Fecha`,`idTipo`) VALUES(142,48,'2017-7-10',6);
INSERT INTO `Designacion` (`idDesignacion`,`num`,`Fecha`,`idTipo`) VALUES(143,48,'2017-7-2',6);
INSERT INTO `Designacion` (`idDesignacion`,`num`,`Fecha`,`idTipo`) VALUES(144,48,'2017-5-6',8);
INSERT INTO `Designacion` (`idDesignacion`,`num`,`Fecha`,`idTipo`) VALUES(145,48,'2017-7-12',1);
INSERT INTO `Designacion` (`idDesignacion`,`num`,`Fecha`,`idTipo`) VALUES(146,48,'2017-8-1',7);
INSERT INTO `Designacion` (`idDesignacion`,`num`,`Fecha`,`idTipo`) VALUES(147,48,'2017-12-16',7);
INSERT INTO `Designacion` (`idDesignacion`,`num`,`Fecha`,`idTipo`) VALUES(148,48,'2017-5-5',8);
INSERT INTO `Designacion` (`idDesignacion`,`num`,`Fecha`,`idTipo`) VALUES(149,49,'2017-3-23',2);
INSERT INTO `Designacion` (`idDesignacion`,`num`,`Fecha`,`idTipo`) VALUES(150,49,'2017-2-22',0);
INSERT INTO `Designacion` (`idDesignacion`,`num`,`Fecha`,`idTipo`) VALUES(151,50,'2017-12-11',5);
INSERT INTO `Designacion` (`idDesignacion`,`num`,`Fecha`,`idTipo`) VALUES(152,50,'2017-5-13',9);
INSERT INTO `Designacion` (`idDesignacion`,`num`,`Fecha`,`idTipo`) VALUES(153,50,'2017-10-27',8);
INSERT INTO `Designacion` (`idDesignacion`,`num`,`Fecha`,`idTipo`) VALUES(154,50,'2017-12-15',8);
INSERT INTO `Designacion` (`idDesignacion`,`num`,`Fecha`,`idTipo`) VALUES(155,50,'2017-9-17',1);
INSERT INTO `Designacion` (`idDesignacion`,`num`,`Fecha`,`idTipo`) VALUES(156,50,'2017-1-13',7);
INSERT INTO `Designacion` (`idDesignacion`,`num`,`Fecha`,`idTipo`) VALUES(157,51,'2017-10-24',7);
INSERT INTO `Designacion` (`idDesignacion`,`num`,`Fecha`,`idTipo`) VALUES(158,51,'2017-2-17',7);
INSERT INTO `Designacion` (`idDesignacion`,`num`,`Fecha`,`idTipo`) VALUES(159,51,'2017-2-24',8);
INSERT INTO `Designacion` (`idDesignacion`,`num`,`Fecha`,`idTipo`) VALUES(160,52,'2017-5-28',2);
INSERT INTO `Designacion` (`idDesignacion`,`num`,`Fecha`,`idTipo`) VALUES(161,52,'2017-3-15',7);
INSERT INTO `Designacion` (`idDesignacion`,`num`,`Fecha`,`idTipo`) VALUES(162,53,'2017-7-16',4);
INSERT INTO `Designacion` (`idDesignacion`,`num`,`Fecha`,`idTipo`) VALUES(163,53,'2017-3-5',0);
INSERT INTO `Designacion` (`idDesignacion`,`num`,`Fecha`,`idTipo`) VALUES(164,53,'2017-12-21',2);
INSERT INTO `Designacion` (`idDesignacion`,`num`,`Fecha`,`idTipo`) VALUES(165,53,'2017-2-7',1);
INSERT INTO `Designacion` (`idDesignacion`,`num`,`Fecha`,`idTipo`) VALUES(166,53,'2017-3-4',2);
INSERT INTO `Designacion` (`idDesignacion`,`num`,`Fecha`,`idTipo`) VALUES(167,53,'2017-9-8',7);
INSERT INTO `Designacion` (`idDesignacion`,`num`,`Fecha`,`idTipo`) VALUES(168,53,'2017-11-6',9);
INSERT INTO `Designacion` (`idDesignacion`,`num`,`Fecha`,`idTipo`) VALUES(169,53,'2017-1-14',4);
INSERT INTO `Designacion` (`idDesignacion`,`num`,`Fecha`,`idTipo`) VALUES(170,53,'2017-12-7',2);
INSERT INTO `Designacion` (`idDesignacion`,`num`,`Fecha`,`idTipo`) VALUES(171,53,'2017-11-9',0);
INSERT INTO `Designacion` (`idDesignacion`,`num`,`Fecha`,`idTipo`) VALUES(172,53,'2017-4-18',4);
INSERT INTO `Designacion` (`idDesignacion`,`num`,`Fecha`,`idTipo`) VALUES(173,53,'2017-1-28',7);
INSERT INTO `Designacion` (`idDesignacion`,`num`,`Fecha`,`idTipo`) VALUES(174,54,'2017-7-26',9);
INSERT INTO `Designacion` (`idDesignacion`,`num`,`Fecha`,`idTipo`) VALUES(175,54,'2017-3-8',9);
INSERT INTO `Designacion` (`idDesignacion`,`num`,`Fecha`,`idTipo`) VALUES(176,54,'2017-11-24',1);
INSERT INTO `Designacion` (`idDesignacion`,`num`,`Fecha`,`idTipo`) VALUES(177,54,'2017-11-6',9);
INSERT INTO `Designacion` (`idDesignacion`,`num`,`Fecha`,`idTipo`) VALUES(178,55,'2017-11-22',2);
INSERT INTO `Designacion` (`idDesignacion`,`num`,`Fecha`,`idTipo`) VALUES(179,55,'2017-2-28',2);
INSERT INTO `Designacion` (`idDesignacion`,`num`,`Fecha`,`idTipo`) VALUES(180,55,'2017-6-25',6);
INSERT INTO `Designacion` (`idDesignacion`,`num`,`Fecha`,`idTipo`) VALUES(181,55,'2017-1-12',5);
INSERT INTO `Designacion` (`idDesignacion`,`num`,`Fecha`,`idTipo`) VALUES(182,55,'2017-9-13',2);
INSERT INTO `Designacion` (`idDesignacion`,`num`,`Fecha`,`idTipo`) VALUES(183,55,'2017-7-24',6);
INSERT INTO `Designacion` (`idDesignacion`,`num`,`Fecha`,`idTipo`) VALUES(184,56,'2017-8-17',10);
INSERT INTO `Designacion` (`idDesignacion`,`num`,`Fecha`,`idTipo`) VALUES(185,57,'2017-3-10',1);
INSERT INTO `Designacion` (`idDesignacion`,`num`,`Fecha`,`idTipo`) VALUES(186,57,'2017-5-1',2);
INSERT INTO `Designacion` (`idDesignacion`,`num`,`Fecha`,`idTipo`) VALUES(187,57,'2017-8-2',2);
INSERT INTO `Designacion` (`idDesignacion`,`num`,`Fecha`,`idTipo`) VALUES(188,58,'2017-10-26',2);
INSERT INTO `Designacion` (`idDesignacion`,`num`,`Fecha`,`idTipo`) VALUES(189,58,'2017-2-5',3);
INSERT INTO `Designacion` (`idDesignacion`,`num`,`Fecha`,`idTipo`) VALUES(190,59,'2017-7-11',4);
INSERT INTO `Designacion` (`idDesignacion`,`num`,`Fecha`,`idTipo`) VALUES(191,59,'2017-11-13',8);
INSERT INTO `Designacion` (`idDesignacion`,`num`,`Fecha`,`idTipo`) VALUES(192,59,'2017-5-27',10);
INSERT INTO `Designacion` (`idDesignacion`,`num`,`Fecha`,`idTipo`) VALUES(193,60,'2017-4-13',5);
INSERT INTO `Designacion` (`idDesignacion`,`num`,`Fecha`,`idTipo`) VALUES(194,60,'2017-12-11',5);
INSERT INTO `Designacion` (`idDesignacion`,`num`,`Fecha`,`idTipo`) VALUES(195,60,'2017-8-11',10);
INSERT INTO `Designacion` (`idDesignacion`,`num`,`Fecha`,`idTipo`) VALUES(196,61,'2017-1-6',0);
INSERT INTO `Designacion` (`idDesignacion`,`num`,`Fecha`,`idTipo`) VALUES(197,61,'2017-6-15',6);
INSERT INTO `Designacion` (`idDesignacion`,`num`,`Fecha`,`idTipo`) VALUES(198,62,'2017-3-22',7);
INSERT INTO `Designacion` (`idDesignacion`,`num`,`Fecha`,`idTipo`) VALUES(199,63,'2017-5-5',3);
INSERT INTO `Designacion` (`idDesignacion`,`num`,`Fecha`,`idTipo`) VALUES(200,63,'2017-9-8',7);
INSERT INTO `Designacion` (`idDesignacion`,`num`,`Fecha`,`idTipo`) VALUES(201,64,'2017-11-2',10);
INSERT INTO `Designacion` (`idDesignacion`,`num`,`Fecha`,`idTipo`) VALUES(202,64,'2017-6-24',10);
INSERT INTO `Designacion` (`idDesignacion`,`num`,`Fecha`,`idTipo`) VALUES(203,65,'2017-4-5',6);
INSERT INTO `Designacion` (`idDesignacion`,`num`,`Fecha`,`idTipo`) VALUES(204,65,'2017-10-15',7);
INSERT INTO `Designacion` (`idDesignacion`,`num`,`Fecha`,`idTipo`) VALUES(205,65,'2017-11-8',7);
INSERT INTO `Designacion` (`idDesignacion`,`num`,`Fecha`,`idTipo`) VALUES(206,66,'2017-10-15',2);
INSERT INTO `Designacion` (`idDesignacion`,`num`,`Fecha`,`idTipo`) VALUES(207,66,'2017-2-18',8);
INSERT INTO `Designacion` (`idDesignacion`,`num`,`Fecha`,`idTipo`) VALUES(208,67,'2017-2-21',0);
INSERT INTO `Designacion` (`idDesignacion`,`num`,`Fecha`,`idTipo`) VALUES(209,69,'2017-1-20',6);
INSERT INTO `Designacion` (`idDesignacion`,`num`,`Fecha`,`idTipo`) VALUES(210,69,'2017-1-4',0);
INSERT INTO `Designacion` (`idDesignacion`,`num`,`Fecha`,`idTipo`) VALUES(211,69,'2017-3-3',8);
INSERT INTO `Designacion` (`idDesignacion`,`num`,`Fecha`,`idTipo`) VALUES(212,69,'2017-6-15',7);

INSERT INTO `Superheroe` (`idSuperheroe`,`Nombre`,`ColorDisfraz`)VALUES(0,'Aquaman','Verde');
INSERT INTO `Superheroe` (`idSuperheroe`,`Nombre`,`ColorDisfraz`)VALUES(1,'Batman','Gris');
INSERT INTO `Superheroe` (`idSuperheroe`,`Nombre`,`ColorDisfraz`)VALUES(2,'Flash','Rojo');
INSERT INTO `Superheroe` (`idSuperheroe`,`Nombre`,`ColorDisfraz`)VALUES(3,'Linterna Verde','Verde');
INSERT INTO `Superheroe` (`idSuperheroe`,`Nombre`,`ColorDisfraz`)VALUES(4,'Superman','Rojo');
INSERT INTO `Superheroe` (`idSuperheroe`,`Nombre`,`ColorDisfraz`)VALUES(5,'Wonder Woman','Rojo');
INSERT INTO `Superheroe` (`idSuperheroe`,`Nombre`,`ColorDisfraz`)VALUES(6,'Bluebird','Azul');
INSERT INTO `Superheroe` (`idSuperheroe`,`Nombre`,`ColorDisfraz`)VALUES(7,'Buzz Lightyear','Blanco/Verde');
INSERT INTO `Superheroe` (`idSuperheroe`,`Nombre`,`ColorDisfraz`)VALUES(8,'Chapulín Colorado','Rojo');
INSERT INTO `Superheroe` (`idSuperheroe`,`Nombre`,`ColorDisfraz`)VALUES(9,'Thundercats','Varios');
INSERT INTO `Superheroe` (`idSuperheroe`,`Nombre`,`ColorDisfraz`)VALUES(10,'Capitán América','Rojo/Azul');
INSERT INTO `Superheroe` (`idSuperheroe`,`Nombre`,`ColorDisfraz`)VALUES(11,'Hulk','Verde');
INSERT INTO `Superheroe` (`idSuperheroe`,`Nombre`,`ColorDisfraz`)VALUES(12,'Iron Man','Gris');
INSERT INTO `Superheroe` (`idSuperheroe`,`Nombre`,`ColorDisfraz`)VALUES(13,'Spiderman','Rojo/Azul');
INSERT INTO `Superheroe` (`idSuperheroe`,`Nombre`,`ColorDisfraz`)VALUES(14,'Caballero Luna','Blanco');
INSERT INTO `Superheroe` (`idSuperheroe`,`Nombre`,`ColorDisfraz`)VALUES(15,'Capitán Britania','Azul/Rojo');
INSERT INTO `Superheroe` (`idSuperheroe`,`Nombre`,`ColorDisfraz`)VALUES(16,'Caballero Rojo','Rojo');
INSERT INTO `Superheroe` (`idSuperheroe`,`Nombre`,`ColorDisfraz`)VALUES(17,'Superhijitus','Azul');
INSERT INTO `Superheroe` (`idSuperheroe`,`Nombre`,`ColorDisfraz`)VALUES(18,'Power Rangers','');
INSERT INTO `Superheroe` (`idSuperheroe`,`Nombre`,`ColorDisfraz`)VALUES(19,'El Zorro','Negro');
INSERT INTO `Superheroe` (`idSuperheroe`,`Nombre`,`ColorDisfraz`)VALUES(20,'Robocop','Gris');
INSERT INTO `Superheroe` (`idSuperheroe`,`Nombre`,`ColorDisfraz`)VALUES(21,'Molten Man','Rojo');
INSERT INTO `Superheroe` (`idSuperheroe`,`Nombre`,`ColorDisfraz`)VALUES(22,'Iceman','Azul/Blanco');
INSERT INTO `Superheroe` (`idSuperheroe`,`Nombre`,`ColorDisfraz`)VALUES(23,'Hombre Elástico','Negro/Rojo');
INSERT INTO `Superheroe` (`idSuperheroe`,`Nombre`,`ColorDisfraz`)VALUES(24,'El Dorado','Amarillo/Rojo');
INSERT INTO `Superheroe` (`idSuperheroe`,`Nombre`,`ColorDisfraz`)VALUES(25,'Firestorm','Amarillo/Rojo');
INSERT INTO `Superheroe` (`idSuperheroe`,`Nombre`,`ColorDisfraz`)VALUES(26,'Powergirl','Blanco');
INSERT INTO `Superheroe` (`idSuperheroe`,`Nombre`,`ColorDisfraz`)VALUES(27,'Red Star','Rojo');
INSERT INTO `Superheroe` (`idSuperheroe`,`Nombre`,`ColorDisfraz`)VALUES(28,'Striker Z','Blanco/Rojo');
INSERT INTO `Superheroe` (`idSuperheroe`,`Nombre`,`ColorDisfraz`)VALUES(29,'Air Wave','Verde');


INSERT INTO `Persona`(`idPersona`,`Nombre`,`Apellido`,`Direccion_idDireccion`,`idOrganizacionDelictiva`) VALUES(0,'Laura','Franco',4,2);
INSERT INTO `Persona`(`idPersona`,`Nombre`,`Apellido`,`Direccion_idDireccion`,`idOrganizacionDelictiva`) VALUES(1,'Consuela','Armando',48,NULL);
INSERT INTO `Persona`(`idPersona`,`Nombre`,`Apellido`,`Direccion_idDireccion`,`idOrganizacionDelictiva`) VALUES(2,'Pío','Aiza',13,35);
INSERT INTO `Persona`(`idPersona`,`Nombre`,`Apellido`,`Direccion_idDireccion`,`idOrganizacionDelictiva`) VALUES(3,'Bethania','Alvarado',31,35);
INSERT INTO `Persona`(`idPersona`,`Nombre`,`Apellido`,`Direccion_idDireccion`,`idOrganizacionDelictiva`) VALUES(4,'Nicolás','Villar',42,17);
INSERT INTO `Persona`(`idPersona`,`Nombre`,`Apellido`,`Direccion_idDireccion`,`idOrganizacionDelictiva`) VALUES(5,'Benigna','Santos',23,8);
INSERT INTO `Persona`(`idPersona`,`Nombre`,`Apellido`,`Direccion_idDireccion`,`idOrganizacionDelictiva`) VALUES(6,'Román','Aiza',69,NULL);
INSERT INTO `Persona`(`idPersona`,`Nombre`,`Apellido`,`Direccion_idDireccion`,`idOrganizacionDelictiva`) VALUES(7,'Armida','Giménez',13,13);
INSERT INTO `Persona`(`idPersona`,`Nombre`,`Apellido`,`Direccion_idDireccion`,`idOrganizacionDelictiva`) VALUES(8,'Ofelia','Flores',79,10);
INSERT INTO `Persona`(`idPersona`,`Nombre`,`Apellido`,`Direccion_idDireccion`,`idOrganizacionDelictiva`) VALUES(9,'Luciano','Flores',37,3);
INSERT INTO `Persona`(`idPersona`,`Nombre`,`Apellido`,`Direccion_idDireccion`,`idOrganizacionDelictiva`) VALUES(10,'Moisés','Núñez',11,29);
INSERT INTO `Persona`(`idPersona`,`Nombre`,`Apellido`,`Direccion_idDireccion`,`idOrganizacionDelictiva`) VALUES(11,'Fátima','Ojeda',11,17);
INSERT INTO `Persona`(`idPersona`,`Nombre`,`Apellido`,`Direccion_idDireccion`,`idOrganizacionDelictiva`) VALUES(12,'Salomón','Cuesta',10,20);
INSERT INTO `Persona`(`idPersona`,`Nombre`,`Apellido`,`Direccion_idDireccion`,`idOrganizacionDelictiva`) VALUES(13,'José','Espino',71,35);
INSERT INTO `Persona`(`idPersona`,`Nombre`,`Apellido`,`Direccion_idDireccion`,`idOrganizacionDelictiva`) VALUES(14,'Lorenza','Santos',10,30);
INSERT INTO `Persona`(`idPersona`,`Nombre`,`Apellido`,`Direccion_idDireccion`,`idOrganizacionDelictiva`) VALUES(15,'Miguel','Zamorano',57,30);
INSERT INTO `Persona`(`idPersona`,`Nombre`,`Apellido`,`Direccion_idDireccion`,`idOrganizacionDelictiva`) VALUES(16,'Bibiana','Velázquez',32,25);
INSERT INTO `Persona`(`idPersona`,`Nombre`,`Apellido`,`Direccion_idDireccion`,`idOrganizacionDelictiva`) VALUES(17,'Saturnina','Ibáñez',15,20);
INSERT INTO `Persona`(`idPersona`,`Nombre`,`Apellido`,`Direccion_idDireccion`,`idOrganizacionDelictiva`) VALUES(18,'Salomé','Campos',9,9);
INSERT INTO `Persona`(`idPersona`,`Nombre`,`Apellido`,`Direccion_idDireccion`,`idOrganizacionDelictiva`) VALUES(19,'Gracia','Mendoza',36,1);
INSERT INTO `Persona`(`idPersona`,`Nombre`,`Apellido`,`Direccion_idDireccion`,`idOrganizacionDelictiva`) VALUES(20,'Florentina','De León',50,27);
INSERT INTO `Persona`(`idPersona`,`Nombre`,`Apellido`,`Direccion_idDireccion`,`idOrganizacionDelictiva`) VALUES(21,'Felicidad','Quirós',42,18);
INSERT INTO `Persona`(`idPersona`,`Nombre`,`Apellido`,`Direccion_idDireccion`,`idOrganizacionDelictiva`) VALUES(22,'Marta','De La Fuente',11,33);
INSERT INTO `Persona`(`idPersona`,`Nombre`,`Apellido`,`Direccion_idDireccion`,`idOrganizacionDelictiva`) VALUES(23,'Prudencio','Abarca',26,3);
INSERT INTO `Persona`(`idPersona`,`Nombre`,`Apellido`,`Direccion_idDireccion`,`idOrganizacionDelictiva`) VALUES(24,'Inés','Bello',23,8);
INSERT INTO `Persona`(`idPersona`,`Nombre`,`Apellido`,`Direccion_idDireccion`,`idOrganizacionDelictiva`) VALUES(25,'Marisol','Bautista',16,14);
INSERT INTO `Persona`(`idPersona`,`Nombre`,`Apellido`,`Direccion_idDireccion`,`idOrganizacionDelictiva`) VALUES(26,'Julián','Fernández',71,NULL);
INSERT INTO `Persona`(`idPersona`,`Nombre`,`Apellido`,`Direccion_idDireccion`,`idOrganizacionDelictiva`) VALUES(27,'Isaac','Catalán',45,32);
INSERT INTO `Persona`(`idPersona`,`Nombre`,`Apellido`,`Direccion_idDireccion`,`idOrganizacionDelictiva`) VALUES(28,'Julio','Vega',54,2);
INSERT INTO `Persona`(`idPersona`,`Nombre`,`Apellido`,`Direccion_idDireccion`,`idOrganizacionDelictiva`) VALUES(29,'Adelina','Medina',69,18);
INSERT INTO `Persona`(`idPersona`,`Nombre`,`Apellido`,`Direccion_idDireccion`,`idOrganizacionDelictiva`) VALUES(30,'Jaime','Blanco',23,5);
INSERT INTO `Persona`(`idPersona`,`Nombre`,`Apellido`,`Direccion_idDireccion`,`idOrganizacionDelictiva`) VALUES(31,'Marco','Franco',54,10);
INSERT INTO `Persona`(`idPersona`,`Nombre`,`Apellido`,`Direccion_idDireccion`,`idOrganizacionDelictiva`) VALUES(32,'Valeria','Sastre',15,NULL);
INSERT INTO `Persona`(`idPersona`,`Nombre`,`Apellido`,`Direccion_idDireccion`,`idOrganizacionDelictiva`) VALUES(33,'Antonia','Cuéllar',10,22);
INSERT INTO `Persona`(`idPersona`,`Nombre`,`Apellido`,`Direccion_idDireccion`,`idOrganizacionDelictiva`) VALUES(34,'Martín','Santana',10,5);
INSERT INTO `Persona`(`idPersona`,`Nombre`,`Apellido`,`Direccion_idDireccion`,`idOrganizacionDelictiva`) VALUES(35,'Baudelio','Ibáñez',15,7);
INSERT INTO `Persona`(`idPersona`,`Nombre`,`Apellido`,`Direccion_idDireccion`,`idOrganizacionDelictiva`) VALUES(36,'Reina','Trujillo',13,6);
INSERT INTO `Persona`(`idPersona`,`Nombre`,`Apellido`,`Direccion_idDireccion`,`idOrganizacionDelictiva`) VALUES(37,'Efraín','Alfaro',88,NULL);
INSERT INTO `Persona`(`idPersona`,`Nombre`,`Apellido`,`Direccion_idDireccion`,`idOrganizacionDelictiva`) VALUES(38,'Hortensia','Echeverría',13,NULL);
INSERT INTO `Persona`(`idPersona`,`Nombre`,`Apellido`,`Direccion_idDireccion`,`idOrganizacionDelictiva`) VALUES(39,'Encarnación','Elizondo',10,24);
INSERT INTO `Persona`(`idPersona`,`Nombre`,`Apellido`,`Direccion_idDireccion`,`idOrganizacionDelictiva`) VALUES(40,'África','Ola',6,NULL);
INSERT INTO `Persona`(`idPersona`,`Nombre`,`Apellido`,`Direccion_idDireccion`,`idOrganizacionDelictiva`) VALUES(41,'Fabián','Caro',6,4);
INSERT INTO `Persona`(`idPersona`,`Nombre`,`Apellido`,`Direccion_idDireccion`,`idOrganizacionDelictiva`) VALUES(42,'Milagros','Garza',14,0);
INSERT INTO `Persona`(`idPersona`,`Nombre`,`Apellido`,`Direccion_idDireccion`,`idOrganizacionDelictiva`) VALUES(43,'Roberto','Cantú',1,15);
INSERT INTO `Persona`(`idPersona`,`Nombre`,`Apellido`,`Direccion_idDireccion`,`idOrganizacionDelictiva`) VALUES(44,'Emilia','Vázquez',7,NULL);
INSERT INTO `Persona`(`idPersona`,`Nombre`,`Apellido`,`Direccion_idDireccion`,`idOrganizacionDelictiva`) VALUES(45,'Amancio','Rosario',46,NULL);
INSERT INTO `Persona`(`idPersona`,`Nombre`,`Apellido`,`Direccion_idDireccion`,`idOrganizacionDelictiva`) VALUES(46,'Elvira','Sepúlveda',12,6);
INSERT INTO `Persona`(`idPersona`,`Nombre`,`Apellido`,`Direccion_idDireccion`,`idOrganizacionDelictiva`) VALUES(47,'Marcial','Rojo',50,3);
INSERT INTO `Persona`(`idPersona`,`Nombre`,`Apellido`,`Direccion_idDireccion`,`idOrganizacionDelictiva`) VALUES(48,'Nuria','Estrada',80,19);
INSERT INTO `Persona`(`idPersona`,`Nombre`,`Apellido`,`Direccion_idDireccion`,`idOrganizacionDelictiva`) VALUES(49,'Bethania','Mingo',42,13);
INSERT INTO `Persona`(`idPersona`,`Nombre`,`Apellido`,`Direccion_idDireccion`,`idOrganizacionDelictiva`) VALUES(50,'Eulalia','Medina',57,9);
INSERT INTO `Persona`(`idPersona`,`Nombre`,`Apellido`,`Direccion_idDireccion`,`idOrganizacionDelictiva`) VALUES(51,'Cayetana','Velázquez',55,NULL);
INSERT INTO `Persona`(`idPersona`,`Nombre`,`Apellido`,`Direccion_idDireccion`,`idOrganizacionDelictiva`) VALUES(52,'Hermenegildo','Varela',14,NULL);
INSERT INTO `Persona`(`idPersona`,`Nombre`,`Apellido`,`Direccion_idDireccion`,`idOrganizacionDelictiva`) VALUES(53,'Marina','Maradona',61,7);
INSERT INTO `Persona`(`idPersona`,`Nombre`,`Apellido`,`Direccion_idDireccion`,`idOrganizacionDelictiva`) VALUES(54,'Vinicio','Reyes',85,20);
INSERT INTO `Persona`(`idPersona`,`Nombre`,`Apellido`,`Direccion_idDireccion`,`idOrganizacionDelictiva`) VALUES(55,'Josefa','Lucas',10,9);
INSERT INTO `Persona`(`idPersona`,`Nombre`,`Apellido`,`Direccion_idDireccion`,`idOrganizacionDelictiva`) VALUES(56,'Griselda','Viteri',0,NULL);
INSERT INTO `Persona`(`idPersona`,`Nombre`,`Apellido`,`Direccion_idDireccion`,`idOrganizacionDelictiva`) VALUES(57,'Ariadna','Olguin',19,NULL);
INSERT INTO `Persona`(`idPersona`,`Nombre`,`Apellido`,`Direccion_idDireccion`,`idOrganizacionDelictiva`) VALUES(58,'Anselmo','Iñíguez',46,21);
INSERT INTO `Persona`(`idPersona`,`Nombre`,`Apellido`,`Direccion_idDireccion`,`idOrganizacionDelictiva`) VALUES(59,'Modesto','Martínez',46,26);
INSERT INTO `Persona`(`idPersona`,`Nombre`,`Apellido`,`Direccion_idDireccion`,`idOrganizacionDelictiva`) VALUES(60,'Íñigo','Moreno',81,NULL);
INSERT INTO `Persona`(`idPersona`,`Nombre`,`Apellido`,`Direccion_idDireccion`,`idOrganizacionDelictiva`) VALUES(61,'Donato','Molina',82,25);
INSERT INTO `Persona`(`idPersona`,`Nombre`,`Apellido`,`Direccion_idDireccion`,`idOrganizacionDelictiva`) VALUES(62,'Rosalina','Cabrera',27,30);
INSERT INTO `Persona`(`idPersona`,`Nombre`,`Apellido`,`Direccion_idDireccion`,`idOrganizacionDelictiva`) VALUES(63,'Rosalina','Terrazas',70,NULL);
INSERT INTO `Persona`(`idPersona`,`Nombre`,`Apellido`,`Direccion_idDireccion`,`idOrganizacionDelictiva`) VALUES(64,'Benjamín','Peláez',13,NULL);
INSERT INTO `Persona`(`idPersona`,`Nombre`,`Apellido`,`Direccion_idDireccion`,`idOrganizacionDelictiva`) VALUES(65,'Edmundo','Toledano',60,18);
INSERT INTO `Persona`(`idPersona`,`Nombre`,`Apellido`,`Direccion_idDireccion`,`idOrganizacionDelictiva`) VALUES(66,'Flavio','Gallego',53,30);
INSERT INTO `Persona`(`idPersona`,`Nombre`,`Apellido`,`Direccion_idDireccion`,`idOrganizacionDelictiva`) VALUES(67,'Alejo','García',39,NULL);
INSERT INTO `Persona`(`idPersona`,`Nombre`,`Apellido`,`Direccion_idDireccion`,`idOrganizacionDelictiva`) VALUES(68,'Loreto','Arechavaleta',41,NULL);
INSERT INTO `Persona`(`idPersona`,`Nombre`,`Apellido`,`Direccion_idDireccion`,`idOrganizacionDelictiva`) VALUES(69,'Angélica','Velásquez',25,29);
INSERT INTO `Persona`(`idPersona`,`Nombre`,`Apellido`,`Direccion_idDireccion`,`idOrganizacionDelictiva`) VALUES(70,'Bruno','Espina',8,30);
INSERT INTO `Persona`(`idPersona`,`Nombre`,`Apellido`,`Direccion_idDireccion`,`idOrganizacionDelictiva`) VALUES(71,'Venceslás','Reyes',54,NULL);
INSERT INTO `Persona`(`idPersona`,`Nombre`,`Apellido`,`Direccion_idDireccion`,`idOrganizacionDelictiva`) VALUES(72,'Dulce','Varela',11,17);
INSERT INTO `Persona`(`idPersona`,`Nombre`,`Apellido`,`Direccion_idDireccion`,`idOrganizacionDelictiva`) VALUES(73,'Ivette','Basurto',53,21);
INSERT INTO `Persona`(`idPersona`,`Nombre`,`Apellido`,`Direccion_idDireccion`,`idOrganizacionDelictiva`) VALUES(74,'Florentino','Nieves',28,30);
INSERT INTO `Persona`(`idPersona`,`Nombre`,`Apellido`,`Direccion_idDireccion`,`idOrganizacionDelictiva`) VALUES(75,'Mirta','Mingo',86,29);
INSERT INTO `Persona`(`idPersona`,`Nombre`,`Apellido`,`Direccion_idDireccion`,`idOrganizacionDelictiva`) VALUES(76,'Marina','Rana',16,NULL);
INSERT INTO `Persona`(`idPersona`,`Nombre`,`Apellido`,`Direccion_idDireccion`,`idOrganizacionDelictiva`) VALUES(77,'Alonso','Velásquez',42,NULL);
INSERT INTO `Persona`(`idPersona`,`Nombre`,`Apellido`,`Direccion_idDireccion`,`idOrganizacionDelictiva`) VALUES(78,'Judith','Narváez',58,26);
INSERT INTO `Persona`(`idPersona`,`Nombre`,`Apellido`,`Direccion_idDireccion`,`idOrganizacionDelictiva`) VALUES(79,'Crescencia','Quintana',11,20);
INSERT INTO `Persona`(`idPersona`,`Nombre`,`Apellido`,`Direccion_idDireccion`,`idOrganizacionDelictiva`) VALUES(80,'Álvaro','Suárez',12,28);
INSERT INTO `Persona`(`idPersona`,`Nombre`,`Apellido`,`Direccion_idDireccion`,`idOrganizacionDelictiva`) VALUES(81,'Jaime','Noguera',84,28);
INSERT INTO `Persona`(`idPersona`,`Nombre`,`Apellido`,`Direccion_idDireccion`,`idOrganizacionDelictiva`) VALUES(82,'Marisol','Ortega',9,NULL);
INSERT INTO `Persona`(`idPersona`,`Nombre`,`Apellido`,`Direccion_idDireccion`,`idOrganizacionDelictiva`) VALUES(83,'Miguel','Cardozo',22,NULL);
INSERT INTO `Persona`(`idPersona`,`Nombre`,`Apellido`,`Direccion_idDireccion`,`idOrganizacionDelictiva`) VALUES(84,'Tomás','Cantú',24,NULL);
INSERT INTO `Persona`(`idPersona`,`Nombre`,`Apellido`,`Direccion_idDireccion`,`idOrganizacionDelictiva`) VALUES(85,'Natalio','Ramírez',65,22);
INSERT INTO `Persona`(`idPersona`,`Nombre`,`Apellido`,`Direccion_idDireccion`,`idOrganizacionDelictiva`) VALUES(86,'Moisés','Quirós',76,18);
INSERT INTO `Persona`(`idPersona`,`Nombre`,`Apellido`,`Direccion_idDireccion`,`idOrganizacionDelictiva`) VALUES(87,'Lucía','Iglesias',73,22);
INSERT INTO `Persona`(`idPersona`,`Nombre`,`Apellido`,`Direccion_idDireccion`,`idOrganizacionDelictiva`) VALUES(88,'Demetrio','Valdez',60,19);
INSERT INTO `Persona`(`idPersona`,`Nombre`,`Apellido`,`Direccion_idDireccion`,`idOrganizacionDelictiva`) VALUES(89,'Norberto','Santiago',19,20);
INSERT INTO `Persona`(`idPersona`,`Nombre`,`Apellido`,`Direccion_idDireccion`,`idOrganizacionDelictiva`) VALUES(90,'Rómulo','Jasso',19,24);
INSERT INTO `Persona`(`idPersona`,`Nombre`,`Apellido`,`Direccion_idDireccion`,`idOrganizacionDelictiva`) VALUES(91,'Rafaela','Bosque',62,NULL);
INSERT INTO `Persona`(`idPersona`,`Nombre`,`Apellido`,`Direccion_idDireccion`,`idOrganizacionDelictiva`) VALUES(92,'Godofredo','Cabrera',11,NULL);
INSERT INTO `Persona`(`idPersona`,`Nombre`,`Apellido`,`Direccion_idDireccion`,`idOrganizacionDelictiva`) VALUES(93,'Melisa','Gómez',62,25);
INSERT INTO `Persona`(`idPersona`,`Nombre`,`Apellido`,`Direccion_idDireccion`,`idOrganizacionDelictiva`) VALUES(94,'Martina','Ojeda',48,19);
INSERT INTO `Persona`(`idPersona`,`Nombre`,`Apellido`,`Direccion_idDireccion`,`idOrganizacionDelictiva`) VALUES(95,'Valeria','Robles',23,6);
INSERT INTO `Persona`(`idPersona`,`Nombre`,`Apellido`,`Direccion_idDireccion`,`idOrganizacionDelictiva`) VALUES(96,'Lorenza','Esparza',36,1);
INSERT INTO `Persona`(`idPersona`,`Nombre`,`Apellido`,`Direccion_idDireccion`,`idOrganizacionDelictiva`) VALUES(97,'Marcio','Muñoz',38,1);
INSERT INTO `Persona`(`idPersona`,`Nombre`,`Apellido`,`Direccion_idDireccion`,`idOrganizacionDelictiva`) VALUES(98,'Renata','Del Bosque',21,14);
INSERT INTO `Persona`(`idPersona`,`Nombre`,`Apellido`,`Direccion_idDireccion`,`idOrganizacionDelictiva`) VALUES(99,'Olivia','De León',85,11);


INSERT INTO `Incidente`(`idIncidente`,`idDireccion`,`Numero`,`Descripcion`,`Fecha`) VALUES (0,51 , 0,"Choque de autos",'2017-7-12');
INSERT INTO `Incidente`(`idIncidente`,`idDireccion`,`Numero`,`Descripcion`,`Fecha`) VALUES (1,28 , 1,"Robo",'2017-2-17');
INSERT INTO `Incidente`(`idIncidente`,`idDireccion`,`Numero`,`Descripcion`,`Fecha`) VALUES (2,40 , 2,"Felonía",'2017-4-12');
INSERT INTO `Incidente`(`idIncidente`,`idDireccion`,`Numero`,`Descripcion`,`Fecha`) VALUES (3,89 , 3,"Felonía",'2017-2-28');
INSERT INTO `Incidente`(`idIncidente`,`idDireccion`,`Numero`,`Descripcion`,`Fecha`) VALUES (4,88 , 4,"Ruidos molestos",'2017-4-2');
INSERT INTO `Incidente`(`idIncidente`,`idDireccion`,`Numero`,`Descripcion`,`Fecha`) VALUES (5,1, 5,"Ruidos molestos",'2017-8-20');
INSERT INTO `Incidente`(`idIncidente`,`idDireccion`,`Numero`,`Descripcion`,`Fecha`) VALUES (6,54 , 6,"Robo",'2017-6-13');
INSERT INTO `Incidente`(`idIncidente`,`idDireccion`,`Numero`,`Descripcion`,`Fecha`) VALUES (7,76 , 7,"Robo",'2017-6-8');
INSERT INTO `Incidente`(`idIncidente`,`idDireccion`,`Numero`,`Descripcion`,`Fecha`) VALUES (8,44 , 8,"Asalto a comercio",'2017-11-28');
INSERT INTO `Incidente`(`idIncidente`,`idDireccion`,`Numero`,`Descripcion`,`Fecha`) VALUES (9,33 , 9,"Asalto a comercio",'2017-5-18');
INSERT INTO `Incidente`(`idIncidente`,`idDireccion`,`Numero`,`Descripcion`,`Fecha`) VALUES (10,26, 10,"Asalto a transeúnte",'2017-9-20');
INSERT INTO `Incidente`(`idIncidente`,`idDireccion`,`Numero`,`Descripcion`,`Fecha`) VALUES (11,41, 11,"Ruidos molestos",'2017-1-30');
INSERT INTO `Incidente`(`idIncidente`,`idDireccion`,`Numero`,`Descripcion`,`Fecha`) VALUES (12,60, 12,"Pelea callejera",'2017-4-13');
INSERT INTO `Incidente`(`idIncidente`,`idDireccion`,`Numero`,`Descripcion`,`Fecha`) VALUES (13,31, 13,"Robo",'2017-12-2');
INSERT INTO `Incidente`(`idIncidente`,`idDireccion`,`Numero`,`Descripcion`,`Fecha`) VALUES (14,40, 14,"Robo",'2017-3-26');
INSERT INTO `Incidente`(`idIncidente`,`idDireccion`,`Numero`,`Descripcion`,`Fecha`) VALUES (15,73, 15,"Robo",'2017-10-9');
INSERT INTO `Incidente`(`idIncidente`,`idDireccion`,`Numero`,`Descripcion`,`Fecha`) VALUES (16,40, 16,"Robo",'2017-12-19');
INSERT INTO `Incidente`(`idIncidente`,`idDireccion`,`Numero`,`Descripcion`,`Fecha`) VALUES (17,85, 17,"Hurto",'2017-11-13');
INSERT INTO `Incidente`(`idIncidente`,`idDireccion`,`Numero`,`Descripcion`,`Fecha`) VALUES (18,6 , 18,"Hurto",'2017-11-1');
INSERT INTO `Incidente`(`idIncidente`,`idDireccion`,`Numero`,`Descripcion`,`Fecha`) VALUES (19,87, 19,"No especificado",'2017-12-23');
INSERT INTO `Incidente`(`idIncidente`,`idDireccion`,`Numero`,`Descripcion`,`Fecha`) VALUES (20,33, 20,"Ruidos molestos",'2017-11-17');
INSERT INTO `Incidente`(`idIncidente`,`idDireccion`,`Numero`,`Descripcion`,`Fecha`) VALUES (21,19, 21,"Explosión",'2017-8-4');
INSERT INTO `Incidente`(`idIncidente`,`idDireccion`,`Numero`,`Descripcion`,`Fecha`) VALUES (22,56, 22,"Choque de autos",'2017-12-11');
INSERT INTO `Incidente`(`idIncidente`,`idDireccion`,`Numero`,`Descripcion`,`Fecha`) VALUES (23,20, 23,"Desacato",'2017-10-21');
INSERT INTO `Incidente`(`idIncidente`,`idDireccion`,`Numero`,`Descripcion`,`Fecha`) VALUES (24,86, 24,"Estafa",'2017-11-4');
INSERT INTO `Incidente`(`idIncidente`,`idDireccion`,`Numero`,`Descripcion`,`Fecha`) VALUES (25,3 , 25,"Amenazas",'2017-1-18');
INSERT INTO `Incidente`(`idIncidente`,`idDireccion`,`Numero`,`Descripcion`,`Fecha`) VALUES (26,52, 26,"Ruidos molestos",'2017-10-22');
INSERT INTO `Incidente`(`idIncidente`,`idDireccion`,`Numero`,`Descripcion`,`Fecha`) VALUES (27,49, 27,"Estafa",'2017-9-28');
INSERT INTO `Incidente`(`idIncidente`,`idDireccion`,`Numero`,`Descripcion`,`Fecha`) VALUES (28,33, 28,"Explosión",'2017-1-18');
INSERT INTO `Incidente`(`idIncidente`,`idDireccion`,`Numero`,`Descripcion`,`Fecha`) VALUES (29,23, 29,"Venta ambulante",'2017-7-6');
INSERT INTO `Incidente`(`idIncidente`,`idDireccion`,`Numero`,`Descripcion`,`Fecha`) VALUES (30,9 , 30,"Amenazas",'2017-5-21');
INSERT INTO `Incidente`(`idIncidente`,`idDireccion`,`Numero`,`Descripcion`,`Fecha`) VALUES (31,60, 31,"Desacato",'2017-11-9');
INSERT INTO `Incidente`(`idIncidente`,`idDireccion`,`Numero`,`Descripcion`,`Fecha`) VALUES (32,5 , 32,"Venta ambulante",'2017-7-28');
INSERT INTO `Incidente`(`idIncidente`,`idDireccion`,`Numero`,`Descripcion`,`Fecha`) VALUES (33,65, 33,"Ruidos molestos",'2017-11-12');
INSERT INTO `Incidente`(`idIncidente`,`idDireccion`,`Numero`,`Descripcion`,`Fecha`) VALUES (34,20, 34,"Robo",'2017-4-10');
INSERT INTO `Incidente`(`idIncidente`,`idDireccion`,`Numero`,`Descripcion`,`Fecha`) VALUES (35,89, 35,"Ebriedad",'2017-2-7');
INSERT INTO `Incidente`(`idIncidente`,`idDireccion`,`Numero`,`Descripcion`,`Fecha`) VALUES (36,22, 36,"Merodeo",'2017-7-19');
INSERT INTO `Incidente`(`idIncidente`,`idDireccion`,`Numero`,`Descripcion`,`Fecha`) VALUES (37,33, 37,"Vagancia",'2017-11-29');
INSERT INTO `Incidente`(`idIncidente`,`idDireccion`,`Numero`,`Descripcion`,`Fecha`) VALUES (38,1 , 38,"Robo",'2017-4-6');
INSERT INTO `Incidente`(`idIncidente`,`idDireccion`,`Numero`,`Descripcion`,`Fecha`) VALUES (39,68, 39,"Robo",'2017-3-28');
INSERT INTO `Incidente`(`idIncidente`,`idDireccion`,`Numero`,`Descripcion`,`Fecha`) VALUES (40,88, 40,"Hurto",'2017-5-22');
INSERT INTO `Incidente`(`idIncidente`,`idDireccion`,`Numero`,`Descripcion`,`Fecha`) VALUES (41,61, 41,"Violencia",'2017-3-18');
INSERT INTO `Incidente`(`idIncidente`,`idDireccion`,`Numero`,`Descripcion`,`Fecha`) VALUES (42,72, 42,"Choque de autos",'2017-12-19');
INSERT INTO `Incidente`(`idIncidente`,`idDireccion`,`Numero`,`Descripcion`,`Fecha`) VALUES (43,33, 43,"Ruidos molestos",'2017-6-30');
INSERT INTO `Incidente`(`idIncidente`,`idDireccion`,`Numero`,`Descripcion`,`Fecha`) VALUES (44,62, 44,"Asalto a comercio",'2017-11-28');
INSERT INTO `Incidente`(`idIncidente`,`idDireccion`,`Numero`,`Descripcion`,`Fecha`) VALUES (45,17, 45,"Robo",'2017-2-1');
INSERT INTO `Incidente`(`idIncidente`,`idDireccion`,`Numero`,`Descripcion`,`Fecha`) VALUES (46,17, 46,"Venta ilegal",'2017-1-18');
INSERT INTO `Incidente`(`idIncidente`,`idDireccion`,`Numero`,`Descripcion`,`Fecha`) VALUES (47,71, 47,"Estupefacientes",'2017-12-11');
INSERT INTO `Incidente`(`idIncidente`,`idDireccion`,`Numero`,`Descripcion`,`Fecha`) VALUES (48,10, 48,"Venta de estupefacientes",'2017-9-16');
INSERT INTO `Incidente`(`idIncidente`,`idDireccion`,`Numero`,`Descripcion`,`Fecha`) VALUES (49,60, 49,"Venta ilegal",'2017-3-29');
INSERT INTO `Incidente`(`idIncidente`,`idDireccion`,`Numero`,`Descripcion`,`Fecha`) VALUES (50,86, 50,"Pelea callejera",'2017-12-2');
INSERT INTO `Incidente`(`idIncidente`,`idDireccion`,`Numero`,`Descripcion`,`Fecha`) VALUES (51,5 , 51,"Choque de autos",'2017-6-16');
INSERT INTO `Incidente`(`idIncidente`,`idDireccion`,`Numero`,`Descripcion`,`Fecha`) VALUES (52,80, 52,"Pirotecnia peligrosa",'2017-2-21');
INSERT INTO `Incidente`(`idIncidente`,`idDireccion`,`Numero`,`Descripcion`,`Fecha`) VALUES (53,0 , 53,"Choque de autos",'2017-8-24');
INSERT INTO `Incidente`(`idIncidente`,`idDireccion`,`Numero`,`Descripcion`,`Fecha`) VALUES (54,62, 54,"Venta de estupefacientes",'2017-12-19');
INSERT INTO `Incidente`(`idIncidente`,`idDireccion`,`Numero`,`Descripcion`,`Fecha`) VALUES (55,24, 55,"Intento de suicidio",'2017-3-24');
INSERT INTO `Incidente`(`idIncidente`,`idDireccion`,`Numero`,`Descripcion`,`Fecha`) VALUES (56,38, 56,"Choque de motocicleta",'2017-8-30');
INSERT INTO `Incidente`(`idIncidente`,`idDireccion`,`Numero`,`Descripcion`,`Fecha`) VALUES (57,86, 57,"Caída en pozo",'2017-1-14');
INSERT INTO `Incidente`(`idIncidente`,`idDireccion`,`Numero`,`Descripcion`,`Fecha`) VALUES (58,82, 58,"Choque de autos",'2017-5-22');
INSERT INTO `Incidente`(`idIncidente`,`idDireccion`,`Numero`,`Descripcion`,`Fecha`) VALUES (59,5 , 59,"Venta de estupefacientes",'2017-4-29');
INSERT INTO `Incidente`(`idIncidente`,`idDireccion`,`Numero`,`Descripcion`,`Fecha`) VALUES (60,0 , 60,"Choque de autos",'2017-4-27');
INSERT INTO `Incidente`(`idIncidente`,`idDireccion`,`Numero`,`Descripcion`,`Fecha`) VALUES (61,40, 61,"Destrucción de propiedad pública",'2017-10-21');
INSERT INTO `Incidente`(`idIncidente`,`idDireccion`,`Numero`,`Descripcion`,`Fecha`) VALUES (62,6 , 62,"Choque de autos",'2017-2-18');
INSERT INTO `Incidente`(`idIncidente`,`idDireccion`,`Numero`,`Descripcion`,`Fecha`) VALUES (63,52, 63,"Corte de calle",'2017-9-20');
INSERT INTO `Incidente`(`idIncidente`,`idDireccion`,`Numero`,`Descripcion`,`Fecha`) VALUES (64,46, 64,"Venta de estupefacientes",'2017-4-30');
INSERT INTO `Incidente`(`idIncidente`,`idDireccion`,`Numero`,`Descripcion`,`Fecha`) VALUES (65,11, 65,"Corte de calle",'2017-4-14');
INSERT INTO `Incidente`(`idIncidente`,`idDireccion`,`Numero`,`Descripcion`,`Fecha`) VALUES (66,25, 66,"Amenaza de bomba",'2017-4-13');
INSERT INTO `Incidente`(`idIncidente`,`idDireccion`,`Numero`,`Descripcion`,`Fecha`) VALUES (67,31, 67,"Amenaza de bomba",'2017-12-28');
INSERT INTO `Incidente`(`idIncidente`,`idDireccion`,`Numero`,`Descripcion`,`Fecha`) VALUES (68,31, 68,"Venta de estupefacientes",'2017-5-27');
INSERT INTO `Incidente`(`idIncidente`,`idDireccion`,`Numero`,`Descripcion`,`Fecha`) VALUES (69,44, 69,"Choque de autos",'2017-5-16');
INSERT INTO `Incidente`(`idIncidente`,`idDireccion`,`Numero`,`Descripcion`,`Fecha`) VALUES (70,39, 70,"Amenaza de bomba",'2017-4-24');
INSERT INTO `Incidente`(`idIncidente`,`idDireccion`,`Numero`,`Descripcion`,`Fecha`) VALUES (71,89, 71,"Choque de autos",'2017-8-22');
INSERT INTO `Incidente`(`idIncidente`,`idDireccion`,`Numero`,`Descripcion`,`Fecha`) VALUES (72,66, 72,"Amenaza de bomba",'2017-11-9');
INSERT INTO `Incidente`(`idIncidente`,`idDireccion`,`Numero`,`Descripcion`,`Fecha`) VALUES (73,29, 73,"Juego ilegal",'2017-3-30');
INSERT INTO `Incidente`(`idIncidente`,`idDireccion`,`Numero`,`Descripcion`,`Fecha`) VALUES (74,7 , 74,"Amenaza de bomba",'2017-9-18');
INSERT INTO `Incidente`(`idIncidente`,`idDireccion`,`Numero`,`Descripcion`,`Fecha`) VALUES (75,59, 75,"Apuestas ilegales",'2017-12-4');
INSERT INTO `Incidente`(`idIncidente`,`idDireccion`,`Numero`,`Descripcion`,`Fecha`) VALUES (76,34, 76,"Juego ilegal",'2017-3-29');
INSERT INTO `Incidente`(`idIncidente`,`idDireccion`,`Numero`,`Descripcion`,`Fecha`) VALUES (77,88, 77,"Venta de estupefacientes",'2017-10-6');
INSERT INTO `Incidente`(`idIncidente`,`idDireccion`,`Numero`,`Descripcion`,`Fecha`) VALUES (78,54, 78,"Choque de autos",'2017-11-16');
INSERT INTO `Incidente`(`idIncidente`,`idDireccion`,`Numero`,`Descripcion`,`Fecha`) VALUES (79,21, 79,"Carrera de autos",'2017-6-11');
INSERT INTO `Incidente`(`idIncidente`,`idDireccion`,`Numero`,`Descripcion`,`Fecha`) VALUES (80,3 , 80,"Llamado anónimo",'2017-5-11');
INSERT INTO `Incidente`(`idIncidente`,`idDireccion`,`Numero`,`Descripcion`,`Fecha`) VALUES (81,45, 81,"Choque de autos",'2017-2-9');
INSERT INTO `Incidente`(`idIncidente`,`idDireccion`,`Numero`,`Descripcion`,`Fecha`) VALUES (82,79, 82,"Amenazas públicas",'2017-1-18');
INSERT INTO `Incidente`(`idIncidente`,`idDireccion`,`Numero`,`Descripcion`,`Fecha`) VALUES (83,0 , 83,"Venta de estupefacientes",'2017-5-23');
INSERT INTO `Incidente`(`idIncidente`,`idDireccion`,`Numero`,`Descripcion`,`Fecha`) VALUES (84,14, 84,"Choque de autos",'2017-9-11');
INSERT INTO `Incidente`(`idIncidente`,`idDireccion`,`Numero`,`Descripcion`,`Fecha`) VALUES (85,5 , 85,"Choque de autos",'2017-4-8');
INSERT INTO `Incidente`(`idIncidente`,`idDireccion`,`Numero`,`Descripcion`,`Fecha`) VALUES (86,49, 86,"Ruidos molestos",'2017-9-26');
INSERT INTO `Incidente`(`idIncidente`,`idDireccion`,`Numero`,`Descripcion`,`Fecha`) VALUES (87,36, 87,"Juego ilegal",'2017-3-17');
INSERT INTO `Incidente`(`idIncidente`,`idDireccion`,`Numero`,`Descripcion`,`Fecha`) VALUES (88,47, 88,"Venta de estupefacientes",'2017-4-29');
INSERT INTO `Incidente`(`idIncidente`,`idDireccion`,`Numero`,`Descripcion`,`Fecha`) VALUES (89,78, 89,"Juego ilegal",'2017-12-18');
INSERT INTO `Incidente`(`idIncidente`,`idDireccion`,`Numero`,`Descripcion`,`Fecha`) VALUES (90,35, 90,"Choque de autos",'2017-7-18');
INSERT INTO `Incidente`(`idIncidente`,`idDireccion`,`Numero`,`Descripcion`,`Fecha`) VALUES (91,2 , 91,"Juego ilegal",'2017-10-16');
INSERT INTO `Incidente`(`idIncidente`,`idDireccion`,`Numero`,`Descripcion`,`Fecha`) VALUES (92,26, 92,"Robo",'2017-7-29');
INSERT INTO `Incidente`(`idIncidente`,`idDireccion`,`Numero`,`Descripcion`,`Fecha`) VALUES (93,73, 93,"Venta de estupefacientes",'2017-2-22');
INSERT INTO `Incidente`(`idIncidente`,`idDireccion`,`Numero`,`Descripcion`,`Fecha`) VALUES (94,76, 94,"Juego ilegal",'2017-10-10');
INSERT INTO `Incidente`(`idIncidente`,`idDireccion`,`Numero`,`Descripcion`,`Fecha`) VALUES (95,25, 95,"Juego ilegal",'2017-2-1');
INSERT INTO `Incidente`(`idIncidente`,`idDireccion`,`Numero`,`Descripcion`,`Fecha`) VALUES (96,13, 96,"Juego ilegal",'2017-10-12');
INSERT INTO `Incidente`(`idIncidente`,`idDireccion`,`Numero`,`Descripcion`,`Fecha`) VALUES (97,56, 97,"Juego ilegal",'2017-8-18');
INSERT INTO `Incidente`(`idIncidente`,`idDireccion`,`Numero`,`Descripcion`,`Fecha`) VALUES (98,15, 98,"Venta de estupefacientes",'2017-10-29');
INSERT INTO `Incidente`(`idIncidente`,`idDireccion`,`Numero`,`Descripcion`,`Fecha`) VALUES (99,62, 99,"Juego ilegal",'2017-7-3');
INSERT INTO `Incidente`(`idIncidente`,`idDireccion`,`Numero`,`Descripcion`,`Fecha`) VALUES (100,46, 10, "Choque de autos",'2017-4-14');
INSERT INTO `Incidente`(`idIncidente`,`idDireccion`,`Numero`,`Descripcion`,`Fecha`) VALUES (101,4, 10,"Juego ilegal",'2017-11-9');
INSERT INTO `Incidente`(`idIncidente`,`idDireccion`,`Numero`,`Descripcion`,`Fecha`) VALUES (102,68, 10, "Venta ilegal",'2017-8-3');
INSERT INTO `Incidente`(`idIncidente`,`idDireccion`,`Numero`,`Descripcion`,`Fecha`) VALUES (103,10, 10, "Pirotecnia peligros",'2017-6-8');
INSERT INTO `Incidente`(`idIncidente`,`idDireccion`,`Numero`,`Descripcion`,`Fecha`) VALUES (104,64, 10, "Corte de calle",'2017-11-2');
INSERT INTO `Incidente`(`idIncidente`,`idDireccion`,`Numero`,`Descripcion`,`Fecha`) VALUES (105,88, 10, "Consumo de estupefacientes",'2017-8-26');
INSERT INTO `Incidente`(`idIncidente`,`idDireccion`,`Numero`,`Descripcion`,`Fecha`) VALUES (106,76, 10, "Venta de alcohol ilegal",'2017-1-10');
INSERT INTO `Incidente`(`idIncidente`,`idDireccion`,`Numero`,`Descripcion`,`Fecha`) VALUES (107,59, 10, "Atentado contra la autoridad",'2017-6-16');
INSERT INTO `Incidente`(`idIncidente`,`idDireccion`,`Numero`,`Descripcion`,`Fecha`) VALUES (108,44, 10, "Pirotecnia ilegal",'2017-11-23');
INSERT INTO `Incidente`(`idIncidente`,`idDireccion`,`Numero`,`Descripcion`,`Fecha`) VALUES (109,22, 10, "Venta de estupefacientes",'2017-3-2');
INSERT INTO `Incidente`(`idIncidente`,`idDireccion`,`Numero`,`Descripcion`,`Fecha`) VALUES (110,28, 11, "Ruidos molestos",'2017-9-13');
INSERT INTO `Incidente`(`idIncidente`,`idDireccion`,`Numero`,`Descripcion`,`Fecha`) VALUES (111,57, 11, "Pelea callejera",'2017-4-20');
INSERT INTO `Incidente`(`idIncidente`,`idDireccion`,`Numero`,`Descripcion`,`Fecha`) VALUES (112,23, 11, "Venta de estupefacientes",'2017-9-18');
INSERT INTO `Incidente`(`idIncidente`,`idDireccion`,`Numero`,`Descripcion`,`Fecha`) VALUES (113,52, 11, "Venta de estupefacientes",'2017-5-27');
INSERT INTO `Incidente`(`idIncidente`,`idDireccion`,`Numero`,`Descripcion`,`Fecha`) VALUES (114,6, 11,"Hurto",'2017-7-11');
INSERT INTO `Incidente`(`idIncidente`,`idDireccion`,`Numero`,`Descripcion`,`Fecha`) VALUES (115,52, 11, "Felonía",'2017-10-24');
INSERT INTO `Incidente`(`idIncidente`,`idDireccion`,`Numero`,`Descripcion`,`Fecha`) VALUES (116,17, 11, "Alteración del orden público",'2017-12-14');
INSERT INTO `Incidente`(`idIncidente`,`idDireccion`,`Numero`,`Descripcion`,`Fecha`) VALUES (117,22, 11, "Venta ambulante",'2017-11-9');
INSERT INTO `Incidente`(`idIncidente`,`idDireccion`,`Numero`,`Descripcion`,`Fecha`) VALUES (118,51, 11, "Corte de calle",'2017-2-25');
INSERT INTO `Incidente`(`idIncidente`,`idDireccion`,`Numero`,`Descripcion`,`Fecha`) VALUES (119,85, 11, "Choque de autos",'2017-7-10');
INSERT INTO `Incidente`(`idIncidente`,`idDireccion`,`Numero`,`Descripcion`,`Fecha`) VALUES (120,32, 12, "Choque de autos",'2017-6-2');
INSERT INTO `Incidente`(`idIncidente`,`idDireccion`,`Numero`,`Descripcion`,`Fecha`) VALUES (121,69, 12, "Robo",'2017-3-6');
INSERT INTO `Incidente`(`idIncidente`,`idDireccion`,`Numero`,`Descripcion`,`Fecha`) VALUES (122,10, 12, "Hurto",'2017-8-18');
INSERT INTO `Incidente`(`idIncidente`,`idDireccion`,`Numero`,`Descripcion`,`Fecha`) VALUES (123,54, 12, "Asalto a comercio",'2017-3-13');
INSERT INTO `Incidente`(`idIncidente`,`idDireccion`,`Numero`,`Descripcion`,`Fecha`) VALUES (124,1, 12,"Pelea callejera",'2017-10-24');
INSERT INTO `Incidente`(`idIncidente`,`idDireccion`,`Numero`,`Descripcion`,`Fecha`) VALUES (125,77, 12, "Violencia callejera",'2017-2-21');
INSERT INTO `Incidente`(`idIncidente`,`idDireccion`,`Numero`,`Descripcion`,`Fecha`) VALUES (126,89, 12, "Robo",'2017-12-15');
INSERT INTO `Incidente`(`idIncidente`,`idDireccion`,`Numero`,`Descripcion`,`Fecha`) VALUES (127,64, 12, "Ruidos molestos",'2017-7-11');
INSERT INTO `Incidente`(`idIncidente`,`idDireccion`,`Numero`,`Descripcion`,`Fecha`) VALUES (128,24, 12, "Explosión",'2017-10-30');
INSERT INTO `Incidente`(`idIncidente`,`idDireccion`,`Numero`,`Descripcion`,`Fecha`) VALUES (129,58, 12, "Venta de estupefacientes",'2017-5-10');
INSERT INTO `Incidente`(`idIncidente`,`idDireccion`,`Numero`,`Descripcion`,`Fecha`) VALUES (130,6, 13,"Coacción ilegal",'2017-3-25');
INSERT INTO `Incidente`(`idIncidente`,`idDireccion`,`Numero`,`Descripcion`,`Fecha`) VALUES (131,27, 13, "Robo",'2017-4-28');
INSERT INTO `Incidente`(`idIncidente`,`idDireccion`,`Numero`,`Descripcion`,`Fecha`) VALUES (132,70, 13, "Hurto",'2017-6-29');
INSERT INTO `Incidente`(`idIncidente`,`idDireccion`,`Numero`,`Descripcion`,`Fecha`) VALUES (133,80, 13, "Robo",'2017-2-8');
INSERT INTO `Incidente`(`idIncidente`,`idDireccion`,`Numero`,`Descripcion`,`Fecha`) VALUES (134,81, 13, "Ruidos molestos",'2017-12-18');
INSERT INTO `Incidente`(`idIncidente`,`idDireccion`,`Numero`,`Descripcion`,`Fecha`) VALUES (135,72, 13, "Venta de estupefacientes",'2017-6-14');
INSERT INTO `Incidente`(`idIncidente`,`idDireccion`,`Numero`,`Descripcion`,`Fecha`) VALUES (136,47, 13, "Estupro",'2017-11-22');
INSERT INTO `Incidente`(`idIncidente`,`idDireccion`,`Numero`,`Descripcion`,`Fecha`) VALUES (137,74, 13, "Exhibicionismo",'2017-5-1');
INSERT INTO `Incidente`(`idIncidente`,`idDireccion`,`Numero`,`Descripcion`,`Fecha`) VALUES (138,4, 13,"Destrucción de la propiedad",'2017-1-29');
INSERT INTO `Incidente`(`idIncidente`,`idDireccion`,`Numero`,`Descripcion`,`Fecha`) VALUES (139,21, 13, "Violencia callejera",'2017-8-16');
INSERT INTO `Incidente`(`idIncidente`,`idDireccion`,`Numero`,`Descripcion`,`Fecha`) VALUES (140,59, 14, "Venta de estupefacientes",'2017-2-17');
INSERT INTO `Incidente`(`idIncidente`,`idDireccion`,`Numero`,`Descripcion`,`Fecha`) VALUES (141,20, 14, "Vagancia",'2017-11-20');
INSERT INTO `Incidente`(`idIncidente`,`idDireccion`,`Numero`,`Descripcion`,`Fecha`) VALUES (142,17, 14, "Merodeo",'2017-1-23');
INSERT INTO `Incidente`(`idIncidente`,`idDireccion`,`Numero`,`Descripcion`,`Fecha`) VALUES (143,80, 14, "Hurto",'2017-4-20');
INSERT INTO `Incidente`(`idIncidente`,`idDireccion`,`Numero`,`Descripcion`,`Fecha`) VALUES (144,60, 14, "Venta de estupefacientes",'2017-7-16');
INSERT INTO `Incidente`(`idIncidente`,`idDireccion`,`Numero`,`Descripcion`,`Fecha`) VALUES (145,70, 14, "Robo",'2017-8-14');
INSERT INTO `Incidente`(`idIncidente`,`idDireccion`,`Numero`,`Descripcion`,`Fecha`) VALUES (146,26, 14, "Robo",'2017-10-25');
INSERT INTO `Incidente`(`idIncidente`,`idDireccion`,`Numero`,`Descripcion`,`Fecha`) VALUES (147,65, 14, "Venta de estupefacientes",'2017-2-1');
INSERT INTO `Incidente`(`idIncidente`,`idDireccion`,`Numero`,`Descripcion`,`Fecha`) VALUES (148,82, 14, "Robo",'2017-8-29');


INSERT INTO `Interviene`(`num`,`idIncidente`,`Rol`) VALUES(39,135,'Designado en manzana');
INSERT INTO `Interviene`(`num`,`idIncidente`,`Rol`) VALUES(43,68,'Patrullero');
INSERT INTO `Interviene`(`num`,`idIncidente`,`Rol`) VALUES(8,106,'Oficial de civil');
INSERT INTO `Interviene`(`num`,`idIncidente`,`Rol`) VALUES(60,1,'Seguridad asignada');
INSERT INTO `Interviene`(`num`,`idIncidente`,`Rol`) VALUES(48,113,'Seguridad asignada');
INSERT INTO `Interviene`(`num`,`idIncidente`,`Rol`) VALUES(21,103,'Guardia en comisaría');
INSERT INTO `Interviene`(`num`,`idIncidente`,`Rol`) VALUES(55,13,'Patrullero');
INSERT INTO `Interviene`(`num`,`idIncidente`,`Rol`) VALUES(0,27,'Designado en manzana');
INSERT INTO `Interviene`(`num`,`idIncidente`,`Rol`) VALUES(42,17,'Patrullero');
INSERT INTO `Interviene`(`num`,`idIncidente`,`Rol`) VALUES(29,74,'Oficial de civil');
INSERT INTO `Interviene`(`num`,`idIncidente`,`Rol`) VALUES(30,114,'Designado en manzana');
INSERT INTO `Interviene`(`num`,`idIncidente`,`Rol`) VALUES(23,74,'Seguridad asignada');
INSERT INTO `Interviene`(`num`,`idIncidente`,`Rol`) VALUES(7,80,'Oficial de civil');
INSERT INTO `Interviene`(`num`,`idIncidente`,`Rol`) VALUES(66,113,'Seguridad asignada');
INSERT INTO `Interviene`(`num`,`idIncidente`,`Rol`) VALUES(35,99,'Guardia en comisaría');
INSERT INTO `Interviene`(`num`,`idIncidente`,`Rol`) VALUES(28,101,'Investigador');
INSERT INTO `Interviene`(`num`,`idIncidente`,`Rol`) VALUES(24,116,'Seguridad asignada');
INSERT INTO `Interviene`(`num`,`idIncidente`,`Rol`) VALUES(8,114,'Guardia en comisaría');
INSERT INTO `Interviene`(`num`,`idIncidente`,`Rol`) VALUES(39,20,'Investigador');
INSERT INTO `Interviene`(`num`,`idIncidente`,`Rol`) VALUES(42,76,'Guardia en comisaría');
INSERT INTO `Interviene`(`num`,`idIncidente`,`Rol`) VALUES(22,38,'Designado en manzana');
INSERT INTO `Interviene`(`num`,`idIncidente`,`Rol`) VALUES(58,116,'Guardia en comisaría');
INSERT INTO `Interviene`(`num`,`idIncidente`,`Rol`) VALUES(41,82,'Oficial de civil');
INSERT INTO `Interviene`(`num`,`idIncidente`,`Rol`) VALUES(66,104,'Guardia en comisaría');
INSERT INTO `Interviene`(`num`,`idIncidente`,`Rol`) VALUES(29,88,'Investigador');
INSERT INTO `Interviene`(`num`,`idIncidente`,`Rol`) VALUES(43,98,'Guardia en comisaría');
INSERT INTO `Interviene`(`num`,`idIncidente`,`Rol`) VALUES(44,146,'Seguridad asignada');
INSERT INTO `Interviene`(`num`,`idIncidente`,`Rol`) VALUES(6,110,'Patrullero');
INSERT INTO `Interviene`(`num`,`idIncidente`,`Rol`) VALUES(39,87,'Designado en manzana');
INSERT INTO `Interviene`(`num`,`idIncidente`,`Rol`) VALUES(4,52,'Patrullero');
INSERT INTO `Interviene`(`num`,`idIncidente`,`Rol`) VALUES(60,85,'Seguridad asignada');
INSERT INTO `Interviene`(`num`,`idIncidente`,`Rol`) VALUES(31,23,'Oficial de civil');
INSERT INTO `Interviene`(`num`,`idIncidente`,`Rol`) VALUES(27,88,'Seguridad asignada');
INSERT INTO `Interviene`(`num`,`idIncidente`,`Rol`) VALUES(53,94,'Oficial de civil');
INSERT INTO `Interviene`(`num`,`idIncidente`,`Rol`) VALUES(31,126,'Designado en manzana');
INSERT INTO `Interviene`(`num`,`idIncidente`,`Rol`) VALUES(15,133,'Oficial de civil');
INSERT INTO `Interviene`(`num`,`idIncidente`,`Rol`) VALUES(2,11,'Investigador');
INSERT INTO `Interviene`(`num`,`idIncidente`,`Rol`) VALUES(6,28,'Guardia en comisaría');
INSERT INTO `Interviene`(`num`,`idIncidente`,`Rol`) VALUES(0,102,'Guardia en comisaría');
INSERT INTO `Interviene`(`num`,`idIncidente`,`Rol`) VALUES(31,108,'Seguridad asignada');
INSERT INTO `Interviene`(`num`,`idIncidente`,`Rol`) VALUES(40,28,'Investigador');
INSERT INTO `Interviene`(`num`,`idIncidente`,`Rol`) VALUES(62,106,'Investigador');
INSERT INTO `Interviene`(`num`,`idIncidente`,`Rol`) VALUES(46,50,'Patrullero');
INSERT INTO `Interviene`(`num`,`idIncidente`,`Rol`) VALUES(7,19,'Guardia en comisaría');
INSERT INTO `Interviene`(`num`,`idIncidente`,`Rol`) VALUES(18,94,'Oficial de civil');
INSERT INTO `Interviene`(`num`,`idIncidente`,`Rol`) VALUES(56,132,'Oficial de civil');
INSERT INTO `Interviene`(`num`,`idIncidente`,`Rol`) VALUES(57,60,'Patrullero');
INSERT INTO `Interviene`(`num`,`idIncidente`,`Rol`) VALUES(67,5,'Seguridad asignada');
INSERT INTO `Interviene`(`num`,`idIncidente`,`Rol`) VALUES(50,95,'Guardia en comisaría');
INSERT INTO `Interviene`(`num`,`idIncidente`,`Rol`) VALUES(25,35,'Designado en manzana');
INSERT INTO `Interviene`(`num`,`idIncidente`,`Rol`) VALUES(4,84,'Patrullero');
INSERT INTO `Interviene`(`num`,`idIncidente`,`Rol`) VALUES(61,55,'Investigador');
INSERT INTO `Interviene`(`num`,`idIncidente`,`Rol`) VALUES(25,14,'Seguridad asignada');
INSERT INTO `Interviene`(`num`,`idIncidente`,`Rol`) VALUES(55,114,'Guardia en comisaría');
INSERT INTO `Interviene`(`num`,`idIncidente`,`Rol`) VALUES(69,34,'Seguridad asignada');
INSERT INTO `Interviene`(`num`,`idIncidente`,`Rol`) VALUES(21,21,'Oficial de civil');
INSERT INTO `Interviene`(`num`,`idIncidente`,`Rol`) VALUES(37,34,'Designado en manzana');
INSERT INTO `Interviene`(`num`,`idIncidente`,`Rol`) VALUES(43,125,'Oficial de civil');
INSERT INTO `Interviene`(`num`,`idIncidente`,`Rol`) VALUES(27,111,'Patrullero');
INSERT INTO `Interviene`(`num`,`idIncidente`,`Rol`) VALUES(34,72,'Oficial de civil');
INSERT INTO `Interviene`(`num`,`idIncidente`,`Rol`) VALUES(53,42,'Oficial de civil');
INSERT INTO `Interviene`(`num`,`idIncidente`,`Rol`) VALUES(7,85,'Guardia en comisaría');
INSERT INTO `Interviene`(`num`,`idIncidente`,`Rol`) VALUES(55,75,'Oficial de civil');
INSERT INTO `Interviene`(`num`,`idIncidente`,`Rol`) VALUES(18,134,'Investigador');
INSERT INTO `Interviene`(`num`,`idIncidente`,`Rol`) VALUES(46,72,'Designado en manzana');
INSERT INTO `Interviene`(`num`,`idIncidente`,`Rol`) VALUES(14,67,'Investigador');
INSERT INTO `Interviene`(`num`,`idIncidente`,`Rol`) VALUES(19,3,'Guardia en comisaría');
INSERT INTO `Interviene`(`num`,`idIncidente`,`Rol`) VALUES(43,138,'Guardia en comisaría');
INSERT INTO `Interviene`(`num`,`idIncidente`,`Rol`) VALUES(5,127,'Seguridad asignada');
INSERT INTO `Interviene`(`num`,`idIncidente`,`Rol`) VALUES(28,11,'Seguridad asignada');
INSERT INTO `Interviene`(`num`,`idIncidente`,`Rol`) VALUES(35,35,'Oficial de civil');
INSERT INTO `Interviene`(`num`,`idIncidente`,`Rol`) VALUES(34,57,'Investigador');
INSERT INTO `Interviene`(`num`,`idIncidente`,`Rol`) VALUES(22,15,'Seguridad asignada');
INSERT INTO `Interviene`(`num`,`idIncidente`,`Rol`) VALUES(7,112,'Patrullero');
INSERT INTO `Interviene`(`num`,`idIncidente`,`Rol`) VALUES(44,5,'Oficial de civil');
INSERT INTO `Interviene`(`num`,`idIncidente`,`Rol`) VALUES(42,15,'Designado en manzana');
INSERT INTO `Interviene`(`num`,`idIncidente`,`Rol`) VALUES(6,97,'Patrullero');
INSERT INTO `Interviene`(`num`,`idIncidente`,`Rol`) VALUES(44,55,'Investigador');
INSERT INTO `Interviene`(`num`,`idIncidente`,`Rol`) VALUES(35,36,'Guardia en comisaría');
INSERT INTO `Interviene`(`num`,`idIncidente`,`Rol`) VALUES(46,25,'Oficial de civil');
INSERT INTO `Interviene`(`num`,`idIncidente`,`Rol`) VALUES(44,28,'Designado en manzana');
INSERT INTO `Interviene`(`num`,`idIncidente`,`Rol`) VALUES(3,4,'Designado en manzana');
INSERT INTO `Interviene`(`num`,`idIncidente`,`Rol`) VALUES(0,136,'Designado en manzana');
INSERT INTO `Interviene`(`num`,`idIncidente`,`Rol`) VALUES(44,128,'Oficial de civil');
INSERT INTO `Interviene`(`num`,`idIncidente`,`Rol`) VALUES(67,117,'Patrullero');
INSERT INTO `Interviene`(`num`,`idIncidente`,`Rol`) VALUES(40,29,'Patrullero');
INSERT INTO `Interviene`(`num`,`idIncidente`,`Rol`) VALUES(56,48,'Patrullero');
INSERT INTO `Interviene`(`num`,`idIncidente`,`Rol`) VALUES(43,110,'Investigador');
INSERT INTO `Interviene`(`num`,`idIncidente`,`Rol`) VALUES(69,88,'Seguridad asignada');
INSERT INTO `Interviene`(`num`,`idIncidente`,`Rol`) VALUES(36,88,'Oficial de civil');
INSERT INTO `Interviene`(`num`,`idIncidente`,`Rol`) VALUES(41,106,'Seguridad asignada');
INSERT INTO `Interviene`(`num`,`idIncidente`,`Rol`) VALUES(54,11,'Guardia en comisaría');
INSERT INTO `Interviene`(`num`,`idIncidente`,`Rol`) VALUES(2,53,'Oficial de civil');
INSERT INTO `Interviene`(`num`,`idIncidente`,`Rol`) VALUES(14,43,'Investigador');
INSERT INTO `Interviene`(`num`,`idIncidente`,`Rol`) VALUES(25,132,'Patrullero');
INSERT INTO `Interviene`(`num`,`idIncidente`,`Rol`) VALUES(66,105,'Investigador');
INSERT INTO `Interviene`(`num`,`idIncidente`,`Rol`) VALUES(44,65,'Seguridad asignada');
INSERT INTO `Interviene`(`num`,`idIncidente`,`Rol`) VALUES(63,73,'Designado en manzana');
INSERT INTO `Interviene`(`num`,`idIncidente`,`Rol`) VALUES(60,136,'Designado en manzana');
INSERT INTO `Interviene`(`num`,`idIncidente`,`Rol`) VALUES(49,24,'Seguridad asignada');
INSERT INTO `Interviene`(`num`,`idIncidente`,`Rol`) VALUES(34,28,'Designado en manzana');
INSERT INTO `Interviene`(`num`,`idIncidente`,`Rol`) VALUES(8,64,'Investigador');
INSERT INTO `Interviene`(`num`,`idIncidente`,`Rol`) VALUES(23,40,'Guardia en comisaría');
INSERT INTO `Interviene`(`num`,`idIncidente`,`Rol`) VALUES(31,67,'Investigador');
INSERT INTO `Interviene`(`num`,`idIncidente`,`Rol`) VALUES(61,145,'Patrullero');
INSERT INTO `Interviene`(`num`,`idIncidente`,`Rol`) VALUES(12,63,'Designado en manzana');
INSERT INTO `Interviene`(`num`,`idIncidente`,`Rol`) VALUES(10,126,'Patrullero');
INSERT INTO `Interviene`(`num`,`idIncidente`,`Rol`) VALUES(43,105,'Oficial de civil');
INSERT INTO `Interviene`(`num`,`idIncidente`,`Rol`) VALUES(40,139,'Guardia en comisaría');
INSERT INTO `Interviene`(`num`,`idIncidente`,`Rol`) VALUES(14,87,'Seguridad asignada');
INSERT INTO `Interviene`(`num`,`idIncidente`,`Rol`) VALUES(4,87,'Investigador');
INSERT INTO `Interviene`(`num`,`idIncidente`,`Rol`) VALUES(66,69,'Patrullero');
INSERT INTO `Interviene`(`num`,`idIncidente`,`Rol`) VALUES(4,111,'Seguridad asignada');
INSERT INTO `Interviene`(`num`,`idIncidente`,`Rol`) VALUES(68,82,'Guardia en comisaría');
INSERT INTO `Interviene`(`num`,`idIncidente`,`Rol`) VALUES(26,57,'Guardia en comisaría');
INSERT INTO `Interviene`(`num`,`idIncidente`,`Rol`) VALUES(19,5,'Investigador');
INSERT INTO `Interviene`(`num`,`idIncidente`,`Rol`) VALUES(62,8,'Designado en manzana');
INSERT INTO `Interviene`(`num`,`idIncidente`,`Rol`) VALUES(10,48,'Oficial de civil');
INSERT INTO `Interviene`(`num`,`idIncidente`,`Rol`) VALUES(68,54,'Oficial de civil');
INSERT INTO `Interviene`(`num`,`idIncidente`,`Rol`) VALUES(50,41,'Investigador');
INSERT INTO `Interviene`(`num`,`idIncidente`,`Rol`) VALUES(49,39,'Patrullero');
INSERT INTO `Interviene`(`num`,`idIncidente`,`Rol`) VALUES(68,88,'Investigador');
INSERT INTO `Interviene`(`num`,`idIncidente`,`Rol`) VALUES(42,61,'Seguridad asignada');
INSERT INTO `Interviene`(`num`,`idIncidente`,`Rol`) VALUES(10,135,'Oficial de civil');
INSERT INTO `Interviene`(`num`,`idIncidente`,`Rol`) VALUES(1,58,'Seguridad asignada');
INSERT INTO `Interviene`(`num`,`idIncidente`,`Rol`) VALUES(16,73,'Oficial de civil');
INSERT INTO `Interviene`(`num`,`idIncidente`,`Rol`) VALUES(67,23,'Guardia en comisaría');
INSERT INTO `Interviene`(`num`,`idIncidente`,`Rol`) VALUES(56,69,'Guardia en comisaría');
INSERT INTO `Interviene`(`num`,`idIncidente`,`Rol`) VALUES(17,9,'Patrullero');
INSERT INTO `Interviene`(`num`,`idIncidente`,`Rol`) VALUES(7,120,'Seguridad asignada');
INSERT INTO `Interviene`(`num`,`idIncidente`,`Rol`) VALUES(9,135,'Guardia en comisaría');
INSERT INTO `Interviene`(`num`,`idIncidente`,`Rol`) VALUES(1,105,'Guardia en comisaría');
INSERT INTO `Interviene`(`num`,`idIncidente`,`Rol`) VALUES(15,20,'Patrullero');
INSERT INTO `Interviene`(`num`,`idIncidente`,`Rol`) VALUES(54,112,'Guardia en comisaría');
INSERT INTO `Interviene`(`num`,`idIncidente`,`Rol`) VALUES(42,36,'Designado en manzana');
INSERT INTO `Interviene`(`num`,`idIncidente`,`Rol`) VALUES(25,112,'Guardia en comisaría');
INSERT INTO `Interviene`(`num`,`idIncidente`,`Rol`) VALUES(55,22,'Investigador');
INSERT INTO `Interviene`(`num`,`idIncidente`,`Rol`) VALUES(24,37,'Patrullero');
INSERT INTO `Interviene`(`num`,`idIncidente`,`Rol`) VALUES(25,4,'Oficial de civil');
INSERT INTO `Interviene`(`num`,`idIncidente`,`Rol`) VALUES(69,73,'Seguridad asignada');
INSERT INTO `Interviene`(`num`,`idIncidente`,`Rol`) VALUES(17,1,'Oficial de civil');
INSERT INTO `Interviene`(`num`,`idIncidente`,`Rol`) VALUES(12,75,'Patrullero');
INSERT INTO `Interviene`(`num`,`idIncidente`,`Rol`) VALUES(54,42,'Seguridad asignada');
INSERT INTO `Interviene`(`num`,`idIncidente`,`Rol`) VALUES(12,33,'Investigador');
INSERT INTO `Interviene`(`num`,`idIncidente`,`Rol`) VALUES(22,106,'Guardia en comisaría');
INSERT INTO `Interviene`(`num`,`idIncidente`,`Rol`) VALUES(10,19,'Investigador');
INSERT INTO `Interviene`(`num`,`idIncidente`,`Rol`) VALUES(16,141,'Investigador');
INSERT INTO `Interviene`(`num`,`idIncidente`,`Rol`) VALUES(1,20,'Oficial de civil');
INSERT INTO `Interviene`(`num`,`idIncidente`,`Rol`) VALUES(48,38,'Guardia en comisaría');
INSERT INTO `Interviene`(`num`,`idIncidente`,`Rol`) VALUES(27,79,'Seguridad asignada');
INSERT INTO `Interviene`(`num`,`idIncidente`,`Rol`) VALUES(31,100,'Oficial de civil');
INSERT INTO `Interviene`(`num`,`idIncidente`,`Rol`) VALUES(0,99,'Seguridad asignada');
INSERT INTO `Interviene`(`num`,`idIncidente`,`Rol`) VALUES(69,55,'Designado en manzana');
INSERT INTO `Interviene`(`num`,`idIncidente`,`Rol`) VALUES(21,122,'Seguridad asignada');
INSERT INTO `Interviene`(`num`,`idIncidente`,`Rol`) VALUES(45,68,'Designado en manzana');
INSERT INTO `Interviene`(`num`,`idIncidente`,`Rol`) VALUES(7,115,'Guardia en comisaría');
INSERT INTO `Interviene`(`num`,`idIncidente`,`Rol`) VALUES(3,80,'Oficial de civil');
INSERT INTO `Interviene`(`num`,`idIncidente`,`Rol`) VALUES(49,134,'Investigador');
INSERT INTO `Interviene`(`num`,`idIncidente`,`Rol`) VALUES(44,51,'Investigador');
INSERT INTO `Interviene`(`num`,`idIncidente`,`Rol`) VALUES(65,30,'Oficial de civil');
INSERT INTO `Interviene`(`num`,`idIncidente`,`Rol`) VALUES(34,34,'Oficial de civil');
INSERT INTO `Interviene`(`num`,`idIncidente`,`Rol`) VALUES(0,101,'Designado en manzana');
INSERT INTO `Interviene`(`num`,`idIncidente`,`Rol`) VALUES(52,30,'Guardia en comisaría');
INSERT INTO `Interviene`(`num`,`idIncidente`,`Rol`) VALUES(49,94,'Patrullero');
INSERT INTO `Interviene`(`num`,`idIncidente`,`Rol`) VALUES(4,86,'Guardia en comisaría');
INSERT INTO `Interviene`(`num`,`idIncidente`,`Rol`) VALUES(16,48,'Oficial de civil');
INSERT INTO `Interviene`(`num`,`idIncidente`,`Rol`) VALUES(42,78,'Oficial de civil');
INSERT INTO `Interviene`(`num`,`idIncidente`,`Rol`) VALUES(54,111,'Seguridad asignada');
INSERT INTO `Interviene`(`num`,`idIncidente`,`Rol`) VALUES(56,29,'Seguridad asignada');
INSERT INTO `Interviene`(`num`,`idIncidente`,`Rol`) VALUES(44,85,'Seguridad asignada');
INSERT INTO `Interviene`(`num`,`idIncidente`,`Rol`) VALUES(18,63,'Seguridad asignada');
INSERT INTO `Interviene`(`num`,`idIncidente`,`Rol`) VALUES(56,77,'Patrullero');
INSERT INTO `Interviene`(`num`,`idIncidente`,`Rol`) VALUES(15,94,'Designado en manzana');
INSERT INTO `Interviene`(`num`,`idIncidente`,`Rol`) VALUES(1,35,'Guardia en comisaría');
INSERT INTO `Interviene`(`num`,`idIncidente`,`Rol`) VALUES(55,94,'Oficial de civil');
INSERT INTO `Interviene`(`num`,`idIncidente`,`Rol`) VALUES(31,56,'Designado en manzana');
INSERT INTO `Interviene`(`num`,`idIncidente`,`Rol`) VALUES(69,16,'Investigador');
INSERT INTO `Interviene`(`num`,`idIncidente`,`Rol`) VALUES(12,60,'Oficial de civil');
INSERT INTO `Interviene`(`num`,`idIncidente`,`Rol`) VALUES(33,30,'Designado en manzana');
INSERT INTO `Interviene`(`num`,`idIncidente`,`Rol`) VALUES(36,1,'Guardia en comisaría');
INSERT INTO `Interviene`(`num`,`idIncidente`,`Rol`) VALUES(6,134,'Investigador');
INSERT INTO `Interviene`(`num`,`idIncidente`,`Rol`) VALUES(0,55,'Guardia en comisaría');
INSERT INTO `Interviene`(`num`,`idIncidente`,`Rol`) VALUES(50,114,'Seguridad asignada');
INSERT INTO `Interviene`(`num`,`idIncidente`,`Rol`) VALUES(11,29,'Designado en manzana');
INSERT INTO `Interviene`(`num`,`idIncidente`,`Rol`) VALUES(8,126,'Investigador');
INSERT INTO `Interviene`(`num`,`idIncidente`,`Rol`) VALUES(30,121,'Guardia en comisaría');
INSERT INTO `Interviene`(`num`,`idIncidente`,`Rol`) VALUES(3,14,'Guardia en comisaría');
INSERT INTO `Interviene`(`num`,`idIncidente`,`Rol`) VALUES(69,58,'Designado en manzana');
INSERT INTO `Interviene`(`num`,`idIncidente`,`Rol`) VALUES(7,81,'Investigador');
INSERT INTO `Interviene`(`num`,`idIncidente`,`Rol`) VALUES(46,146,'Designado en manzana');
INSERT INTO `Interviene`(`num`,`idIncidente`,`Rol`) VALUES(18,96,'Patrullero');
INSERT INTO `Interviene`(`num`,`idIncidente`,`Rol`) VALUES(35,85,'Guardia en comisaría');
INSERT INTO `Interviene`(`num`,`idIncidente`,`Rol`) VALUES(27,117,'Designado en manzana');
INSERT INTO `Interviene`(`num`,`idIncidente`,`Rol`) VALUES(56,43,'Oficial de civil');
INSERT INTO `Interviene`(`num`,`idIncidente`,`Rol`) VALUES(21,13,'Patrullero');
INSERT INTO `Interviene`(`num`,`idIncidente`,`Rol`) VALUES(11,110,'Patrullero');
INSERT INTO `Interviene`(`num`,`idIncidente`,`Rol`) VALUES(64,70,'Patrullero');
INSERT INTO `Interviene`(`num`,`idIncidente`,`Rol`) VALUES(59,68,'Patrullero');
INSERT INTO `Interviene`(`num`,`idIncidente`,`Rol`) VALUES(53,13,'Designado en manzana');
INSERT INTO `Interviene`(`num`,`idIncidente`,`Rol`) VALUES(50,13,'Oficial de civil');
INSERT INTO `Interviene`(`num`,`idIncidente`,`Rol`) VALUES(61,118,'Investigador');
INSERT INTO `Interviene`(`num`,`idIncidente`,`Rol`) VALUES(21,20,'Designado en manzana');
INSERT INTO `Interviene`(`num`,`idIncidente`,`Rol`) VALUES(58,113,'Guardia en comisaría');
INSERT INTO `Interviene`(`num`,`idIncidente`,`Rol`) VALUES(43,118,'Investigador');
INSERT INTO `Interviene`(`num`,`idIncidente`,`Rol`) VALUES(26,71,'Patrullero');
INSERT INTO `Interviene`(`num`,`idIncidente`,`Rol`) VALUES(9,75,'Guardia en comisaría');
INSERT INTO `Interviene`(`num`,`idIncidente`,`Rol`) VALUES(26,73,'Patrullero');
INSERT INTO `Interviene`(`num`,`idIncidente`,`Rol`) VALUES(6,72,'Patrullero');
INSERT INTO `Interviene`(`num`,`idIncidente`,`Rol`) VALUES(59,32,'Seguridad asignada');
INSERT INTO `Interviene`(`num`,`idIncidente`,`Rol`) VALUES(49,10,'Investigador');
INSERT INTO `Interviene`(`num`,`idIncidente`,`Rol`) VALUES(22,145,'Investigador');
INSERT INTO `Interviene`(`num`,`idIncidente`,`Rol`) VALUES(2,121,'Designado en manzana');
INSERT INTO `Interviene`(`num`,`idIncidente`,`Rol`) VALUES(58,13,'Investigador');
INSERT INTO `Interviene`(`num`,`idIncidente`,`Rol`) VALUES(11,103,'Guardia en comisaría');
INSERT INTO `Interviene`(`num`,`idIncidente`,`Rol`) VALUES(12,14,'Investigador');
INSERT INTO `Interviene`(`num`,`idIncidente`,`Rol`) VALUES(13,116,'Investigador');
INSERT INTO `Interviene`(`num`,`idIncidente`,`Rol`) VALUES(28,78,'Patrullero');
INSERT INTO `Interviene`(`num`,`idIncidente`,`Rol`) VALUES(29,32,'Seguridad asignada');
INSERT INTO `Interviene`(`num`,`idIncidente`,`Rol`) VALUES(8,1,'Guardia en comisaría');
INSERT INTO `Interviene`(`num`,`idIncidente`,`Rol`) VALUES(53,79,'Oficial de civil');
INSERT INTO `Interviene`(`num`,`idIncidente`,`Rol`) VALUES(15,102,'Oficial de civil');
INSERT INTO `Interviene`(`num`,`idIncidente`,`Rol`) VALUES(37,74,'Guardia en comisaría');
INSERT INTO `Interviene`(`num`,`idIncidente`,`Rol`) VALUES(34,22,'Investigador');
INSERT INTO `Interviene`(`num`,`idIncidente`,`Rol`) VALUES(39,148,'Patrullero');
INSERT INTO `Interviene`(`num`,`idIncidente`,`Rol`) VALUES(54,1,'Oficial de civil');
INSERT INTO `Interviene`(`num`,`idIncidente`,`Rol`) VALUES(21,6,'Patrullero');
INSERT INTO `Interviene`(`num`,`idIncidente`,`Rol`) VALUES(25,142,'Guardia en comisaría');
INSERT INTO `Interviene`(`num`,`idIncidente`,`Rol`) VALUES(29,0,'Guardia en comisaría');
INSERT INTO `Interviene`(`num`,`idIncidente`,`Rol`) VALUES(19,96,'Designado en manzana');
INSERT INTO `Interviene`(`num`,`idIncidente`,`Rol`) VALUES(32,23,'Patrullero');
INSERT INTO `Interviene`(`num`,`idIncidente`,`Rol`) VALUES(0,90,'Patrullero');
INSERT INTO `Interviene`(`num`,`idIncidente`,`Rol`) VALUES(49,130,'Patrullero');
INSERT INTO `Interviene`(`num`,`idIncidente`,`Rol`) VALUES(66,11,'Designado en manzana');
INSERT INTO `Interviene`(`num`,`idIncidente`,`Rol`) VALUES(40,30,'Investigador');
INSERT INTO `Interviene`(`num`,`idIncidente`,`Rol`) VALUES(1,55,'Patrullero');
INSERT INTO `Interviene`(`num`,`idIncidente`,`Rol`) VALUES(5,116,'Guardia en comisaría');
INSERT INTO `Interviene`(`num`,`idIncidente`,`Rol`) VALUES(33,55,'Investigador');
INSERT INTO `Interviene`(`num`,`idIncidente`,`Rol`) VALUES(7,65,'Patrullero');
INSERT INTO `Interviene`(`num`,`idIncidente`,`Rol`) VALUES(50,148,'Seguridad asignada');
INSERT INTO `Interviene`(`num`,`idIncidente`,`Rol`) VALUES(19,10,'Investigador');
INSERT INTO `Interviene`(`num`,`idIncidente`,`Rol`) VALUES(30,36,'Oficial de civil');
INSERT INTO `Interviene`(`num`,`idIncidente`,`Rol`) VALUES(34,5,'Investigador');
INSERT INTO `Interviene`(`num`,`idIncidente`,`Rol`) VALUES(58,135,'Guardia en comisaría');
INSERT INTO `Interviene`(`num`,`idIncidente`,`Rol`) VALUES(55,89,'Guardia en comisaría');
INSERT INTO `Interviene`(`num`,`idIncidente`,`Rol`) VALUES(47,132,'Seguridad asignada');
INSERT INTO `Interviene`(`num`,`idIncidente`,`Rol`) VALUES(56,114,'Investigador');
INSERT INTO `Interviene`(`num`,`idIncidente`,`Rol`) VALUES(30,53,'Designado en manzana');
INSERT INTO `Interviene`(`num`,`idIncidente`,`Rol`) VALUES(1,102,'Designado en manzana');
INSERT INTO `Interviene`(`num`,`idIncidente`,`Rol`) VALUES(45,87,'Oficial de civil');
INSERT INTO `Interviene`(`num`,`idIncidente`,`Rol`) VALUES(69,90,'Seguridad asignada');


INSERT INTO `Archienemigo`(`idSuperheroe`,`idPersona`) VALUES(4,68);
INSERT INTO `Archienemigo`(`idSuperheroe`,`idPersona`) VALUES(26,67);
INSERT INTO `Archienemigo`(`idSuperheroe`,`idPersona`) VALUES(9,6);
INSERT INTO `Archienemigo`(`idSuperheroe`,`idPersona`) VALUES(13,57);
INSERT INTO `Archienemigo`(`idSuperheroe`,`idPersona`) VALUES(0,84);
INSERT INTO `Archienemigo`(`idSuperheroe`,`idPersona`) VALUES(28,41);
INSERT INTO `Archienemigo`(`idSuperheroe`,`idPersona`) VALUES(22,72);
INSERT INTO `Archienemigo`(`idSuperheroe`,`idPersona`) VALUES(10,7);
INSERT INTO `Archienemigo`(`idSuperheroe`,`idPersona`) VALUES(28,78);
INSERT INTO `Archienemigo`(`idSuperheroe`,`idPersona`) VALUES(7,33);
INSERT INTO `Archienemigo`(`idSuperheroe`,`idPersona`) VALUES(17,36);
INSERT INTO `Archienemigo`(`idSuperheroe`,`idPersona`) VALUES(23,88);
INSERT INTO `Archienemigo`(`idSuperheroe`,`idPersona`) VALUES(11,73);
INSERT INTO `Archienemigo`(`idSuperheroe`,`idPersona`) VALUES(28,98);
INSERT INTO `Archienemigo`(`idSuperheroe`,`idPersona`) VALUES(13,34);
INSERT INTO `Archienemigo`(`idSuperheroe`,`idPersona`) VALUES(20,90);
INSERT INTO `Archienemigo`(`idSuperheroe`,`idPersona`) VALUES(25,41);
INSERT INTO `Archienemigo`(`idSuperheroe`,`idPersona`) VALUES(2,85);
INSERT INTO `Archienemigo`(`idSuperheroe`,`idPersona`) VALUES(5,54);
INSERT INTO `Archienemigo`(`idSuperheroe`,`idPersona`) VALUES(20,59);
INSERT INTO `Archienemigo`(`idSuperheroe`,`idPersona`) VALUES(29,94);
INSERT INTO `Archienemigo`(`idSuperheroe`,`idPersona`) VALUES(26,84);
INSERT INTO `Archienemigo`(`idSuperheroe`,`idPersona`) VALUES(22,14);
INSERT INTO `Archienemigo`(`idSuperheroe`,`idPersona`) VALUES(23,6);
INSERT INTO `Archienemigo`(`idSuperheroe`,`idPersona`) VALUES(5,21);
INSERT INTO `Archienemigo`(`idSuperheroe`,`idPersona`) VALUES(0,5);
INSERT INTO `Archienemigo`(`idSuperheroe`,`idPersona`) VALUES(24,96);
INSERT INTO `Archienemigo`(`idSuperheroe`,`idPersona`) VALUES(19,87);
INSERT INTO `Archienemigo`(`idSuperheroe`,`idPersona`) VALUES(1,99);
INSERT INTO `Archienemigo`(`idSuperheroe`,`idPersona`) VALUES(22,12);
INSERT INTO `Archienemigo`(`idSuperheroe`,`idPersona`) VALUES(16,67);
INSERT INTO `Archienemigo`(`idSuperheroe`,`idPersona`) VALUES(19,36);
INSERT INTO `Archienemigo`(`idSuperheroe`,`idPersona`) VALUES(0,48);
INSERT INTO `Archienemigo`(`idSuperheroe`,`idPersona`) VALUES(7,96);
INSERT INTO `Archienemigo`(`idSuperheroe`,`idPersona`) VALUES(2,87);
INSERT INTO `Archienemigo`(`idSuperheroe`,`idPersona`) VALUES(26,69);
INSERT INTO `Archienemigo`(`idSuperheroe`,`idPersona`) VALUES(25,83);
INSERT INTO `Archienemigo`(`idSuperheroe`,`idPersona`) VALUES(3,36);
INSERT INTO `Archienemigo`(`idSuperheroe`,`idPersona`) VALUES(14,38);
INSERT INTO `Archienemigo`(`idSuperheroe`,`idPersona`) VALUES(10,13);
INSERT INTO `Archienemigo`(`idSuperheroe`,`idPersona`) VALUES(5,77);
INSERT INTO `Archienemigo`(`idSuperheroe`,`idPersona`) VALUES(24,52);
INSERT INTO `Archienemigo`(`idSuperheroe`,`idPersona`) VALUES(12,83);
INSERT INTO `Archienemigo`(`idSuperheroe`,`idPersona`) VALUES(25,31);
INSERT INTO `Archienemigo`(`idSuperheroe`,`idPersona`) VALUES(1,8);
INSERT INTO `Archienemigo`(`idSuperheroe`,`idPersona`) VALUES(16,10);
INSERT INTO `Archienemigo`(`idSuperheroe`,`idPersona`) VALUES(26,45);
INSERT INTO `Archienemigo`(`idSuperheroe`,`idPersona`) VALUES(7,41);
INSERT INTO `Archienemigo`(`idSuperheroe`,`idPersona`) VALUES(10,38);
INSERT INTO `Archienemigo`(`idSuperheroe`,`idPersona`) VALUES(15,18);
INSERT INTO `Archienemigo`(`idSuperheroe`,`idPersona`) VALUES(13,81);
INSERT INTO `Archienemigo`(`idSuperheroe`,`idPersona`) VALUES(26,90);
INSERT INTO `Archienemigo`(`idSuperheroe`,`idPersona`) VALUES(19,89);
INSERT INTO `Archienemigo`(`idSuperheroe`,`idPersona`) VALUES(25,59);
INSERT INTO `Archienemigo`(`idSuperheroe`,`idPersona`) VALUES(17,14);
INSERT INTO `Archienemigo`(`idSuperheroe`,`idPersona`) VALUES(25,12);
INSERT INTO `Archienemigo`(`idSuperheroe`,`idPersona`) VALUES(12,19);
INSERT INTO `Archienemigo`(`idSuperheroe`,`idPersona`) VALUES(13,6);
INSERT INTO `Archienemigo`(`idSuperheroe`,`idPersona`) VALUES(4,55);
INSERT INTO `Archienemigo`(`idSuperheroe`,`idPersona`) VALUES(7,76);
INSERT INTO `Archienemigo`(`idSuperheroe`,`idPersona`) VALUES(12,82);
INSERT INTO `Archienemigo`(`idSuperheroe`,`idPersona`) VALUES(20,9);
INSERT INTO `Archienemigo`(`idSuperheroe`,`idPersona`) VALUES(6,92);
INSERT INTO `Archienemigo`(`idSuperheroe`,`idPersona`) VALUES(28,36);
INSERT INTO `Archienemigo`(`idSuperheroe`,`idPersona`) VALUES(1,73);
INSERT INTO `Archienemigo`(`idSuperheroe`,`idPersona`) VALUES(27,60);
INSERT INTO `Archienemigo`(`idSuperheroe`,`idPersona`) VALUES(19,70);
INSERT INTO `Archienemigo`(`idSuperheroe`,`idPersona`) VALUES(14,17);
INSERT INTO `Archienemigo`(`idSuperheroe`,`idPersona`) VALUES(27,41);
INSERT INTO `Archienemigo`(`idSuperheroe`,`idPersona`) VALUES(6,32);
INSERT INTO `Archienemigo`(`idSuperheroe`,`idPersona`) VALUES(14,66);
INSERT INTO `Archienemigo`(`idSuperheroe`,`idPersona`) VALUES(17,91);
INSERT INTO `Archienemigo`(`idSuperheroe`,`idPersona`) VALUES(27,32);
INSERT INTO `Archienemigo`(`idSuperheroe`,`idPersona`) VALUES(0,28);
INSERT INTO `Archienemigo`(`idSuperheroe`,`idPersona`) VALUES(17,13);
INSERT INTO `Archienemigo`(`idSuperheroe`,`idPersona`) VALUES(21,29);
INSERT INTO `Archienemigo`(`idSuperheroe`,`idPersona`) VALUES(20,75);
INSERT INTO `Archienemigo`(`idSuperheroe`,`idPersona`) VALUES(25,63);
INSERT INTO `Archienemigo`(`idSuperheroe`,`idPersona`) VALUES(12,28);
INSERT INTO `Archienemigo`(`idSuperheroe`,`idPersona`) VALUES(27,21);
INSERT INTO `Archienemigo`(`idSuperheroe`,`idPersona`) VALUES(4,13);
INSERT INTO `Archienemigo`(`idSuperheroe`,`idPersona`) VALUES(19,90);
INSERT INTO `Archienemigo`(`idSuperheroe`,`idPersona`) VALUES(11,27);
INSERT INTO `Archienemigo`(`idSuperheroe`,`idPersona`) VALUES(22,23);
INSERT INTO `Archienemigo`(`idSuperheroe`,`idPersona`) VALUES(14,36);
INSERT INTO `Archienemigo`(`idSuperheroe`,`idPersona`) VALUES(28,10);
INSERT INTO `Archienemigo`(`idSuperheroe`,`idPersona`) VALUES(7,31);
INSERT INTO `Archienemigo`(`idSuperheroe`,`idPersona`) VALUES(1,88);
INSERT INTO `Archienemigo`(`idSuperheroe`,`idPersona`) VALUES(10,44);
INSERT INTO `Archienemigo`(`idSuperheroe`,`idPersona`) VALUES(11,1);
INSERT INTO `Archienemigo`(`idSuperheroe`,`idPersona`) VALUES(8,38);
INSERT INTO `Archienemigo`(`idSuperheroe`,`idPersona`) VALUES(14,37);
INSERT INTO `Archienemigo`(`idSuperheroe`,`idPersona`) VALUES(22,67);
INSERT INTO `Archienemigo`(`idSuperheroe`,`idPersona`) VALUES(16,51);
INSERT INTO `Archienemigo`(`idSuperheroe`,`idPersona`) VALUES(21,55);
INSERT INTO `Archienemigo`(`idSuperheroe`,`idPersona`) VALUES(28,22);
INSERT INTO `Archienemigo`(`idSuperheroe`,`idPersona`) VALUES(28,74);
INSERT INTO `Archienemigo`(`idSuperheroe`,`idPersona`) VALUES(4,54);
INSERT INTO `Archienemigo`(`idSuperheroe`,`idPersona`) VALUES(22,92);
INSERT INTO `Archienemigo`(`idSuperheroe`,`idPersona`) VALUES(21,38);


INSERT INTO `Contacta`(`idSuperheroe`,`idPersona`) VALUES(0,13);
INSERT INTO `Contacta`(`idSuperheroe`,`idPersona`) VALUES(3,35);
INSERT INTO `Contacta`(`idSuperheroe`,`idPersona`) VALUES(9,59);
INSERT INTO `Contacta`(`idSuperheroe`,`idPersona`) VALUES(11,4);
INSERT INTO `Contacta`(`idSuperheroe`,`idPersona`) VALUES(16,72);
INSERT INTO `Contacta`(`idSuperheroe`,`idPersona`) VALUES(10,15);
INSERT INTO `Contacta`(`idSuperheroe`,`idPersona`) VALUES(0,58);
INSERT INTO `Contacta`(`idSuperheroe`,`idPersona`) VALUES(8,22);
INSERT INTO `Contacta`(`idSuperheroe`,`idPersona`) VALUES(23,80);
INSERT INTO `Contacta`(`idSuperheroe`,`idPersona`) VALUES(1,95);
INSERT INTO `Contacta`(`idSuperheroe`,`idPersona`) VALUES(17,47);
INSERT INTO `Contacta`(`idSuperheroe`,`idPersona`) VALUES(10,79);
INSERT INTO `Contacta`(`idSuperheroe`,`idPersona`) VALUES(0,33);
INSERT INTO `Contacta`(`idSuperheroe`,`idPersona`) VALUES(27,84);
INSERT INTO `Contacta`(`idSuperheroe`,`idPersona`) VALUES(7,53);
INSERT INTO `Contacta`(`idSuperheroe`,`idPersona`) VALUES(2,32);
INSERT INTO `Contacta`(`idSuperheroe`,`idPersona`) VALUES(24,60);
INSERT INTO `Contacta`(`idSuperheroe`,`idPersona`) VALUES(20,99);
INSERT INTO `Contacta`(`idSuperheroe`,`idPersona`) VALUES(8,77);
INSERT INTO `Contacta`(`idSuperheroe`,`idPersona`) VALUES(0,9);
INSERT INTO `Contacta`(`idSuperheroe`,`idPersona`) VALUES(18,92);
INSERT INTO `Contacta`(`idSuperheroe`,`idPersona`) VALUES(5,72);
INSERT INTO `Contacta`(`idSuperheroe`,`idPersona`) VALUES(13,87);
INSERT INTO `Contacta`(`idSuperheroe`,`idPersona`) VALUES(6,40);
INSERT INTO `Contacta`(`idSuperheroe`,`idPersona`) VALUES(7,23);
INSERT INTO `Contacta`(`idSuperheroe`,`idPersona`) VALUES(22,9);
INSERT INTO `Contacta`(`idSuperheroe`,`idPersona`) VALUES(23,69);
INSERT INTO `Contacta`(`idSuperheroe`,`idPersona`) VALUES(16,55);
INSERT INTO `Contacta`(`idSuperheroe`,`idPersona`) VALUES(14,75);
INSERT INTO `Contacta`(`idSuperheroe`,`idPersona`) VALUES(1,42);
INSERT INTO `Contacta`(`idSuperheroe`,`idPersona`) VALUES(8,46);
INSERT INTO `Contacta`(`idSuperheroe`,`idPersona`) VALUES(9,93);
INSERT INTO `Contacta`(`idSuperheroe`,`idPersona`) VALUES(28,21);
INSERT INTO `Contacta`(`idSuperheroe`,`idPersona`) VALUES(3,46);
INSERT INTO `Contacta`(`idSuperheroe`,`idPersona`) VALUES(20,78);
INSERT INTO `Contacta`(`idSuperheroe`,`idPersona`) VALUES(7,24);
INSERT INTO `Contacta`(`idSuperheroe`,`idPersona`) VALUES(2,12);
INSERT INTO `Contacta`(`idSuperheroe`,`idPersona`) VALUES(20,28);
INSERT INTO `Contacta`(`idSuperheroe`,`idPersona`) VALUES(0,45);
INSERT INTO `Contacta`(`idSuperheroe`,`idPersona`) VALUES(8,89);
INSERT INTO `Contacta`(`idSuperheroe`,`idPersona`) VALUES(2,87);
INSERT INTO `Contacta`(`idSuperheroe`,`idPersona`) VALUES(7,86);
INSERT INTO `Contacta`(`idSuperheroe`,`idPersona`) VALUES(0,26);
INSERT INTO `Contacta`(`idSuperheroe`,`idPersona`) VALUES(21,46);
INSERT INTO `Contacta`(`idSuperheroe`,`idPersona`) VALUES(29,95);
INSERT INTO `Contacta`(`idSuperheroe`,`idPersona`) VALUES(17,75);
INSERT INTO `Contacta`(`idSuperheroe`,`idPersona`) VALUES(6,83);
INSERT INTO `Contacta`(`idSuperheroe`,`idPersona`) VALUES(14,23);
INSERT INTO `Contacta`(`idSuperheroe`,`idPersona`) VALUES(0,39);
INSERT INTO `Contacta`(`idSuperheroe`,`idPersona`) VALUES(25,35);
INSERT INTO `Contacta`(`idSuperheroe`,`idPersona`) VALUES(21,58);
INSERT INTO `Contacta`(`idSuperheroe`,`idPersona`) VALUES(4,6);
INSERT INTO `Contacta`(`idSuperheroe`,`idPersona`) VALUES(29,76);
INSERT INTO `Contacta`(`idSuperheroe`,`idPersona`) VALUES(27,2);
INSERT INTO `Contacta`(`idSuperheroe`,`idPersona`) VALUES(16,15);
INSERT INTO `Contacta`(`idSuperheroe`,`idPersona`) VALUES(14,25);
INSERT INTO `Contacta`(`idSuperheroe`,`idPersona`) VALUES(4,65);
INSERT INTO `Contacta`(`idSuperheroe`,`idPersona`) VALUES(15,81);
INSERT INTO `Contacta`(`idSuperheroe`,`idPersona`) VALUES(15,6);
INSERT INTO `Contacta`(`idSuperheroe`,`idPersona`) VALUES(8,96);
INSERT INTO `Contacta`(`idSuperheroe`,`idPersona`) VALUES(8,73);
INSERT INTO `Contacta`(`idSuperheroe`,`idPersona`) VALUES(14,74);
INSERT INTO `Contacta`(`idSuperheroe`,`idPersona`) VALUES(18,52);
INSERT INTO `Contacta`(`idSuperheroe`,`idPersona`) VALUES(6,88);
INSERT INTO `Contacta`(`idSuperheroe`,`idPersona`) VALUES(13,5);
INSERT INTO `Contacta`(`idSuperheroe`,`idPersona`) VALUES(16,94);
INSERT INTO `Contacta`(`idSuperheroe`,`idPersona`) VALUES(20,77);
INSERT INTO `Contacta`(`idSuperheroe`,`idPersona`) VALUES(19,3);
INSERT INTO `Contacta`(`idSuperheroe`,`idPersona`) VALUES(21,44);
INSERT INTO `Contacta`(`idSuperheroe`,`idPersona`) VALUES(27,75);
INSERT INTO `Contacta`(`idSuperheroe`,`idPersona`) VALUES(21,33);
INSERT INTO `Contacta`(`idSuperheroe`,`idPersona`) VALUES(21,32);
INSERT INTO `Contacta`(`idSuperheroe`,`idPersona`) VALUES(13,7);
INSERT INTO `Contacta`(`idSuperheroe`,`idPersona`) VALUES(26,91);
INSERT INTO `Contacta`(`idSuperheroe`,`idPersona`) VALUES(6,75);
INSERT INTO `Contacta`(`idSuperheroe`,`idPersona`) VALUES(1,17);
INSERT INTO `Contacta`(`idSuperheroe`,`idPersona`) VALUES(28,85);
INSERT INTO `Contacta`(`idSuperheroe`,`idPersona`) VALUES(10,10);
INSERT INTO `Contacta`(`idSuperheroe`,`idPersona`) VALUES(4,61);
INSERT INTO `Contacta`(`idSuperheroe`,`idPersona`) VALUES(28,69);
INSERT INTO `Contacta`(`idSuperheroe`,`idPersona`) VALUES(12,99);
INSERT INTO `Contacta`(`idSuperheroe`,`idPersona`) VALUES(27,72);
INSERT INTO `Contacta`(`idSuperheroe`,`idPersona`) VALUES(6,11);
INSERT INTO `Contacta`(`idSuperheroe`,`idPersona`) VALUES(24,18);
INSERT INTO `Contacta`(`idSuperheroe`,`idPersona`) VALUES(17,48);
INSERT INTO `Contacta`(`idSuperheroe`,`idPersona`) VALUES(25,50);
INSERT INTO `Contacta`(`idSuperheroe`,`idPersona`) VALUES(16,44);
INSERT INTO `Contacta`(`idSuperheroe`,`idPersona`) VALUES(6,45);
INSERT INTO `Contacta`(`idSuperheroe`,`idPersona`) VALUES(27,21);
INSERT INTO `Contacta`(`idSuperheroe`,`idPersona`) VALUES(11,60);
INSERT INTO `Contacta`(`idSuperheroe`,`idPersona`) VALUES(27,65);
INSERT INTO `Contacta`(`idSuperheroe`,`idPersona`) VALUES(16,7);
INSERT INTO `Contacta`(`idSuperheroe`,`idPersona`) VALUES(20,74);
INSERT INTO `Contacta`(`idSuperheroe`,`idPersona`) VALUES(22,67);
INSERT INTO `Contacta`(`idSuperheroe`,`idPersona`) VALUES(28,66);
INSERT INTO `Contacta`(`idSuperheroe`,`idPersona`) VALUES(9,2);
INSERT INTO `Contacta`(`idSuperheroe`,`idPersona`) VALUES(8,68);
INSERT INTO `Contacta`(`idSuperheroe`,`idPersona`) VALUES(22,97);
INSERT INTO `Contacta`(`idSuperheroe`,`idPersona`) VALUES(24,4);
INSERT INTO `Contacta`(`idSuperheroe`,`idPersona`) VALUES(16,99);


INSERT INTO `Conocido`(`idSuperheroe`,`idPersona`) VALUES(29,97);
INSERT INTO `Conocido`(`idSuperheroe`,`idPersona`) VALUES(10,91);
INSERT INTO `Conocido`(`idSuperheroe`,`idPersona`) VALUES(26,87);
INSERT INTO `Conocido`(`idSuperheroe`,`idPersona`) VALUES(9,28);
INSERT INTO `Conocido`(`idSuperheroe`,`idPersona`) VALUES(18,64);
INSERT INTO `Conocido`(`idSuperheroe`,`idPersona`) VALUES(17,17);
INSERT INTO `Conocido`(`idSuperheroe`,`idPersona`) VALUES(5,56);
INSERT INTO `Conocido`(`idSuperheroe`,`idPersona`) VALUES(24,22);
INSERT INTO `Conocido`(`idSuperheroe`,`idPersona`) VALUES(12,72);
INSERT INTO `Conocido`(`idSuperheroe`,`idPersona`) VALUES(13,95);
INSERT INTO `Conocido`(`idSuperheroe`,`idPersona`) VALUES(29,62);
INSERT INTO `Conocido`(`idSuperheroe`,`idPersona`) VALUES(25,97);
INSERT INTO `Conocido`(`idSuperheroe`,`idPersona`) VALUES(4,6);
INSERT INTO `Conocido`(`idSuperheroe`,`idPersona`) VALUES(3,87);
INSERT INTO `Conocido`(`idSuperheroe`,`idPersona`) VALUES(25,92);
INSERT INTO `Conocido`(`idSuperheroe`,`idPersona`) VALUES(10,82);
INSERT INTO `Conocido`(`idSuperheroe`,`idPersona`) VALUES(4,67);
INSERT INTO `Conocido`(`idSuperheroe`,`idPersona`) VALUES(24,66);
INSERT INTO `Conocido`(`idSuperheroe`,`idPersona`) VALUES(25,2);
INSERT INTO `Conocido`(`idSuperheroe`,`idPersona`) VALUES(15,71);
INSERT INTO `Conocido`(`idSuperheroe`,`idPersona`) VALUES(7,11);
INSERT INTO `Conocido`(`idSuperheroe`,`idPersona`) VALUES(6,69);
INSERT INTO `Conocido`(`idSuperheroe`,`idPersona`) VALUES(8,23);
INSERT INTO `Conocido`(`idSuperheroe`,`idPersona`) VALUES(25,19);
INSERT INTO `Conocido`(`idSuperheroe`,`idPersona`) VALUES(2,28);
INSERT INTO `Conocido`(`idSuperheroe`,`idPersona`) VALUES(20,17);
INSERT INTO `Conocido`(`idSuperheroe`,`idPersona`) VALUES(21,6);
INSERT INTO `Conocido`(`idSuperheroe`,`idPersona`) VALUES(0,72);
INSERT INTO `Conocido`(`idSuperheroe`,`idPersona`) VALUES(13,60);
INSERT INTO `Conocido`(`idSuperheroe`,`idPersona`) VALUES(3,1);
INSERT INTO `Conocido`(`idSuperheroe`,`idPersona`) VALUES(24,14);
INSERT INTO `Conocido`(`idSuperheroe`,`idPersona`) VALUES(22,62);
INSERT INTO `Conocido`(`idSuperheroe`,`idPersona`) VALUES(9,88);
INSERT INTO `Conocido`(`idSuperheroe`,`idPersona`) VALUES(15,93);
INSERT INTO `Conocido`(`idSuperheroe`,`idPersona`) VALUES(19,58);
INSERT INTO `Conocido`(`idSuperheroe`,`idPersona`) VALUES(18,51);
INSERT INTO `Conocido`(`idSuperheroe`,`idPersona`) VALUES(11,73);
INSERT INTO `Conocido`(`idSuperheroe`,`idPersona`) VALUES(25,59);
INSERT INTO `Conocido`(`idSuperheroe`,`idPersona`) VALUES(7,63);
INSERT INTO `Conocido`(`idSuperheroe`,`idPersona`) VALUES(16,78);
INSERT INTO `Conocido`(`idSuperheroe`,`idPersona`) VALUES(20,30);
INSERT INTO `Conocido`(`idSuperheroe`,`idPersona`) VALUES(26,46);
INSERT INTO `Conocido`(`idSuperheroe`,`idPersona`) VALUES(28,35);
INSERT INTO `Conocido`(`idSuperheroe`,`idPersona`) VALUES(4,49);
INSERT INTO `Conocido`(`idSuperheroe`,`idPersona`) VALUES(19,3);
INSERT INTO `Conocido`(`idSuperheroe`,`idPersona`) VALUES(6,53);
INSERT INTO `Conocido`(`idSuperheroe`,`idPersona`) VALUES(4,44);
INSERT INTO `Conocido`(`idSuperheroe`,`idPersona`) VALUES(11,82);
INSERT INTO `Conocido`(`idSuperheroe`,`idPersona`) VALUES(9,8);
INSERT INTO `Conocido`(`idSuperheroe`,`idPersona`) VALUES(28,2);
INSERT INTO `Conocido`(`idSuperheroe`,`idPersona`) VALUES(18,71);
INSERT INTO `Conocido`(`idSuperheroe`,`idPersona`) VALUES(3,32);
INSERT INTO `Conocido`(`idSuperheroe`,`idPersona`) VALUES(14,82);
INSERT INTO `Conocido`(`idSuperheroe`,`idPersona`) VALUES(4,78);
INSERT INTO `Conocido`(`idSuperheroe`,`idPersona`) VALUES(26,74);
INSERT INTO `Conocido`(`idSuperheroe`,`idPersona`) VALUES(24,17);
INSERT INTO `Conocido`(`idSuperheroe`,`idPersona`) VALUES(14,49);
INSERT INTO `Conocido`(`idSuperheroe`,`idPersona`) VALUES(18,53);
INSERT INTO `Conocido`(`idSuperheroe`,`idPersona`) VALUES(11,91);
INSERT INTO `Conocido`(`idSuperheroe`,`idPersona`) VALUES(29,68);
INSERT INTO `Conocido`(`idSuperheroe`,`idPersona`) VALUES(29,67);
INSERT INTO `Conocido`(`idSuperheroe`,`idPersona`) VALUES(9,84);
INSERT INTO `Conocido`(`idSuperheroe`,`idPersona`) VALUES(5,55);
INSERT INTO `Conocido`(`idSuperheroe`,`idPersona`) VALUES(16,23);
INSERT INTO `Conocido`(`idSuperheroe`,`idPersona`) VALUES(11,10);
INSERT INTO `Conocido`(`idSuperheroe`,`idPersona`) VALUES(1,22);
INSERT INTO `Conocido`(`idSuperheroe`,`idPersona`) VALUES(23,12);
INSERT INTO `Conocido`(`idSuperheroe`,`idPersona`) VALUES(3,64);
INSERT INTO `Conocido`(`idSuperheroe`,`idPersona`) VALUES(28,45);
INSERT INTO `Conocido`(`idSuperheroe`,`idPersona`) VALUES(18,90);
INSERT INTO `Conocido`(`idSuperheroe`,`idPersona`) VALUES(7,87);
INSERT INTO `Conocido`(`idSuperheroe`,`idPersona`) VALUES(4,27);
INSERT INTO `Conocido`(`idSuperheroe`,`idPersona`) VALUES(12,36);
INSERT INTO `Conocido`(`idSuperheroe`,`idPersona`) VALUES(9,80);
INSERT INTO `Conocido`(`idSuperheroe`,`idPersona`) VALUES(10,2);
INSERT INTO `Conocido`(`idSuperheroe`,`idPersona`) VALUES(26,56);
INSERT INTO `Conocido`(`idSuperheroe`,`idPersona`) VALUES(14,79);
INSERT INTO `Conocido`(`idSuperheroe`,`idPersona`) VALUES(6,58);
INSERT INTO `Conocido`(`idSuperheroe`,`idPersona`) VALUES(8,77);
INSERT INTO `Conocido`(`idSuperheroe`,`idPersona`) VALUES(25,98);
INSERT INTO `Conocido`(`idSuperheroe`,`idPersona`) VALUES(15,21);
INSERT INTO `Conocido`(`idSuperheroe`,`idPersona`) VALUES(21,78);
INSERT INTO `Conocido`(`idSuperheroe`,`idPersona`) VALUES(8,33);
INSERT INTO `Conocido`(`idSuperheroe`,`idPersona`) VALUES(6,92);
INSERT INTO `Conocido`(`idSuperheroe`,`idPersona`) VALUES(11,76);
INSERT INTO `Conocido`(`idSuperheroe`,`idPersona`) VALUES(6,71);
INSERT INTO `Conocido`(`idSuperheroe`,`idPersona`) VALUES(22,46);
INSERT INTO `Conocido`(`idSuperheroe`,`idPersona`) VALUES(14,31);
INSERT INTO `Conocido`(`idSuperheroe`,`idPersona`) VALUES(19,82);
INSERT INTO `Conocido`(`idSuperheroe`,`idPersona`) VALUES(21,98);
INSERT INTO `Conocido`(`idSuperheroe`,`idPersona`) VALUES(22,58);
INSERT INTO `Conocido`(`idSuperheroe`,`idPersona`) VALUES(8,40);
INSERT INTO `Conocido`(`idSuperheroe`,`idPersona`) VALUES(22,76);
INSERT INTO `Conocido`(`idSuperheroe`,`idPersona`) VALUES(1,16);
INSERT INTO `Conocido`(`idSuperheroe`,`idPersona`) VALUES(12,71);
INSERT INTO `Conocido`(`idSuperheroe`,`idPersona`) VALUES(17,49);
INSERT INTO `Conocido`(`idSuperheroe`,`idPersona`) VALUES(16,36);
INSERT INTO `Conocido`(`idSuperheroe`,`idPersona`) VALUES(2,42);
INSERT INTO `Conocido`(`idSuperheroe`,`idPersona`) VALUES(18,31);
INSERT INTO `Conocido`(`idSuperheroe`,`idPersona`) VALUES(20,40);


INSERT INTO `Serelacionacon`(`idPersona`,`idPersona1`,`ClaseDeVinculo`,`Fecha`) VALUES(82,72,'Ex-compañero de colegio','2005-7-28');
INSERT INTO `Serelacionacon`(`idPersona`,`idPersona1`,`ClaseDeVinculo`,`Fecha`) VALUES(5,8,'Socios comerciales','2014-9-27');
INSERT INTO `Serelacionacon`(`idPersona`,`idPersona1`,`ClaseDeVinculo`,`Fecha`) VALUES(53,75,'Ex-compañero de colegio','2013-7-3');
INSERT INTO `Serelacionacon`(`idPersona`,`idPersona1`,`ClaseDeVinculo`,`Fecha`) VALUES(15,0,'Socios comerciales','2004-10-20');
INSERT INTO `Serelacionacon`(`idPersona`,`idPersona1`,`ClaseDeVinculo`,`Fecha`) VALUES(27,9,'Asociado al mismo club','2005-5-19');
INSERT INTO `Serelacionacon`(`idPersona`,`idPersona1`,`ClaseDeVinculo`,`Fecha`) VALUES(72,2,'Afiliación política común','2013-5-4');
INSERT INTO `Serelacionacon`(`idPersona`,`idPersona1`,`ClaseDeVinculo`,`Fecha`) VALUES(85,40,'Asociado al mismo club','2011-4-16');
INSERT INTO `Serelacionacon`(`idPersona`,`idPersona1`,`ClaseDeVinculo`,`Fecha`) VALUES(40,27,'Familiar','2013-4-11');
INSERT INTO `Serelacionacon`(`idPersona`,`idPersona1`,`ClaseDeVinculo`,`Fecha`) VALUES(76,71,'Amigo','2000-3-9');
INSERT INTO `Serelacionacon`(`idPersona`,`idPersona1`,`ClaseDeVinculo`,`Fecha`) VALUES(67,24,'Indeterminado','2005-4-25');
INSERT INTO `Serelacionacon`(`idPersona`,`idPersona1`,`ClaseDeVinculo`,`Fecha`) VALUES(35,98,'Vecino','2003-9-24');
INSERT INTO `Serelacionacon`(`idPersona`,`idPersona1`,`ClaseDeVinculo`,`Fecha`) VALUES(12,73,'Indeterminado','2000-3-22');
INSERT INTO `Serelacionacon`(`idPersona`,`idPersona1`,`ClaseDeVinculo`,`Fecha`) VALUES(17,88,'Ex-compañero de colegio','2007-5-27');
INSERT INTO `Serelacionacon`(`idPersona`,`idPersona1`,`ClaseDeVinculo`,`Fecha`) VALUES(93,66,'Asociado al mismo club','2014-3-10');
INSERT INTO `Serelacionacon`(`idPersona`,`idPersona1`,`ClaseDeVinculo`,`Fecha`) VALUES(5,65,'Ex-compañero de colegio','2016-11-8');
INSERT INTO `Serelacionacon`(`idPersona`,`idPersona1`,`ClaseDeVinculo`,`Fecha`) VALUES(15,90,'Familiar','2007-12-2');
INSERT INTO `Serelacionacon`(`idPersona`,`idPersona1`,`ClaseDeVinculo`,`Fecha`) VALUES(16,55,'Asociado al mismo club','2014-4-21');
INSERT INTO `Serelacionacon`(`idPersona`,`idPersona1`,`ClaseDeVinculo`,`Fecha`) VALUES(26,46,'Familiar','2001-12-22');
INSERT INTO `Serelacionacon`(`idPersona`,`idPersona1`,`ClaseDeVinculo`,`Fecha`) VALUES(5,69,'Amigo','2002-10-6');
INSERT INTO `Serelacionacon`(`idPersona`,`idPersona1`,`ClaseDeVinculo`,`Fecha`) VALUES(77,93,'Indeterminado','2013-2-15');
INSERT INTO `Serelacionacon`(`idPersona`,`idPersona1`,`ClaseDeVinculo`,`Fecha`) VALUES(84,58,'Familiar','2013-12-23');
INSERT INTO `Serelacionacon`(`idPersona`,`idPersona1`,`ClaseDeVinculo`,`Fecha`) VALUES(65,96,'Afiliación política común','2010-3-22');
INSERT INTO `Serelacionacon`(`idPersona`,`idPersona1`,`ClaseDeVinculo`,`Fecha`) VALUES(49,99,'Indeterminado','2001-11-1');
INSERT INTO `Serelacionacon`(`idPersona`,`idPersona1`,`ClaseDeVinculo`,`Fecha`) VALUES(26,90,'Indeterminado','2009-1-10');
INSERT INTO `Serelacionacon`(`idPersona`,`idPersona1`,`ClaseDeVinculo`,`Fecha`) VALUES(67,53,'Asociado al mismo club','2014-10-13');
INSERT INTO `Serelacionacon`(`idPersona`,`idPersona1`,`ClaseDeVinculo`,`Fecha`) VALUES(50,86,'Amigo','2006-10-15');
INSERT INTO `Serelacionacon`(`idPersona`,`idPersona1`,`ClaseDeVinculo`,`Fecha`) VALUES(15,46,'Amigo','2012-10-8');
INSERT INTO `Serelacionacon`(`idPersona`,`idPersona1`,`ClaseDeVinculo`,`Fecha`) VALUES(87,3,'Ex-compañero de colegio','2003-9-22');
INSERT INTO `Serelacionacon`(`idPersona`,`idPersona1`,`ClaseDeVinculo`,`Fecha`) VALUES(60,57,'Amigo','2007-8-27');
INSERT INTO `Serelacionacon`(`idPersona`,`idPersona1`,`ClaseDeVinculo`,`Fecha`) VALUES(20,13,'Vecino','2000-7-3');
INSERT INTO `Serelacionacon`(`idPersona`,`idPersona1`,`ClaseDeVinculo`,`Fecha`) VALUES(37,85,'Vecino','2010-5-18');
INSERT INTO `Serelacionacon`(`idPersona`,`idPersona1`,`ClaseDeVinculo`,`Fecha`) VALUES(76,59,'Vecino','2010-10-5');
INSERT INTO `Serelacionacon`(`idPersona`,`idPersona1`,`ClaseDeVinculo`,`Fecha`) VALUES(88,59,'Amigo','2010-5-12');
INSERT INTO `Serelacionacon`(`idPersona`,`idPersona1`,`ClaseDeVinculo`,`Fecha`) VALUES(97,70,'Indeterminado','2005-9-9');
INSERT INTO `Serelacionacon`(`idPersona`,`idPersona1`,`ClaseDeVinculo`,`Fecha`) VALUES(31,11,'Amigo','2000-11-5');
INSERT INTO `Serelacionacon`(`idPersona`,`idPersona1`,`ClaseDeVinculo`,`Fecha`) VALUES(76,75,'Ex-compañero de colegio','2016-5-18');
INSERT INTO `Serelacionacon`(`idPersona`,`idPersona1`,`ClaseDeVinculo`,`Fecha`) VALUES(58,74,'Socios comerciales','2009-12-7');
INSERT INTO `Serelacionacon`(`idPersona`,`idPersona1`,`ClaseDeVinculo`,`Fecha`) VALUES(90,99,'Indeterminado','2005-8-23');
INSERT INTO `Serelacionacon`(`idPersona`,`idPersona1`,`ClaseDeVinculo`,`Fecha`) VALUES(67,94,'Indeterminado','2015-10-23');
INSERT INTO `Serelacionacon`(`idPersona`,`idPersona1`,`ClaseDeVinculo`,`Fecha`) VALUES(91,81,'Indeterminado','2014-12-28');
INSERT INTO `Serelacionacon`(`idPersona`,`idPersona1`,`ClaseDeVinculo`,`Fecha`) VALUES(53,20,'Indeterminado','2012-11-14');
INSERT INTO `Serelacionacon`(`idPersona`,`idPersona1`,`ClaseDeVinculo`,`Fecha`) VALUES(21,61,'Ex-compañero de colegio','2009-5-21');
INSERT INTO `Serelacionacon`(`idPersona`,`idPersona1`,`ClaseDeVinculo`,`Fecha`) VALUES(9,87,'Ex-compañero de colegio','2013-9-2');
INSERT INTO `Serelacionacon`(`idPersona`,`idPersona1`,`ClaseDeVinculo`,`Fecha`) VALUES(35,15,'Amigo','2008-3-27');
INSERT INTO `Serelacionacon`(`idPersona`,`idPersona1`,`ClaseDeVinculo`,`Fecha`) VALUES(22,66,'Ex-compañero de colegio','2009-2-9');
INSERT INTO `Serelacionacon`(`idPersona`,`idPersona1`,`ClaseDeVinculo`,`Fecha`) VALUES(10,72,'Indeterminado','2008-5-23');
INSERT INTO `Serelacionacon`(`idPersona`,`idPersona1`,`ClaseDeVinculo`,`Fecha`) VALUES(49,17,'Vecino','2005-10-24');
INSERT INTO `Serelacionacon`(`idPersona`,`idPersona1`,`ClaseDeVinculo`,`Fecha`) VALUES(68,40,'Asociado al mismo club','2014-10-10');
INSERT INTO `Serelacionacon`(`idPersona`,`idPersona1`,`ClaseDeVinculo`,`Fecha`) VALUES(21,81,'Vecino','2009-11-3');
INSERT INTO `Serelacionacon`(`idPersona`,`idPersona1`,`ClaseDeVinculo`,`Fecha`) VALUES(34,77,'Afiliación política común','2007-7-1');
INSERT INTO `Serelacionacon`(`idPersona`,`idPersona1`,`ClaseDeVinculo`,`Fecha`) VALUES(57,49,'Ex-compañero de colegio','2010-9-24');
INSERT INTO `Serelacionacon`(`idPersona`,`idPersona1`,`ClaseDeVinculo`,`Fecha`) VALUES(19,16,'Asociado al mismo club','2000-2-3');
INSERT INTO `Serelacionacon`(`idPersona`,`idPersona1`,`ClaseDeVinculo`,`Fecha`) VALUES(90,18,'Indeterminado','2012-5-12');
INSERT INTO `Serelacionacon`(`idPersona`,`idPersona1`,`ClaseDeVinculo`,`Fecha`) VALUES(2,20,'Familiar','2011-6-1');
INSERT INTO `Serelacionacon`(`idPersona`,`idPersona1`,`ClaseDeVinculo`,`Fecha`) VALUES(81,91,'Socios comerciales','2000-10-10');
INSERT INTO `Serelacionacon`(`idPersona`,`idPersona1`,`ClaseDeVinculo`,`Fecha`) VALUES(9,29,'Vecino','2004-7-27');
INSERT INTO `Serelacionacon`(`idPersona`,`idPersona1`,`ClaseDeVinculo`,`Fecha`) VALUES(20,24,'Socios comerciales','2001-2-11');
INSERT INTO `Serelacionacon`(`idPersona`,`idPersona1`,`ClaseDeVinculo`,`Fecha`) VALUES(91,37,'Vecino','2014-11-11');
INSERT INTO `Serelacionacon`(`idPersona`,`idPersona1`,`ClaseDeVinculo`,`Fecha`) VALUES(94,48,'Amigo','2015-12-10');
INSERT INTO `Serelacionacon`(`idPersona`,`idPersona1`,`ClaseDeVinculo`,`Fecha`) VALUES(70,86,'Asociado al mismo club','2004-1-25');
INSERT INTO `Serelacionacon`(`idPersona`,`idPersona1`,`ClaseDeVinculo`,`Fecha`) VALUES(53,21,'Familiar','2001-7-15');
INSERT INTO `Serelacionacon`(`idPersona`,`idPersona1`,`ClaseDeVinculo`,`Fecha`) VALUES(70,18,'Socios comerciales','2008-11-13');
INSERT INTO `Serelacionacon`(`idPersona`,`idPersona1`,`ClaseDeVinculo`,`Fecha`) VALUES(58,17,'Socios comerciales','2011-6-19');
INSERT INTO `Serelacionacon`(`idPersona`,`idPersona1`,`ClaseDeVinculo`,`Fecha`) VALUES(46,37,'Asociado al mismo club','2016-6-23');
INSERT INTO `Serelacionacon`(`idPersona`,`idPersona1`,`ClaseDeVinculo`,`Fecha`) VALUES(86,13,'Afiliación política común','2004-7-4');
INSERT INTO `Serelacionacon`(`idPersona`,`idPersona1`,`ClaseDeVinculo`,`Fecha`) VALUES(14,83,'Familiar','2014-7-27');
INSERT INTO `Serelacionacon`(`idPersona`,`idPersona1`,`ClaseDeVinculo`,`Fecha`) VALUES(45,82,'Afiliación política común','2007-1-23');
INSERT INTO `Serelacionacon`(`idPersona`,`idPersona1`,`ClaseDeVinculo`,`Fecha`) VALUES(51,13,'Socios comerciales','2003-11-23');
INSERT INTO `Serelacionacon`(`idPersona`,`idPersona1`,`ClaseDeVinculo`,`Fecha`) VALUES(9,51,'Familiar','2010-12-18');
INSERT INTO `Serelacionacon`(`idPersona`,`idPersona1`,`ClaseDeVinculo`,`Fecha`) VALUES(59,49,'Amigo','2009-11-21');
INSERT INTO `Serelacionacon`(`idPersona`,`idPersona1`,`ClaseDeVinculo`,`Fecha`) VALUES(95,72,'Asociado al mismo club','2014-6-18');
INSERT INTO `Serelacionacon`(`idPersona`,`idPersona1`,`ClaseDeVinculo`,`Fecha`) VALUES(12,60,'Familiar','2011-9-20');
INSERT INTO `Serelacionacon`(`idPersona`,`idPersona1`,`ClaseDeVinculo`,`Fecha`) VALUES(34,95,'Vecino','2005-10-26');
INSERT INTO `Serelacionacon`(`idPersona`,`idPersona1`,`ClaseDeVinculo`,`Fecha`) VALUES(23,10,'Socios comerciales','2004-1-8');
INSERT INTO `Serelacionacon`(`idPersona`,`idPersona1`,`ClaseDeVinculo`,`Fecha`) VALUES(67,27,'Asociado al mismo club','2003-12-23');
INSERT INTO `Serelacionacon`(`idPersona`,`idPersona1`,`ClaseDeVinculo`,`Fecha`) VALUES(96,24,'Vecino','2002-3-23');
INSERT INTO `Serelacionacon`(`idPersona`,`idPersona1`,`ClaseDeVinculo`,`Fecha`) VALUES(94,97,'Indeterminado','2005-4-24');
INSERT INTO `Serelacionacon`(`idPersona`,`idPersona1`,`ClaseDeVinculo`,`Fecha`) VALUES(98,21,'Socios comerciales','2012-9-12');
INSERT INTO `Serelacionacon`(`idPersona`,`idPersona1`,`ClaseDeVinculo`,`Fecha`) VALUES(63,57,'Indeterminado','2002-2-11');
INSERT INTO `Serelacionacon`(`idPersona`,`idPersona1`,`ClaseDeVinculo`,`Fecha`) VALUES(7,35,'Socios comerciales','2001-1-10');
INSERT INTO `Serelacionacon`(`idPersona`,`idPersona1`,`ClaseDeVinculo`,`Fecha`) VALUES(78,51,'Afiliación política común','2016-4-15');
INSERT INTO `Serelacionacon`(`idPersona`,`idPersona1`,`ClaseDeVinculo`,`Fecha`) VALUES(45,58,'Afiliación política común','2004-4-14');
INSERT INTO `Serelacionacon`(`idPersona`,`idPersona1`,`ClaseDeVinculo`,`Fecha`) VALUES(63,94,'Indeterminado','2015-6-5');
INSERT INTO `Serelacionacon`(`idPersona`,`idPersona1`,`ClaseDeVinculo`,`Fecha`) VALUES(98,75,'Ex-compañero de colegio','2011-7-14');
INSERT INTO `Serelacionacon`(`idPersona`,`idPersona1`,`ClaseDeVinculo`,`Fecha`) VALUES(71,99,'Socios comerciales','2010-5-10');
INSERT INTO `Serelacionacon`(`idPersona`,`idPersona1`,`ClaseDeVinculo`,`Fecha`) VALUES(79,10,'Familiar','2000-12-8');
INSERT INTO `Serelacionacon`(`idPersona`,`idPersona1`,`ClaseDeVinculo`,`Fecha`) VALUES(39,46,'Asociado al mismo club','2001-8-5');
INSERT INTO `Serelacionacon`(`idPersona`,`idPersona1`,`ClaseDeVinculo`,`Fecha`) VALUES(79,69,'Vecino','2003-7-24');
INSERT INTO `Serelacionacon`(`idPersona`,`idPersona1`,`ClaseDeVinculo`,`Fecha`) VALUES(31,77,'Familiar','2016-10-24');
INSERT INTO `Serelacionacon`(`idPersona`,`idPersona1`,`ClaseDeVinculo`,`Fecha`) VALUES(42,71,'Socios comerciales','2000-9-9');
INSERT INTO `Serelacionacon`(`idPersona`,`idPersona1`,`ClaseDeVinculo`,`Fecha`) VALUES(4,91,'Ex-compañero de colegio','2004-10-3');
INSERT INTO `Serelacionacon`(`idPersona`,`idPersona1`,`ClaseDeVinculo`,`Fecha`) VALUES(95,10,'Amigo','2014-10-19');
INSERT INTO `Serelacionacon`(`idPersona`,`idPersona1`,`ClaseDeVinculo`,`Fecha`) VALUES(84,53,'Familiar','2016-1-16');
INSERT INTO `Serelacionacon`(`idPersona`,`idPersona1`,`ClaseDeVinculo`,`Fecha`) VALUES(67,73,'Socios comerciales','2004-10-22');
INSERT INTO `Serelacionacon`(`idPersona`,`idPersona1`,`ClaseDeVinculo`,`Fecha`) VALUES(73,66,'Vecino','2012-6-27');
INSERT INTO `Serelacionacon`(`idPersona`,`idPersona1`,`ClaseDeVinculo`,`Fecha`) VALUES(90,41,'Socios comerciales','2001-11-23');
INSERT INTO `Serelacionacon`(`idPersona`,`idPersona1`,`ClaseDeVinculo`,`Fecha`) VALUES(76,92,'Asociado al mismo club','2003-9-17');
INSERT INTO `Serelacionacon`(`idPersona`,`idPersona1`,`ClaseDeVinculo`,`Fecha`) VALUES(3,56,'Ex-compañero de colegio','2004-3-1');
INSERT INTO `Serelacionacon`(`idPersona`,`idPersona1`,`ClaseDeVinculo`,`Fecha`) VALUES(76,55,'Asociado al mismo club','2015-8-13');
INSERT INTO `Serelacionacon`(`idPersona`,`idPersona1`,`ClaseDeVinculo`,`Fecha`) VALUES(11,41,'Asociado al mismo club','2001-5-25');
INSERT INTO `Serelacionacon`(`idPersona`,`idPersona1`,`ClaseDeVinculo`,`Fecha`) VALUES(3,54,'Amigo','2013-5-22');
INSERT INTO `Serelacionacon`(`idPersona`,`idPersona1`,`ClaseDeVinculo`,`Fecha`) VALUES(34,65,'Amigo','2007-3-9');
INSERT INTO `Serelacionacon`(`idPersona`,`idPersona1`,`ClaseDeVinculo`,`Fecha`) VALUES(32,45,'Familiar','2006-5-17');
INSERT INTO `Serelacionacon`(`idPersona`,`idPersona1`,`ClaseDeVinculo`,`Fecha`) VALUES(83,35,'Amigo','2003-7-9');
INSERT INTO `Serelacionacon`(`idPersona`,`idPersona1`,`ClaseDeVinculo`,`Fecha`) VALUES(47,27,'Afiliación política común','2010-5-13');
INSERT INTO `Serelacionacon`(`idPersona`,`idPersona1`,`ClaseDeVinculo`,`Fecha`) VALUES(5,47,'Vecino','2006-11-4');
INSERT INTO `Serelacionacon`(`idPersona`,`idPersona1`,`ClaseDeVinculo`,`Fecha`) VALUES(39,35,'Indeterminado','2010-9-7');
INSERT INTO `Serelacionacon`(`idPersona`,`idPersona1`,`ClaseDeVinculo`,`Fecha`) VALUES(17,86,'Amigo','2013-6-1');
INSERT INTO `Serelacionacon`(`idPersona`,`idPersona1`,`ClaseDeVinculo`,`Fecha`) VALUES(63,84,'Vecino','2015-5-23');
INSERT INTO `Serelacionacon`(`idPersona`,`idPersona1`,`ClaseDeVinculo`,`Fecha`) VALUES(79,63,'Indeterminado','2011-1-12');
INSERT INTO `Serelacionacon`(`idPersona`,`idPersona1`,`ClaseDeVinculo`,`Fecha`) VALUES(99,19,'Vecino','2012-1-20');
INSERT INTO `Serelacionacon`(`idPersona`,`idPersona1`,`ClaseDeVinculo`,`Fecha`) VALUES(69,7,'Familiar','2013-10-6');
INSERT INTO `Serelacionacon`(`idPersona`,`idPersona1`,`ClaseDeVinculo`,`Fecha`) VALUES(92,89,'Socios comerciales','2000-4-27');
INSERT INTO `Serelacionacon`(`idPersona`,`idPersona1`,`ClaseDeVinculo`,`Fecha`) VALUES(97,49,'Socios comerciales','2006-12-13');
INSERT INTO `Serelacionacon`(`idPersona`,`idPersona1`,`ClaseDeVinculo`,`Fecha`) VALUES(79,18,'Socios comerciales','2009-1-10');
INSERT INTO `Serelacionacon`(`idPersona`,`idPersona1`,`ClaseDeVinculo`,`Fecha`) VALUES(60,42,'Familiar','2007-12-28');
INSERT INTO `Serelacionacon`(`idPersona`,`idPersona1`,`ClaseDeVinculo`,`Fecha`) VALUES(14,8,'Indeterminado','2002-3-6');
INSERT INTO `Serelacionacon`(`idPersona`,`idPersona1`,`ClaseDeVinculo`,`Fecha`) VALUES(49,43,'Afiliación política común','2001-8-14');
INSERT INTO `Serelacionacon`(`idPersona`,`idPersona1`,`ClaseDeVinculo`,`Fecha`) VALUES(53,37,'Socios comerciales','2014-10-24');
INSERT INTO `Serelacionacon`(`idPersona`,`idPersona1`,`ClaseDeVinculo`,`Fecha`) VALUES(48,22,'Familiar','2009-2-26');
INSERT INTO `Serelacionacon`(`idPersona`,`idPersona1`,`ClaseDeVinculo`,`Fecha`) VALUES(98,87,'Asociado al mismo club','2004-5-10');
INSERT INTO `Serelacionacon`(`idPersona`,`idPersona1`,`ClaseDeVinculo`,`Fecha`) VALUES(27,86,'Amigo','2001-12-28');
INSERT INTO `Serelacionacon`(`idPersona`,`idPersona1`,`ClaseDeVinculo`,`Fecha`) VALUES(78,86,'Socios comerciales','2016-9-26');
INSERT INTO `Serelacionacon`(`idPersona`,`idPersona1`,`ClaseDeVinculo`,`Fecha`) VALUES(79,28,'Familiar','2012-10-1');
INSERT INTO `Serelacionacon`(`idPersona`,`idPersona1`,`ClaseDeVinculo`,`Fecha`) VALUES(97,62,'Indeterminado','2009-5-19');
INSERT INTO `Serelacionacon`(`idPersona`,`idPersona1`,`ClaseDeVinculo`,`Fecha`) VALUES(97,63,'Ex-compañero de colegio','2016-12-23');
INSERT INTO `Serelacionacon`(`idPersona`,`idPersona1`,`ClaseDeVinculo`,`Fecha`) VALUES(35,68,'Vecino','2006-12-1');
INSERT INTO `Serelacionacon`(`idPersona`,`idPersona1`,`ClaseDeVinculo`,`Fecha`) VALUES(27,83,'Amigo','2012-11-14');
INSERT INTO `Serelacionacon`(`idPersona`,`idPersona1`,`ClaseDeVinculo`,`Fecha`) VALUES(34,66,'Asociado al mismo club','2008-11-5');
INSERT INTO `Serelacionacon`(`idPersona`,`idPersona1`,`ClaseDeVinculo`,`Fecha`) VALUES(62,4,'Amigo','2008-12-21');
INSERT INTO `Serelacionacon`(`idPersona`,`idPersona1`,`ClaseDeVinculo`,`Fecha`) VALUES(62,31,'Familiar','2001-4-1');
INSERT INTO `Serelacionacon`(`idPersona`,`idPersona1`,`ClaseDeVinculo`,`Fecha`) VALUES(24,96,'Vecino','2003-11-14');
INSERT INTO `Serelacionacon`(`idPersona`,`idPersona1`,`ClaseDeVinculo`,`Fecha`) VALUES(98,90,'Ex-compañero de colegio','2004-5-14');
INSERT INTO `Serelacionacon`(`idPersona`,`idPersona1`,`ClaseDeVinculo`,`Fecha`) VALUES(25,69,'Familiar','2011-7-8');
INSERT INTO `Serelacionacon`(`idPersona`,`idPersona1`,`ClaseDeVinculo`,`Fecha`) VALUES(8,99,'Indeterminado','2004-8-13');
INSERT INTO `Serelacionacon`(`idPersona`,`idPersona1`,`ClaseDeVinculo`,`Fecha`) VALUES(92,14,'Socios comerciales','2009-10-7');
INSERT INTO `Serelacionacon`(`idPersona`,`idPersona1`,`ClaseDeVinculo`,`Fecha`) VALUES(10,25,'Indeterminado','2005-7-4');
INSERT INTO `Serelacionacon`(`idPersona`,`idPersona1`,`ClaseDeVinculo`,`Fecha`) VALUES(90,73,'Indeterminado','2002-1-23');
INSERT INTO `Serelacionacon`(`idPersona`,`idPersona1`,`ClaseDeVinculo`,`Fecha`) VALUES(96,11,'Socios comerciales','2014-11-7');
INSERT INTO `Serelacionacon`(`idPersona`,`idPersona1`,`ClaseDeVinculo`,`Fecha`) VALUES(63,78,'Vecino','2016-4-15');
INSERT INTO `Serelacionacon`(`idPersona`,`idPersona1`,`ClaseDeVinculo`,`Fecha`) VALUES(76,78,'Ex-compañero de colegio','2009-4-27');
INSERT INTO `Serelacionacon`(`idPersona`,`idPersona1`,`ClaseDeVinculo`,`Fecha`) VALUES(83,18,'Socios comerciales','2001-9-16');
INSERT INTO `Serelacionacon`(`idPersona`,`idPersona1`,`ClaseDeVinculo`,`Fecha`) VALUES(26,81,'Familiar','2013-12-1');
INSERT INTO `Serelacionacon`(`idPersona`,`idPersona1`,`ClaseDeVinculo`,`Fecha`) VALUES(82,32,'Ex-compañero de colegio','2003-8-8');
INSERT INTO `Serelacionacon`(`idPersona`,`idPersona1`,`ClaseDeVinculo`,`Fecha`) VALUES(50,54,'Vecino','2009-5-15');
INSERT INTO `Serelacionacon`(`idPersona`,`idPersona1`,`ClaseDeVinculo`,`Fecha`) VALUES(68,44,'Indeterminado','2010-10-27');
INSERT INTO `Serelacionacon`(`idPersona`,`idPersona1`,`ClaseDeVinculo`,`Fecha`) VALUES(42,15,'Ex-compañero de colegio','2004-10-27');
INSERT INTO `Serelacionacon`(`idPersona`,`idPersona1`,`ClaseDeVinculo`,`Fecha`) VALUES(85,23,'Indeterminado','2002-3-5');
INSERT INTO `Serelacionacon`(`idPersona`,`idPersona1`,`ClaseDeVinculo`,`Fecha`) VALUES(19,67,'Asociado al mismo club','2006-4-15');
INSERT INTO `Serelacionacon`(`idPersona`,`idPersona1`,`ClaseDeVinculo`,`Fecha`) VALUES(21,65,'Amigo','2013-8-9');
INSERT INTO `Serelacionacon`(`idPersona`,`idPersona1`,`ClaseDeVinculo`,`Fecha`) VALUES(59,40,'Ex-compañero de colegio','2016-6-12');
INSERT INTO `Serelacionacon`(`idPersona`,`idPersona1`,`ClaseDeVinculo`,`Fecha`) VALUES(99,61,'Familiar','2011-5-25');
INSERT INTO `Serelacionacon`(`idPersona`,`idPersona1`,`ClaseDeVinculo`,`Fecha`) VALUES(55,8,'Socios comerciales','2011-7-18');
INSERT INTO `Serelacionacon`(`idPersona`,`idPersona1`,`ClaseDeVinculo`,`Fecha`) VALUES(29,70,'Socios comerciales','2004-11-14');
INSERT INTO `Serelacionacon`(`idPersona`,`idPersona1`,`ClaseDeVinculo`,`Fecha`) VALUES(82,35,'Vecino','2016-12-27');
INSERT INTO `Serelacionacon`(`idPersona`,`idPersona1`,`ClaseDeVinculo`,`Fecha`) VALUES(76,27,'Vecino','2002-12-2');
INSERT INTO `Serelacionacon`(`idPersona`,`idPersona1`,`ClaseDeVinculo`,`Fecha`) VALUES(83,52,'Indeterminado','2012-11-3');
INSERT INTO `Serelacionacon`(`idPersona`,`idPersona1`,`ClaseDeVinculo`,`Fecha`) VALUES(76,31,'Socios comerciales','2014-7-5');
INSERT INTO `Serelacionacon`(`idPersona`,`idPersona1`,`ClaseDeVinculo`,`Fecha`) VALUES(48,64,'Amigo','2005-11-20');
INSERT INTO `Serelacionacon`(`idPersona`,`idPersona1`,`ClaseDeVinculo`,`Fecha`) VALUES(24,59,'Socios comerciales','2007-9-13');
INSERT INTO `Serelacionacon`(`idPersona`,`idPersona1`,`ClaseDeVinculo`,`Fecha`) VALUES(91,97,'Asociado al mismo club','2011-2-18');
INSERT INTO `Serelacionacon`(`idPersona`,`idPersona1`,`ClaseDeVinculo`,`Fecha`) VALUES(62,98,'Vecino','2010-5-20');
INSERT INTO `Serelacionacon`(`idPersona`,`idPersona1`,`ClaseDeVinculo`,`Fecha`) VALUES(67,61,'Amigo','2015-6-18');
INSERT INTO `Serelacionacon`(`idPersona`,`idPersona1`,`ClaseDeVinculo`,`Fecha`) VALUES(34,0,'Familiar','2000-4-24');
INSERT INTO `Serelacionacon`(`idPersona`,`idPersona1`,`ClaseDeVinculo`,`Fecha`) VALUES(21,83,'Familiar','2005-9-28');
INSERT INTO `Serelacionacon`(`idPersona`,`idPersona1`,`ClaseDeVinculo`,`Fecha`) VALUES(75,0,'Ex-compañero de colegio','2005-7-24');
INSERT INTO `Serelacionacon`(`idPersona`,`idPersona1`,`ClaseDeVinculo`,`Fecha`) VALUES(45,90,'Socios comerciales','2003-7-1');
INSERT INTO `Serelacionacon`(`idPersona`,`idPersona1`,`ClaseDeVinculo`,`Fecha`) VALUES(0,39,'Familiar','2000-1-10');
INSERT INTO `Serelacionacon`(`idPersona`,`idPersona1`,`ClaseDeVinculo`,`Fecha`) VALUES(57,0,'Amigo','2002-8-1');
INSERT INTO `Serelacionacon`(`idPersona`,`idPersona1`,`ClaseDeVinculo`,`Fecha`) VALUES(95,87,'Socios comerciales','2013-5-7');
INSERT INTO `Serelacionacon`(`idPersona`,`idPersona1`,`ClaseDeVinculo`,`Fecha`) VALUES(76,51,'Indeterminado','2001-11-25');
INSERT INTO `Serelacionacon`(`idPersona`,`idPersona1`,`ClaseDeVinculo`,`Fecha`) VALUES(3,10,'Socios comerciales','2007-10-20');
INSERT INTO `Serelacionacon`(`idPersona`,`idPersona1`,`ClaseDeVinculo`,`Fecha`) VALUES(53,18,'Amigo','2002-11-16');
INSERT INTO `Serelacionacon`(`idPersona`,`idPersona1`,`ClaseDeVinculo`,`Fecha`) VALUES(18,91,'Ex-compañero de colegio','2013-12-12');
INSERT INTO `Serelacionacon`(`idPersona`,`idPersona1`,`ClaseDeVinculo`,`Fecha`) VALUES(34,72,'Familiar','2003-2-16');
INSERT INTO `Serelacionacon`(`idPersona`,`idPersona1`,`ClaseDeVinculo`,`Fecha`) VALUES(32,77,'Indeterminado','2016-11-28');
INSERT INTO `Serelacionacon`(`idPersona`,`idPersona1`,`ClaseDeVinculo`,`Fecha`) VALUES(96,79,'Ex-compañero de colegio','2006-8-18');
INSERT INTO `Serelacionacon`(`idPersona`,`idPersona1`,`ClaseDeVinculo`,`Fecha`) VALUES(35,76,'Socios comerciales','2015-3-8');
INSERT INTO `Serelacionacon`(`idPersona`,`idPersona1`,`ClaseDeVinculo`,`Fecha`) VALUES(19,12,'Socios comerciales','2001-9-3');
INSERT INTO `Serelacionacon`(`idPersona`,`idPersona1`,`ClaseDeVinculo`,`Fecha`) VALUES(29,15,'Amigo','2007-7-15');
INSERT INTO `Serelacionacon`(`idPersona`,`idPersona1`,`ClaseDeVinculo`,`Fecha`) VALUES(12,59,'Indeterminado','2012-5-17');
INSERT INTO `Serelacionacon`(`idPersona`,`idPersona1`,`ClaseDeVinculo`,`Fecha`) VALUES(67,57,'Amigo','2008-1-16');
INSERT INTO `Serelacionacon`(`idPersona`,`idPersona1`,`ClaseDeVinculo`,`Fecha`) VALUES(65,98,'Familiar','2013-4-4');
INSERT INTO `Serelacionacon`(`idPersona`,`idPersona1`,`ClaseDeVinculo`,`Fecha`) VALUES(25,26,'Ex-compañero de colegio','2016-3-22');
INSERT INTO `Serelacionacon`(`idPersona`,`idPersona1`,`ClaseDeVinculo`,`Fecha`) VALUES(28,72,'Ex-compañero de colegio','2016-4-18');
INSERT INTO `Serelacionacon`(`idPersona`,`idPersona1`,`ClaseDeVinculo`,`Fecha`) VALUES(94,47,'Asociado al mismo club','2003-11-20');
INSERT INTO `Serelacionacon`(`idPersona`,`idPersona1`,`ClaseDeVinculo`,`Fecha`) VALUES(26,48,'Asociado al mismo club','2012-11-4');
INSERT INTO `Serelacionacon`(`idPersona`,`idPersona1`,`ClaseDeVinculo`,`Fecha`) VALUES(88,93,'Familiar','2004-12-25');
INSERT INTO `Serelacionacon`(`idPersona`,`idPersona1`,`ClaseDeVinculo`,`Fecha`) VALUES(92,88,'Afiliación política común','2000-3-25');
INSERT INTO `Serelacionacon`(`idPersona`,`idPersona1`,`ClaseDeVinculo`,`Fecha`) VALUES(77,35,'Amigo','2011-8-7');
INSERT INTO `Serelacionacon`(`idPersona`,`idPersona1`,`ClaseDeVinculo`,`Fecha`) VALUES(83,85,'Vecino','2001-5-4');
INSERT INTO `Serelacionacon`(`idPersona`,`idPersona1`,`ClaseDeVinculo`,`Fecha`) VALUES(18,15,'Afiliación política común','2004-6-13');
INSERT INTO `Serelacionacon`(`idPersona`,`idPersona1`,`ClaseDeVinculo`,`Fecha`) VALUES(6,54,'Socios comerciales','2001-5-19');
INSERT INTO `Serelacionacon`(`idPersona`,`idPersona1`,`ClaseDeVinculo`,`Fecha`) VALUES(55,77,'Familiar','2014-2-15');
INSERT INTO `Serelacionacon`(`idPersona`,`idPersona1`,`ClaseDeVinculo`,`Fecha`) VALUES(17,80,'Socios comerciales','2002-3-9');
INSERT INTO `Serelacionacon`(`idPersona`,`idPersona1`,`ClaseDeVinculo`,`Fecha`) VALUES(21,72,'Amigo','2001-10-6');
INSERT INTO `Serelacionacon`(`idPersona`,`idPersona1`,`ClaseDeVinculo`,`Fecha`) VALUES(39,0,'Vecino','2013-3-26');
INSERT INTO `Serelacionacon`(`idPersona`,`idPersona1`,`ClaseDeVinculo`,`Fecha`) VALUES(21,77,'Socios comerciales','2013-8-13');
INSERT INTO `Serelacionacon`(`idPersona`,`idPersona1`,`ClaseDeVinculo`,`Fecha`) VALUES(34,93,'Afiliación política común','2011-5-15');
INSERT INTO `Serelacionacon`(`idPersona`,`idPersona1`,`ClaseDeVinculo`,`Fecha`) VALUES(37,47,'Socios comerciales','2000-6-8');
INSERT INTO `Serelacionacon`(`idPersona`,`idPersona1`,`ClaseDeVinculo`,`Fecha`) VALUES(7,76,'Ex-compañero de colegio','2012-6-8');
INSERT INTO `Serelacionacon`(`idPersona`,`idPersona1`,`ClaseDeVinculo`,`Fecha`) VALUES(99,21,'Indeterminado','2006-11-6');
INSERT INTO `Serelacionacon`(`idPersona`,`idPersona1`,`ClaseDeVinculo`,`Fecha`) VALUES(17,76,'Afiliación política común','2002-2-7');
INSERT INTO `Serelacionacon`(`idPersona`,`idPersona1`,`ClaseDeVinculo`,`Fecha`) VALUES(56,27,'Ex-compañero de colegio','2001-8-16');
INSERT INTO `Serelacionacon`(`idPersona`,`idPersona1`,`ClaseDeVinculo`,`Fecha`) VALUES(17,69,'Afiliación política común','2001-5-19');
INSERT INTO `Serelacionacon`(`idPersona`,`idPersona1`,`ClaseDeVinculo`,`Fecha`) VALUES(91,3,'Socios comerciales','2000-4-21');
INSERT INTO `Serelacionacon`(`idPersona`,`idPersona1`,`ClaseDeVinculo`,`Fecha`) VALUES(42,37,'Indeterminado','2015-8-3');
INSERT INTO `Serelacionacon`(`idPersona`,`idPersona1`,`ClaseDeVinculo`,`Fecha`) VALUES(38,74,'Familiar','2007-10-23');
INSERT INTO `Serelacionacon`(`idPersona`,`idPersona1`,`ClaseDeVinculo`,`Fecha`) VALUES(58,27,'Ex-compañero de colegio','2003-3-28');
INSERT INTO `Serelacionacon`(`idPersona`,`idPersona1`,`ClaseDeVinculo`,`Fecha`) VALUES(95,89,'Familiar','2001-8-8');
INSERT INTO `Serelacionacon`(`idPersona`,`idPersona1`,`ClaseDeVinculo`,`Fecha`) VALUES(6,98,'Afiliación política común','2015-11-20');
INSERT INTO `Serelacionacon`(`idPersona`,`idPersona1`,`ClaseDeVinculo`,`Fecha`) VALUES(35,64,'Vecino','2004-4-7');
INSERT INTO `Serelacionacon`(`idPersona`,`idPersona1`,`ClaseDeVinculo`,`Fecha`) VALUES(22,20,'Asociado al mismo club','2007-1-23');
INSERT INTO `Serelacionacon`(`idPersona`,`idPersona1`,`ClaseDeVinculo`,`Fecha`) VALUES(97,69,'Amigo','2001-6-6');
INSERT INTO `Serelacionacon`(`idPersona`,`idPersona1`,`ClaseDeVinculo`,`Fecha`) VALUES(25,66,'Vecino','2016-8-25');
INSERT INTO `Serelacionacon`(`idPersona`,`idPersona1`,`ClaseDeVinculo`,`Fecha`) VALUES(12,14,'Socios comerciales','2013-4-2');
INSERT INTO `Serelacionacon`(`idPersona`,`idPersona1`,`ClaseDeVinculo`,`Fecha`) VALUES(35,41,'Indeterminado','2008-4-9');
INSERT INTO `Serelacionacon`(`idPersona`,`idPersona1`,`ClaseDeVinculo`,`Fecha`) VALUES(97,14,'Indeterminado','2003-9-17');
INSERT INTO `Serelacionacon`(`idPersona`,`idPersona1`,`ClaseDeVinculo`,`Fecha`) VALUES(3,50,'Familiar','2006-2-8');
INSERT INTO `Serelacionacon`(`idPersona`,`idPersona1`,`ClaseDeVinculo`,`Fecha`) VALUES(58,87,'Vecino','2013-4-16');
INSERT INTO `Serelacionacon`(`idPersona`,`idPersona1`,`ClaseDeVinculo`,`Fecha`) VALUES(95,85,'Vecino','2014-2-21');
INSERT INTO `Serelacionacon`(`idPersona`,`idPersona1`,`ClaseDeVinculo`,`Fecha`) VALUES(71,73,'Afiliación política común','2001-5-10');
INSERT INTO `Serelacionacon`(`idPersona`,`idPersona1`,`ClaseDeVinculo`,`Fecha`) VALUES(55,14,'Indeterminado','2005-4-6');
INSERT INTO `Serelacionacon`(`idPersona`,`idPersona1`,`ClaseDeVinculo`,`Fecha`) VALUES(60,40,'Socios comerciales','2000-5-13');
INSERT INTO `Serelacionacon`(`idPersona`,`idPersona1`,`ClaseDeVinculo`,`Fecha`) VALUES(14,13,'Indeterminado','2011-5-9');
INSERT INTO `Serelacionacon`(`idPersona`,`idPersona1`,`ClaseDeVinculo`,`Fecha`) VALUES(35,42,'Vecino','2000-6-21');
INSERT INTO `Serelacionacon`(`idPersona`,`idPersona1`,`ClaseDeVinculo`,`Fecha`) VALUES(39,51,'Afiliación política común','2014-4-15');
INSERT INTO `Serelacionacon`(`idPersona`,`idPersona1`,`ClaseDeVinculo`,`Fecha`) VALUES(82,73,'Familiar','2003-7-5');
INSERT INTO `Serelacionacon`(`idPersona`,`idPersona1`,`ClaseDeVinculo`,`Fecha`) VALUES(78,44,'Asociado al mismo club','2003-9-26');
INSERT INTO `Serelacionacon`(`idPersona`,`idPersona1`,`ClaseDeVinculo`,`Fecha`) VALUES(13,2,'Ex-compañero de colegio','2015-12-21');
INSERT INTO `Serelacionacon`(`idPersona`,`idPersona1`,`ClaseDeVinculo`,`Fecha`) VALUES(94,46,'Afiliación política común','2000-8-2');
INSERT INTO `Serelacionacon`(`idPersona`,`idPersona1`,`ClaseDeVinculo`,`Fecha`) VALUES(25,1,'Vecino','2009-6-15');
INSERT INTO `Serelacionacon`(`idPersona`,`idPersona1`,`ClaseDeVinculo`,`Fecha`) VALUES(7,18,'Vecino','2011-9-18');
INSERT INTO `Serelacionacon`(`idPersona`,`idPersona1`,`ClaseDeVinculo`,`Fecha`) VALUES(51,72,'Ex-compañero de colegio','2002-10-26');
INSERT INTO `Serelacionacon`(`idPersona`,`idPersona1`,`ClaseDeVinculo`,`Fecha`) VALUES(1,89,'Vecino','2010-7-13');
INSERT INTO `Serelacionacon`(`idPersona`,`idPersona1`,`ClaseDeVinculo`,`Fecha`) VALUES(59,27,'Indeterminado','2000-11-23');
INSERT INTO `Serelacionacon`(`idPersona`,`idPersona1`,`ClaseDeVinculo`,`Fecha`) VALUES(41,52,'Asociado al mismo club','2003-2-23');
INSERT INTO `Serelacionacon`(`idPersona`,`idPersona1`,`ClaseDeVinculo`,`Fecha`) VALUES(48,93,'Amigo','2010-8-2');
INSERT INTO `Serelacionacon`(`idPersona`,`idPersona1`,`ClaseDeVinculo`,`Fecha`) VALUES(53,54,'Ex-compañero de colegio','2001-10-2');
INSERT INTO `Serelacionacon`(`idPersona`,`idPersona1`,`ClaseDeVinculo`,`Fecha`) VALUES(78,2,'Vecino','2003-8-8');
INSERT INTO `Serelacionacon`(`idPersona`,`idPersona1`,`ClaseDeVinculo`,`Fecha`) VALUES(61,81,'Vecino','2006-8-16');
INSERT INTO `Serelacionacon`(`idPersona`,`idPersona1`,`ClaseDeVinculo`,`Fecha`) VALUES(89,92,'Ex-compañero de colegio','2007-2-21');
INSERT INTO `Serelacionacon`(`idPersona`,`idPersona1`,`ClaseDeVinculo`,`Fecha`) VALUES(85,37,'Socios comerciales','2002-6-26');
INSERT INTO `Serelacionacon`(`idPersona`,`idPersona1`,`ClaseDeVinculo`,`Fecha`) VALUES(90,97,'Afiliación política común','2004-7-25');
INSERT INTO `Serelacionacon`(`idPersona`,`idPersona1`,`ClaseDeVinculo`,`Fecha`) VALUES(61,90,'Indeterminado','2015-9-2');
INSERT INTO `Serelacionacon`(`idPersona`,`idPersona1`,`ClaseDeVinculo`,`Fecha`) VALUES(77,30,'Asociado al mismo club','2003-5-26');
INSERT INTO `Serelacionacon`(`idPersona`,`idPersona1`,`ClaseDeVinculo`,`Fecha`) VALUES(25,84,'Vecino','2012-6-17');
INSERT INTO `Serelacionacon`(`idPersona`,`idPersona1`,`ClaseDeVinculo`,`Fecha`) VALUES(53,2,'Afiliación política común','2010-8-13');
INSERT INTO `Serelacionacon`(`idPersona`,`idPersona1`,`ClaseDeVinculo`,`Fecha`) VALUES(22,35,'Afiliación política común','2009-10-21');
INSERT INTO `Serelacionacon`(`idPersona`,`idPersona1`,`ClaseDeVinculo`,`Fecha`) VALUES(30,28,'Vecino','2002-9-1');



INSERT INTO `Participa`(`idSuperheroe`,`idIncidente`) VALUES(3,105);
INSERT INTO `Participa`(`idSuperheroe`,`idIncidente`) VALUES(4,118);
INSERT INTO `Participa`(`idSuperheroe`,`idIncidente`) VALUES(12,144);
INSERT INTO `Participa`(`idSuperheroe`,`idIncidente`) VALUES(24,76);
INSERT INTO `Participa`(`idSuperheroe`,`idIncidente`) VALUES(29,35);
INSERT INTO `Participa`(`idSuperheroe`,`idIncidente`) VALUES(24,79);
INSERT INTO `Participa`(`idSuperheroe`,`idIncidente`) VALUES(14,32);
INSERT INTO `Participa`(`idSuperheroe`,`idIncidente`) VALUES(20,21);
INSERT INTO `Participa`(`idSuperheroe`,`idIncidente`) VALUES(20,15);
INSERT INTO `Participa`(`idSuperheroe`,`idIncidente`) VALUES(16,0);
INSERT INTO `Participa`(`idSuperheroe`,`idIncidente`) VALUES(12,38);
INSERT INTO `Participa`(`idSuperheroe`,`idIncidente`) VALUES(15,106);
INSERT INTO `Participa`(`idSuperheroe`,`idIncidente`) VALUES(9,104);
INSERT INTO `Participa`(`idSuperheroe`,`idIncidente`) VALUES(27,77);
INSERT INTO `Participa`(`idSuperheroe`,`idIncidente`) VALUES(18,17);
INSERT INTO `Participa`(`idSuperheroe`,`idIncidente`) VALUES(15,107);
INSERT INTO `Participa`(`idSuperheroe`,`idIncidente`) VALUES(22,71);
INSERT INTO `Participa`(`idSuperheroe`,`idIncidente`) VALUES(12,75);
INSERT INTO `Participa`(`idSuperheroe`,`idIncidente`) VALUES(1,130);
INSERT INTO `Participa`(`idSuperheroe`,`idIncidente`) VALUES(27,71);
INSERT INTO `Participa`(`idSuperheroe`,`idIncidente`) VALUES(16,137);
INSERT INTO `Participa`(`idSuperheroe`,`idIncidente`) VALUES(5,105);
INSERT INTO `Participa`(`idSuperheroe`,`idIncidente`) VALUES(7,23);
INSERT INTO `Participa`(`idSuperheroe`,`idIncidente`) VALUES(12,113);
INSERT INTO `Participa`(`idSuperheroe`,`idIncidente`) VALUES(23,9);
INSERT INTO `Participa`(`idSuperheroe`,`idIncidente`) VALUES(10,128);
INSERT INTO `Participa`(`idSuperheroe`,`idIncidente`) VALUES(6,36);
INSERT INTO `Participa`(`idSuperheroe`,`idIncidente`) VALUES(21,125);
INSERT INTO `Participa`(`idSuperheroe`,`idIncidente`) VALUES(16,126);
INSERT INTO `Participa`(`idSuperheroe`,`idIncidente`) VALUES(11,50);
INSERT INTO `Participa`(`idSuperheroe`,`idIncidente`) VALUES(25,138);
INSERT INTO `Participa`(`idSuperheroe`,`idIncidente`) VALUES(23,141);
INSERT INTO `Participa`(`idSuperheroe`,`idIncidente`) VALUES(6,141);
INSERT INTO `Participa`(`idSuperheroe`,`idIncidente`) VALUES(26,52);
INSERT INTO `Participa`(`idSuperheroe`,`idIncidente`) VALUES(8,134);
INSERT INTO `Participa`(`idSuperheroe`,`idIncidente`) VALUES(22,83);
INSERT INTO `Participa`(`idSuperheroe`,`idIncidente`) VALUES(16,69);
INSERT INTO `Participa`(`idSuperheroe`,`idIncidente`) VALUES(9,139);
INSERT INTO `Participa`(`idSuperheroe`,`idIncidente`) VALUES(0,148);
INSERT INTO `Participa`(`idSuperheroe`,`idIncidente`) VALUES(2,131);
INSERT INTO `Participa`(`idSuperheroe`,`idIncidente`) VALUES(16,65);
INSERT INTO `Participa`(`idSuperheroe`,`idIncidente`) VALUES(10,86);
INSERT INTO `Participa`(`idSuperheroe`,`idIncidente`) VALUES(25,71);
INSERT INTO `Participa`(`idSuperheroe`,`idIncidente`) VALUES(21,123);
INSERT INTO `Participa`(`idSuperheroe`,`idIncidente`) VALUES(8,94);
INSERT INTO `Participa`(`idSuperheroe`,`idIncidente`) VALUES(6,80);
INSERT INTO `Participa`(`idSuperheroe`,`idIncidente`) VALUES(7,18);
INSERT INTO `Participa`(`idSuperheroe`,`idIncidente`) VALUES(1,97);
INSERT INTO `Participa`(`idSuperheroe`,`idIncidente`) VALUES(27,132);
INSERT INTO `Participa`(`idSuperheroe`,`idIncidente`) VALUES(4,119);
INSERT INTO `Participa`(`idSuperheroe`,`idIncidente`) VALUES(8,48);
INSERT INTO `Participa`(`idSuperheroe`,`idIncidente`) VALUES(22,124);
INSERT INTO `Participa`(`idSuperheroe`,`idIncidente`) VALUES(24,30);
INSERT INTO `Participa`(`idSuperheroe`,`idIncidente`) VALUES(27,20);
INSERT INTO `Participa`(`idSuperheroe`,`idIncidente`) VALUES(13,51);
INSERT INTO `Participa`(`idSuperheroe`,`idIncidente`) VALUES(22,18);
INSERT INTO `Participa`(`idSuperheroe`,`idIncidente`) VALUES(25,5);
INSERT INTO `Participa`(`idSuperheroe`,`idIncidente`) VALUES(2,116);
INSERT INTO `Participa`(`idSuperheroe`,`idIncidente`) VALUES(11,17);
INSERT INTO `Participa`(`idSuperheroe`,`idIncidente`) VALUES(12,37);
INSERT INTO `Participa`(`idSuperheroe`,`idIncidente`) VALUES(6,115);
INSERT INTO `Participa`(`idSuperheroe`,`idIncidente`) VALUES(29,143);
INSERT INTO `Participa`(`idSuperheroe`,`idIncidente`) VALUES(16,72);
INSERT INTO `Participa`(`idSuperheroe`,`idIncidente`) VALUES(19,26);
INSERT INTO `Participa`(`idSuperheroe`,`idIncidente`) VALUES(11,51);
INSERT INTO `Participa`(`idSuperheroe`,`idIncidente`) VALUES(21,81);
INSERT INTO `Participa`(`idSuperheroe`,`idIncidente`) VALUES(29,65);
INSERT INTO `Participa`(`idSuperheroe`,`idIncidente`) VALUES(24,17);
INSERT INTO `Participa`(`idSuperheroe`,`idIncidente`) VALUES(17,73);
INSERT INTO `Participa`(`idSuperheroe`,`idIncidente`) VALUES(28,70);
INSERT INTO `Participa`(`idSuperheroe`,`idIncidente`) VALUES(0,132);
INSERT INTO `Participa`(`idSuperheroe`,`idIncidente`) VALUES(0,12);
INSERT INTO `Participa`(`idSuperheroe`,`idIncidente`) VALUES(6,116);
INSERT INTO `Participa`(`idSuperheroe`,`idIncidente`) VALUES(15,21);
INSERT INTO `Participa`(`idSuperheroe`,`idIncidente`) VALUES(5,4);
INSERT INTO `Participa`(`idSuperheroe`,`idIncidente`) VALUES(18,24);
INSERT INTO `Participa`(`idSuperheroe`,`idIncidente`) VALUES(10,54);
INSERT INTO `Participa`(`idSuperheroe`,`idIncidente`) VALUES(23,32);
INSERT INTO `Participa`(`idSuperheroe`,`idIncidente`) VALUES(8,80);
INSERT INTO `Participa`(`idSuperheroe`,`idIncidente`) VALUES(0,90);
INSERT INTO `Participa`(`idSuperheroe`,`idIncidente`) VALUES(6,71);
INSERT INTO `Participa`(`idSuperheroe`,`idIncidente`) VALUES(4,3);
INSERT INTO `Participa`(`idSuperheroe`,`idIncidente`) VALUES(16,99);
INSERT INTO `Participa`(`idSuperheroe`,`idIncidente`) VALUES(13,20);
INSERT INTO `Participa`(`idSuperheroe`,`idIncidente`) VALUES(26,86);
INSERT INTO `Participa`(`idSuperheroe`,`idIncidente`) VALUES(19,128);
INSERT INTO `Participa`(`idSuperheroe`,`idIncidente`) VALUES(20,22);
INSERT INTO `Participa`(`idSuperheroe`,`idIncidente`) VALUES(0,45);
INSERT INTO `Participa`(`idSuperheroe`,`idIncidente`) VALUES(7,143);
INSERT INTO `Participa`(`idSuperheroe`,`idIncidente`) VALUES(5,46);
INSERT INTO `Participa`(`idSuperheroe`,`idIncidente`) VALUES(27,113);
INSERT INTO `Participa`(`idSuperheroe`,`idIncidente`) VALUES(26,44);
INSERT INTO `Participa`(`idSuperheroe`,`idIncidente`) VALUES(5,119);
INSERT INTO `Participa`(`idSuperheroe`,`idIncidente`) VALUES(28,24);
INSERT INTO `Participa`(`idSuperheroe`,`idIncidente`) VALUES(6,125);
INSERT INTO `Participa`(`idSuperheroe`,`idIncidente`) VALUES(24,61);
INSERT INTO `Participa`(`idSuperheroe`,`idIncidente`) VALUES(2,15);
INSERT INTO `Participa`(`idSuperheroe`,`idIncidente`) VALUES(19,130);
INSERT INTO `Participa`(`idSuperheroe`,`idIncidente`) VALUES(4,80);
INSERT INTO `Participa`(`idSuperheroe`,`idIncidente`) VALUES(6,72);
INSERT INTO `Participa`(`idSuperheroe`,`idIncidente`) VALUES(20,105);
INSERT INTO `Participa`(`idSuperheroe`,`idIncidente`) VALUES(6,112);
INSERT INTO `Participa`(`idSuperheroe`,`idIncidente`) VALUES(17,129);
INSERT INTO `Participa`(`idSuperheroe`,`idIncidente`) VALUES(4,62);
INSERT INTO `Participa`(`idSuperheroe`,`idIncidente`) VALUES(10,122);
INSERT INTO `Participa`(`idSuperheroe`,`idIncidente`) VALUES(6,52);
INSERT INTO `Participa`(`idSuperheroe`,`idIncidente`) VALUES(28,66);
INSERT INTO `Participa`(`idSuperheroe`,`idIncidente`) VALUES(11,140);
INSERT INTO `Participa`(`idSuperheroe`,`idIncidente`) VALUES(27,137);
INSERT INTO `Participa`(`idSuperheroe`,`idIncidente`) VALUES(20,33);
INSERT INTO `Participa`(`idSuperheroe`,`idIncidente`) VALUES(22,37);
INSERT INTO `Participa`(`idSuperheroe`,`idIncidente`) VALUES(27,42);
INSERT INTO `Participa`(`idSuperheroe`,`idIncidente`) VALUES(20,30);
INSERT INTO `Participa`(`idSuperheroe`,`idIncidente`) VALUES(2,32);
INSERT INTO `Participa`(`idSuperheroe`,`idIncidente`) VALUES(14,63);
INSERT INTO `Participa`(`idSuperheroe`,`idIncidente`) VALUES(21,115);
INSERT INTO `Participa`(`idSuperheroe`,`idIncidente`) VALUES(9,111);
INSERT INTO `Participa`(`idSuperheroe`,`idIncidente`) VALUES(4,1);
INSERT INTO `Participa`(`idSuperheroe`,`idIncidente`) VALUES(28,5);
INSERT INTO `Participa`(`idSuperheroe`,`idIncidente`) VALUES(5,120);
INSERT INTO `Participa`(`idSuperheroe`,`idIncidente`) VALUES(23,41);
INSERT INTO `Participa`(`idSuperheroe`,`idIncidente`) VALUES(8,25);
INSERT INTO `Participa`(`idSuperheroe`,`idIncidente`) VALUES(26,136);
INSERT INTO `Participa`(`idSuperheroe`,`idIncidente`) VALUES(12,58);
INSERT INTO `Participa`(`idSuperheroe`,`idIncidente`) VALUES(24,6);
INSERT INTO `Participa`(`idSuperheroe`,`idIncidente`) VALUES(9,132);
INSERT INTO `Participa`(`idSuperheroe`,`idIncidente`) VALUES(29,83);
INSERT INTO `Participa`(`idSuperheroe`,`idIncidente`) VALUES(27,5);
INSERT INTO `Participa`(`idSuperheroe`,`idIncidente`) VALUES(2,136);
INSERT INTO `Participa`(`idSuperheroe`,`idIncidente`) VALUES(16,1);
INSERT INTO `Participa`(`idSuperheroe`,`idIncidente`) VALUES(25,116);
INSERT INTO `Participa`(`idSuperheroe`,`idIncidente`) VALUES(3,45);
INSERT INTO `Participa`(`idSuperheroe`,`idIncidente`) VALUES(6,119);
INSERT INTO `Participa`(`idSuperheroe`,`idIncidente`) VALUES(29,47);
INSERT INTO `Participa`(`idSuperheroe`,`idIncidente`) VALUES(0,86);
INSERT INTO `Participa`(`idSuperheroe`,`idIncidente`) VALUES(3,46);
INSERT INTO `Participa`(`idSuperheroe`,`idIncidente`) VALUES(13,15);
INSERT INTO `Participa`(`idSuperheroe`,`idIncidente`) VALUES(23,47);
INSERT INTO `Participa`(`idSuperheroe`,`idIncidente`) VALUES(22,62);
INSERT INTO `Participa`(`idSuperheroe`,`idIncidente`) VALUES(10,33);
INSERT INTO `Participa`(`idSuperheroe`,`idIncidente`) VALUES(6,27);
INSERT INTO `Participa`(`idSuperheroe`,`idIncidente`) VALUES(17,119);
INSERT INTO `Participa`(`idSuperheroe`,`idIncidente`) VALUES(10,32);
INSERT INTO `Participa`(`idSuperheroe`,`idIncidente`) VALUES(11,52);
INSERT INTO `Participa`(`idSuperheroe`,`idIncidente`) VALUES(21,148);
INSERT INTO `Participa`(`idSuperheroe`,`idIncidente`) VALUES(12,13);
INSERT INTO `Participa`(`idSuperheroe`,`idIncidente`) VALUES(8,0);
INSERT INTO `Participa`(`idSuperheroe`,`idIncidente`) VALUES(11,123);
INSERT INTO `Participa`(`idSuperheroe`,`idIncidente`) VALUES(17,24);
INSERT INTO `Participa`(`idSuperheroe`,`idIncidente`) VALUES(6,74);
INSERT INTO `Participa`(`idSuperheroe`,`idIncidente`) VALUES(24,122);
INSERT INTO `Participa`(`idSuperheroe`,`idIncidente`) VALUES(1,19);
INSERT INTO `Participa`(`idSuperheroe`,`idIncidente`) VALUES(16,145);
INSERT INTO `Participa`(`idSuperheroe`,`idIncidente`) VALUES(8,141);
INSERT INTO `Participa`(`idSuperheroe`,`idIncidente`) VALUES(6,0);
INSERT INTO `Participa`(`idSuperheroe`,`idIncidente`) VALUES(4,93);
INSERT INTO `Participa`(`idSuperheroe`,`idIncidente`) VALUES(7,61);
INSERT INTO `Participa`(`idSuperheroe`,`idIncidente`) VALUES(17,53);
INSERT INTO `Participa`(`idSuperheroe`,`idIncidente`) VALUES(5,68);
INSERT INTO `Participa`(`idSuperheroe`,`idIncidente`) VALUES(2,27);
INSERT INTO `Participa`(`idSuperheroe`,`idIncidente`) VALUES(21,46);
INSERT INTO `Participa`(`idSuperheroe`,`idIncidente`) VALUES(16,27);
INSERT INTO `Participa`(`idSuperheroe`,`idIncidente`) VALUES(13,89);
INSERT INTO `Participa`(`idSuperheroe`,`idIncidente`) VALUES(22,73);
INSERT INTO `Participa`(`idSuperheroe`,`idIncidente`) VALUES(17,7);
INSERT INTO `Participa`(`idSuperheroe`,`idIncidente`) VALUES(8,112);
INSERT INTO `Participa`(`idSuperheroe`,`idIncidente`) VALUES(11,121);
INSERT INTO `Participa`(`idSuperheroe`,`idIncidente`) VALUES(15,44);
INSERT INTO `Participa`(`idSuperheroe`,`idIncidente`) VALUES(0,22);
INSERT INTO `Participa`(`idSuperheroe`,`idIncidente`) VALUES(28,36);
INSERT INTO `Participa`(`idSuperheroe`,`idIncidente`) VALUES(7,47);
INSERT INTO `Participa`(`idSuperheroe`,`idIncidente`) VALUES(0,101);
INSERT INTO `Participa`(`idSuperheroe`,`idIncidente`) VALUES(18,123);
INSERT INTO `Participa`(`idSuperheroe`,`idIncidente`) VALUES(24,111);
INSERT INTO `Participa`(`idSuperheroe`,`idIncidente`) VALUES(9,119);
INSERT INTO `Participa`(`idSuperheroe`,`idIncidente`) VALUES(29,76);
INSERT INTO `Participa`(`idSuperheroe`,`idIncidente`) VALUES(28,83);
INSERT INTO `Participa`(`idSuperheroe`,`idIncidente`) VALUES(13,4);
INSERT INTO `Participa`(`idSuperheroe`,`idIncidente`) VALUES(16,64);
INSERT INTO `Participa`(`idSuperheroe`,`idIncidente`) VALUES(11,122);
INSERT INTO `Participa`(`idSuperheroe`,`idIncidente`) VALUES(26,53);
INSERT INTO `Participa`(`idSuperheroe`,`idIncidente`) VALUES(4,63);
INSERT INTO `Participa`(`idSuperheroe`,`idIncidente`) VALUES(17,99);
INSERT INTO `Participa`(`idSuperheroe`,`idIncidente`) VALUES(13,16);
INSERT INTO `Participa`(`idSuperheroe`,`idIncidente`) VALUES(17,16);
INSERT INTO `Participa`(`idSuperheroe`,`idIncidente`) VALUES(23,93);
INSERT INTO `Participa`(`idSuperheroe`,`idIncidente`) VALUES(18,132);
INSERT INTO `Participa`(`idSuperheroe`,`idIncidente`) VALUES(10,111);
INSERT INTO `Participa`(`idSuperheroe`,`idIncidente`) VALUES(20,48);
INSERT INTO `Participa`(`idSuperheroe`,`idIncidente`) VALUES(14,135);
INSERT INTO `Participa`(`idSuperheroe`,`idIncidente`) VALUES(21,30);
INSERT INTO `Participa`(`idSuperheroe`,`idIncidente`) VALUES(8,91);
INSERT INTO `Participa`(`idSuperheroe`,`idIncidente`) VALUES(23,118);
INSERT INTO `Participa`(`idSuperheroe`,`idIncidente`) VALUES(26,71);
INSERT INTO `Participa`(`idSuperheroe`,`idIncidente`) VALUES(12,14);
INSERT INTO `Participa`(`idSuperheroe`,`idIncidente`) VALUES(21,47);
INSERT INTO `Participa`(`idSuperheroe`,`idIncidente`) VALUES(3,102);
INSERT INTO `Participa`(`idSuperheroe`,`idIncidente`) VALUES(23,94);
INSERT INTO `Participa`(`idSuperheroe`,`idIncidente`) VALUES(26,72);
INSERT INTO `Participa`(`idSuperheroe`,`idIncidente`) VALUES(16,14);
INSERT INTO `Participa`(`idSuperheroe`,`idIncidente`) VALUES(15,32);
INSERT INTO `Participa`(`idSuperheroe`,`idIncidente`) VALUES(15,68);
INSERT INTO `Participa`(`idSuperheroe`,`idIncidente`) VALUES(13,56);
INSERT INTO `Participa`(`idSuperheroe`,`idIncidente`) VALUES(21,117);
INSERT INTO `Participa`(`idSuperheroe`,`idIncidente`) VALUES(12,49);
INSERT INTO `Participa`(`idSuperheroe`,`idIncidente`) VALUES(15,98);
INSERT INTO `Participa`(`idSuperheroe`,`idIncidente`) VALUES(13,108);
INSERT INTO `Participa`(`idSuperheroe`,`idIncidente`) VALUES(20,14);
INSERT INTO `Participa`(`idSuperheroe`,`idIncidente`) VALUES(3,92);
INSERT INTO `Participa`(`idSuperheroe`,`idIncidente`) VALUES(15,129);
INSERT INTO `Participa`(`idSuperheroe`,`idIncidente`) VALUES(9,113);
INSERT INTO `Participa`(`idSuperheroe`,`idIncidente`) VALUES(13,115);
INSERT INTO `Participa`(`idSuperheroe`,`idIncidente`) VALUES(2,55);
INSERT INTO `Participa`(`idSuperheroe`,`idIncidente`) VALUES(15,39);
INSERT INTO `Participa`(`idSuperheroe`,`idIncidente`) VALUES(27,57);
INSERT INTO `Participa`(`idSuperheroe`,`idIncidente`) VALUES(1,148);
INSERT INTO `Participa`(`idSuperheroe`,`idIncidente`) VALUES(14,130);
INSERT INTO `Participa`(`idSuperheroe`,`idIncidente`) VALUES(16,38);
INSERT INTO `Participa`(`idSuperheroe`,`idIncidente`) VALUES(13,138);
INSERT INTO `Participa`(`idSuperheroe`,`idIncidente`) VALUES(17,107);
INSERT INTO `Participa`(`idSuperheroe`,`idIncidente`) VALUES(2,142);
INSERT INTO `Participa`(`idSuperheroe`,`idIncidente`) VALUES(17,20);
INSERT INTO `Participa`(`idSuperheroe`,`idIncidente`) VALUES(17,86);
INSERT INTO `Participa`(`idSuperheroe`,`idIncidente`) VALUES(20,88);
INSERT INTO `Participa`(`idSuperheroe`,`idIncidente`) VALUES(21,99);
INSERT INTO `Participa`(`idSuperheroe`,`idIncidente`) VALUES(10,127);
INSERT INTO `Participa`(`idSuperheroe`,`idIncidente`) VALUES(5,104);
INSERT INTO `Participa`(`idSuperheroe`,`idIncidente`) VALUES(4,101);
INSERT INTO `Participa`(`idSuperheroe`,`idIncidente`) VALUES(14,43);
INSERT INTO `Participa`(`idSuperheroe`,`idIncidente`) VALUES(28,144);
INSERT INTO `Participa`(`idSuperheroe`,`idIncidente`) VALUES(12,8);
INSERT INTO `Participa`(`idSuperheroe`,`idIncidente`) VALUES(15,108);
INSERT INTO `Participa`(`idSuperheroe`,`idIncidente`) VALUES(17,140);
INSERT INTO `Participa`(`idSuperheroe`,`idIncidente`) VALUES(27,32);
INSERT INTO `Participa`(`idSuperheroe`,`idIncidente`) VALUES(13,23);
INSERT INTO `Participa`(`idSuperheroe`,`idIncidente`) VALUES(1,47);
INSERT INTO `Participa`(`idSuperheroe`,`idIncidente`) VALUES(0,120);
INSERT INTO `Participa`(`idSuperheroe`,`idIncidente`) VALUES(27,18);
INSERT INTO `Participa`(`idSuperheroe`,`idIncidente`) VALUES(26,113);
INSERT INTO `Participa`(`idSuperheroe`,`idIncidente`) VALUES(11,108);
INSERT INTO `Participa`(`idSuperheroe`,`idIncidente`) VALUES(28,54);
INSERT INTO `Participa`(`idSuperheroe`,`idIncidente`) VALUES(28,147);
INSERT INTO `Participa`(`idSuperheroe`,`idIncidente`) VALUES(29,101);
INSERT INTO `Participa`(`idSuperheroe`,`idIncidente`) VALUES(25,26);
INSERT INTO `Participa`(`idSuperheroe`,`idIncidente`) VALUES(12,119);
INSERT INTO `Participa`(`idSuperheroe`,`idIncidente`) VALUES(19,138);
INSERT INTO `Participa`(`idSuperheroe`,`idIncidente`) VALUES(19,133);
INSERT INTO `Participa`(`idSuperheroe`,`idIncidente`) VALUES(24,64);
INSERT INTO `Participa`(`idSuperheroe`,`idIncidente`) VALUES(11,147);
INSERT INTO `Participa`(`idSuperheroe`,`idIncidente`) VALUES(15,70);


INSERT INTO `Involucra`(`idIncidente`,`idPersona`,`Rol`) VALUES(12,33,"Testigo");
INSERT INTO `Involucra`(`idIncidente`,`idPersona`,`Rol`) VALUES(49,12,"Víctima");
INSERT INTO `Involucra`(`idIncidente`,`idPersona`,`Rol`) VALUES(70,13,"Instigador");
INSERT INTO `Involucra`(`idIncidente`,`idPersona`,`Rol`) VALUES(25,52,"Sospechoso");
INSERT INTO `Involucra`(`idIncidente`,`idPersona`,`Rol`) VALUES(139,18,"Instigador");
INSERT INTO `Involucra`(`idIncidente`,`idPersona`,`Rol`) VALUES(61,73,"Sospechoso");
INSERT INTO `Involucra`(`idIncidente`,`idPersona`,`Rol`) VALUES(93,10,"Instigador");
INSERT INTO `Involucra`(`idIncidente`,`idPersona`,`Rol`) VALUES(112,3,"Testigo");
INSERT INTO `Involucra`(`idIncidente`,`idPersona`,`Rol`) VALUES(27,44,"Víctima");
INSERT INTO `Involucra`(`idIncidente`,`idPersona`,`Rol`) VALUES(30,8,"Testigo");
INSERT INTO `Involucra`(`idIncidente`,`idPersona`,`Rol`) VALUES(11,99,"Sospechoso");
INSERT INTO `Involucra`(`idIncidente`,`idPersona`,`Rol`) VALUES(60,42,"Víctima");
INSERT INTO `Involucra`(`idIncidente`,`idPersona`,`Rol`) VALUES(130,54,"Instigador");
INSERT INTO `Involucra`(`idIncidente`,`idPersona`,`Rol`) VALUES(127,4,"Instigador");
INSERT INTO `Involucra`(`idIncidente`,`idPersona`,`Rol`) VALUES(106,74,"Víctima");
INSERT INTO `Involucra`(`idIncidente`,`idPersona`,`Rol`) VALUES(97,24,"Instigador");
INSERT INTO `Involucra`(`idIncidente`,`idPersona`,`Rol`) VALUES(119,36,"Instigador");
INSERT INTO `Involucra`(`idIncidente`,`idPersona`,`Rol`) VALUES(130,99,"Testigo");
INSERT INTO `Involucra`(`idIncidente`,`idPersona`,`Rol`) VALUES(76,11,"Instigador");
INSERT INTO `Involucra`(`idIncidente`,`idPersona`,`Rol`) VALUES(147,35,"Víctima");
INSERT INTO `Involucra`(`idIncidente`,`idPersona`,`Rol`) VALUES(13,93,"Sospechoso");
INSERT INTO `Involucra`(`idIncidente`,`idPersona`,`Rol`) VALUES(54,6,"Instigador");
INSERT INTO `Involucra`(`idIncidente`,`idPersona`,`Rol`) VALUES(103,74,"Instigador");
INSERT INTO `Involucra`(`idIncidente`,`idPersona`,`Rol`) VALUES(0,69,"Víctima");
INSERT INTO `Involucra`(`idIncidente`,`idPersona`,`Rol`) VALUES(0,64,"Sospechoso");
INSERT INTO `Involucra`(`idIncidente`,`idPersona`,`Rol`) VALUES(65,94,"Testigo");
INSERT INTO `Involucra`(`idIncidente`,`idPersona`,`Rol`) VALUES(129,21,"Víctima");
INSERT INTO `Involucra`(`idIncidente`,`idPersona`,`Rol`) VALUES(115,2,"Instigador");
INSERT INTO `Involucra`(`idIncidente`,`idPersona`,`Rol`) VALUES(81,91,"Sospechoso");
INSERT INTO `Involucra`(`idIncidente`,`idPersona`,`Rol`) VALUES(46,74,"Víctima");
INSERT INTO `Involucra`(`idIncidente`,`idPersona`,`Rol`) VALUES(129,51,"Instigador");
INSERT INTO `Involucra`(`idIncidente`,`idPersona`,`Rol`) VALUES(126,17,"Instigador");
INSERT INTO `Involucra`(`idIncidente`,`idPersona`,`Rol`) VALUES(36,85,"Testigo");
INSERT INTO `Involucra`(`idIncidente`,`idPersona`,`Rol`) VALUES(146,49,"Testigo");
INSERT INTO `Involucra`(`idIncidente`,`idPersona`,`Rol`) VALUES(57,13,"Instigador");
INSERT INTO `Involucra`(`idIncidente`,`idPersona`,`Rol`) VALUES(113,38,"Instigador");
INSERT INTO `Involucra`(`idIncidente`,`idPersona`,`Rol`) VALUES(34,9,"Víctima");
INSERT INTO `Involucra`(`idIncidente`,`idPersona`,`Rol`) VALUES(19,19,"Testigo");
INSERT INTO `Involucra`(`idIncidente`,`idPersona`,`Rol`) VALUES(44,33,"Sospechoso");
INSERT INTO `Involucra`(`idIncidente`,`idPersona`,`Rol`) VALUES(21,95,"Sospechoso");
INSERT INTO `Involucra`(`idIncidente`,`idPersona`,`Rol`) VALUES(71,45,"Víctima");
INSERT INTO `Involucra`(`idIncidente`,`idPersona`,`Rol`) VALUES(123,55,"Víctima");
INSERT INTO `Involucra`(`idIncidente`,`idPersona`,`Rol`) VALUES(137,58,"Instigador");
INSERT INTO `Involucra`(`idIncidente`,`idPersona`,`Rol`) VALUES(148,50,"Víctima");
INSERT INTO `Involucra`(`idIncidente`,`idPersona`,`Rol`) VALUES(47,94,"Testigo");
INSERT INTO `Involucra`(`idIncidente`,`idPersona`,`Rol`) VALUES(31,13,"Víctima");
INSERT INTO `Involucra`(`idIncidente`,`idPersona`,`Rol`) VALUES(23,39,"Sospechoso");
INSERT INTO `Involucra`(`idIncidente`,`idPersona`,`Rol`) VALUES(103,52,"Sospechoso");
INSERT INTO `Involucra`(`idIncidente`,`idPersona`,`Rol`) VALUES(110,21,"Instigador");
INSERT INTO `Involucra`(`idIncidente`,`idPersona`,`Rol`) VALUES(80,93,"Sospechoso");
INSERT INTO `Involucra`(`idIncidente`,`idPersona`,`Rol`) VALUES(144,95,"Instigador");
INSERT INTO `Involucra`(`idIncidente`,`idPersona`,`Rol`) VALUES(0,79,"Sospechoso");
INSERT INTO `Involucra`(`idIncidente`,`idPersona`,`Rol`) VALUES(37,95,"Víctima");
INSERT INTO `Involucra`(`idIncidente`,`idPersona`,`Rol`) VALUES(77,24,"Instigador");
INSERT INTO `Involucra`(`idIncidente`,`idPersona`,`Rol`) VALUES(84,1,"Testigo");
INSERT INTO `Involucra`(`idIncidente`,`idPersona`,`Rol`) VALUES(14,71,"Víctima");
INSERT INTO `Involucra`(`idIncidente`,`idPersona`,`Rol`) VALUES(130,83,"Víctima");
INSERT INTO `Involucra`(`idIncidente`,`idPersona`,`Rol`) VALUES(9,80,"Víctima");
INSERT INTO `Involucra`(`idIncidente`,`idPersona`,`Rol`) VALUES(114,49,"Sospechoso");
INSERT INTO `Involucra`(`idIncidente`,`idPersona`,`Rol`) VALUES(123,14,"Víctima");
INSERT INTO `Involucra`(`idIncidente`,`idPersona`,`Rol`) VALUES(54,7,"Víctima");
INSERT INTO `Involucra`(`idIncidente`,`idPersona`,`Rol`) VALUES(135,71,"Sospechoso");
INSERT INTO `Involucra`(`idIncidente`,`idPersona`,`Rol`) VALUES(99,88,"Instigador");
INSERT INTO `Involucra`(`idIncidente`,`idPersona`,`Rol`) VALUES(133,89,"Sospechoso");
INSERT INTO `Involucra`(`idIncidente`,`idPersona`,`Rol`) VALUES(30,89,"Testigo");
INSERT INTO `Involucra`(`idIncidente`,`idPersona`,`Rol`) VALUES(81,29,"Testigo");
INSERT INTO `Involucra`(`idIncidente`,`idPersona`,`Rol`) VALUES(130,55,"Víctima");
INSERT INTO `Involucra`(`idIncidente`,`idPersona`,`Rol`) VALUES(108,39,"Instigador");
INSERT INTO `Involucra`(`idIncidente`,`idPersona`,`Rol`) VALUES(91,9,"Testigo");
INSERT INTO `Involucra`(`idIncidente`,`idPersona`,`Rol`) VALUES(127,3,"Instigador");
INSERT INTO `Involucra`(`idIncidente`,`idPersona`,`Rol`) VALUES(5,43,"Sospechoso");
INSERT INTO `Involucra`(`idIncidente`,`idPersona`,`Rol`) VALUES(1,93,"Sospechoso");
INSERT INTO `Involucra`(`idIncidente`,`idPersona`,`Rol`) VALUES(17,20,"Instigador");
INSERT INTO `Involucra`(`idIncidente`,`idPersona`,`Rol`) VALUES(106,25,"Sospechoso");
INSERT INTO `Involucra`(`idIncidente`,`idPersona`,`Rol`) VALUES(28,36,"Instigador");
INSERT INTO `Involucra`(`idIncidente`,`idPersona`,`Rol`) VALUES(117,13,"Instigador");
INSERT INTO `Involucra`(`idIncidente`,`idPersona`,`Rol`) VALUES(118,8,"Instigador");
INSERT INTO `Involucra`(`idIncidente`,`idPersona`,`Rol`) VALUES(10,29,"Sospechoso");
INSERT INTO `Involucra`(`idIncidente`,`idPersona`,`Rol`) VALUES(27,87,"Víctima");
INSERT INTO `Involucra`(`idIncidente`,`idPersona`,`Rol`) VALUES(5,77,"Sospechoso");
INSERT INTO `Involucra`(`idIncidente`,`idPersona`,`Rol`) VALUES(88,5,"Instigador");
INSERT INTO `Involucra`(`idIncidente`,`idPersona`,`Rol`) VALUES(81,60,"Sospechoso");
INSERT INTO `Involucra`(`idIncidente`,`idPersona`,`Rol`) VALUES(81,0,"Instigador");
INSERT INTO `Involucra`(`idIncidente`,`idPersona`,`Rol`) VALUES(67,23,"Instigador");
INSERT INTO `Involucra`(`idIncidente`,`idPersona`,`Rol`) VALUES(139,23,"Testigo");
INSERT INTO `Involucra`(`idIncidente`,`idPersona`,`Rol`) VALUES(97,11,"Sospechoso");
INSERT INTO `Involucra`(`idIncidente`,`idPersona`,`Rol`) VALUES(24,97,"Víctima");
INSERT INTO `Involucra`(`idIncidente`,`idPersona`,`Rol`) VALUES(148,23,"Instigador");
INSERT INTO `Involucra`(`idIncidente`,`idPersona`,`Rol`) VALUES(90,96,"Instigador");
INSERT INTO `Involucra`(`idIncidente`,`idPersona`,`Rol`) VALUES(104,87,"Instigador");
INSERT INTO `Involucra`(`idIncidente`,`idPersona`,`Rol`) VALUES(38,74,"Testigo");
INSERT INTO `Involucra`(`idIncidente`,`idPersona`,`Rol`) VALUES(30,12,"Instigador");
INSERT INTO `Involucra`(`idIncidente`,`idPersona`,`Rol`) VALUES(68,18,"Instigador");
INSERT INTO `Involucra`(`idIncidente`,`idPersona`,`Rol`) VALUES(46,42,"Testigo");
INSERT INTO `Involucra`(`idIncidente`,`idPersona`,`Rol`) VALUES(69,2,"Sospechoso");
INSERT INTO `Involucra`(`idIncidente`,`idPersona`,`Rol`) VALUES(25,93,"Testigo");
INSERT INTO `Involucra`(`idIncidente`,`idPersona`,`Rol`) VALUES(70,28,"Sospechoso");
INSERT INTO `Involucra`(`idIncidente`,`idPersona`,`Rol`) VALUES(12,62,"Víctima");
INSERT INTO `Involucra`(`idIncidente`,`idPersona`,`Rol`) VALUES(63,71,"Instigador");
INSERT INTO `Involucra`(`idIncidente`,`idPersona`,`Rol`) VALUES(71,86,"Instigador");
INSERT INTO `Involucra`(`idIncidente`,`idPersona`,`Rol`) VALUES(114,27,"Testigo");
INSERT INTO `Involucra`(`idIncidente`,`idPersona`,`Rol`) VALUES(60,73,"Sospechoso");
INSERT INTO `Involucra`(`idIncidente`,`idPersona`,`Rol`) VALUES(67,26,"Instigador");
INSERT INTO `Involucra`(`idIncidente`,`idPersona`,`Rol`) VALUES(130,89,"Instigador");
INSERT INTO `Involucra`(`idIncidente`,`idPersona`,`Rol`) VALUES(85,57,"Víctima");
INSERT INTO `Involucra`(`idIncidente`,`idPersona`,`Rol`) VALUES(73,54,"Testigo");
INSERT INTO `Involucra`(`idIncidente`,`idPersona`,`Rol`) VALUES(101,39,"Víctima");
INSERT INTO `Involucra`(`idIncidente`,`idPersona`,`Rol`) VALUES(85,24,"Instigador");
INSERT INTO `Involucra`(`idIncidente`,`idPersona`,`Rol`) VALUES(3,78,"Sospechoso");
INSERT INTO `Involucra`(`idIncidente`,`idPersona`,`Rol`) VALUES(18,55,"Víctima");
INSERT INTO `Involucra`(`idIncidente`,`idPersona`,`Rol`) VALUES(47,16,"Víctima");
INSERT INTO `Involucra`(`idIncidente`,`idPersona`,`Rol`) VALUES(97,41,"Víctima");
INSERT INTO `Involucra`(`idIncidente`,`idPersona`,`Rol`) VALUES(128,50,"Víctima");
INSERT INTO `Involucra`(`idIncidente`,`idPersona`,`Rol`) VALUES(67,16,"Sospechoso");
INSERT INTO `Involucra`(`idIncidente`,`idPersona`,`Rol`) VALUES(144,45,"Sospechoso");
INSERT INTO `Involucra`(`idIncidente`,`idPersona`,`Rol`) VALUES(17,91,"Testigo");
INSERT INTO `Involucra`(`idIncidente`,`idPersona`,`Rol`) VALUES(99,72,"Testigo");
INSERT INTO `Involucra`(`idIncidente`,`idPersona`,`Rol`) VALUES(56,64,"Testigo");
INSERT INTO `Involucra`(`idIncidente`,`idPersona`,`Rol`) VALUES(59,33,"Sospechoso");
INSERT INTO `Involucra`(`idIncidente`,`idPersona`,`Rol`) VALUES(74,42,"Testigo");
INSERT INTO `Involucra`(`idIncidente`,`idPersona`,`Rol`) VALUES(89,95,"Instigador");
INSERT INTO `Involucra`(`idIncidente`,`idPersona`,`Rol`) VALUES(111,12,"Instigador");
INSERT INTO `Involucra`(`idIncidente`,`idPersona`,`Rol`) VALUES(116,46,"Sospechoso");
INSERT INTO `Involucra`(`idIncidente`,`idPersona`,`Rol`) VALUES(93,60,"Sospechoso");
INSERT INTO `Involucra`(`idIncidente`,`idPersona`,`Rol`) VALUES(139,6,"Víctima");
INSERT INTO `Involucra`(`idIncidente`,`idPersona`,`Rol`) VALUES(16,56,"Testigo");
INSERT INTO `Involucra`(`idIncidente`,`idPersona`,`Rol`) VALUES(66,17,"Instigador");
INSERT INTO `Involucra`(`idIncidente`,`idPersona`,`Rol`) VALUES(121,33,"Testigo");
INSERT INTO `Involucra`(`idIncidente`,`idPersona`,`Rol`) VALUES(134,86,"Víctima");
INSERT INTO `Involucra`(`idIncidente`,`idPersona`,`Rol`) VALUES(85,82,"Testigo");
INSERT INTO `Involucra`(`idIncidente`,`idPersona`,`Rol`) VALUES(144,49,"Sospechoso");
INSERT INTO `Involucra`(`idIncidente`,`idPersona`,`Rol`) VALUES(99,48,"Instigador");
INSERT INTO `Involucra`(`idIncidente`,`idPersona`,`Rol`) VALUES(7,62,"Instigador");
INSERT INTO `Involucra`(`idIncidente`,`idPersona`,`Rol`) VALUES(77,87,"Testigo");
INSERT INTO `Involucra`(`idIncidente`,`idPersona`,`Rol`) VALUES(33,52,"Instigador");
INSERT INTO `Involucra`(`idIncidente`,`idPersona`,`Rol`) VALUES(129,30,"Víctima");
INSERT INTO `Involucra`(`idIncidente`,`idPersona`,`Rol`) VALUES(148,70,"Víctima");
INSERT INTO `Involucra`(`idIncidente`,`idPersona`,`Rol`) VALUES(1,27,"Testigo");
INSERT INTO `Involucra`(`idIncidente`,`idPersona`,`Rol`) VALUES(67,11,"Sospechoso");
INSERT INTO `Involucra`(`idIncidente`,`idPersona`,`Rol`) VALUES(88,3,"Víctima");
INSERT INTO `Involucra`(`idIncidente`,`idPersona`,`Rol`) VALUES(55,3,"Instigador");
INSERT INTO `Involucra`(`idIncidente`,`idPersona`,`Rol`) VALUES(37,68,"Testigo");
INSERT INTO `Involucra`(`idIncidente`,`idPersona`,`Rol`) VALUES(132,15,"Víctima");
INSERT INTO `Involucra`(`idIncidente`,`idPersona`,`Rol`) VALUES(74,19,"Testigo");
INSERT INTO `Involucra`(`idIncidente`,`idPersona`,`Rol`) VALUES(83,51,"Víctima");
INSERT INTO `Involucra`(`idIncidente`,`idPersona`,`Rol`) VALUES(60,25,"Instigador");
INSERT INTO `Involucra`(`idIncidente`,`idPersona`,`Rol`) VALUES(110,35,"Víctima");
INSERT INTO `Involucra`(`idIncidente`,`idPersona`,`Rol`) VALUES(103,39,"Instigador");
INSERT INTO `Involucra`(`idIncidente`,`idPersona`,`Rol`) VALUES(55,40,"Instigador");
INSERT INTO `Involucra`(`idIncidente`,`idPersona`,`Rol`) VALUES(56,58,"Sospechoso");
INSERT INTO `Involucra`(`idIncidente`,`idPersona`,`Rol`) VALUES(0,89,"Instigador");
INSERT INTO `Involucra`(`idIncidente`,`idPersona`,`Rol`) VALUES(51,20,"Testigo");
INSERT INTO `Involucra`(`idIncidente`,`idPersona`,`Rol`) VALUES(86,88,"Sospechoso");
INSERT INTO `Involucra`(`idIncidente`,`idPersona`,`Rol`) VALUES(36,57,"Víctima");
INSERT INTO `Involucra`(`idIncidente`,`idPersona`,`Rol`) VALUES(42,53,"Sospechoso");
INSERT INTO `Involucra`(`idIncidente`,`idPersona`,`Rol`) VALUES(98,81,"Sospechoso");
INSERT INTO `Involucra`(`idIncidente`,`idPersona`,`Rol`) VALUES(54,32,"Sospechoso");
INSERT INTO `Involucra`(`idIncidente`,`idPersona`,`Rol`) VALUES(133,52,"Sospechoso");
INSERT INTO `Involucra`(`idIncidente`,`idPersona`,`Rol`) VALUES(131,51,"Testigo");
INSERT INTO `Involucra`(`idIncidente`,`idPersona`,`Rol`) VALUES(113,24,"Testigo");
INSERT INTO `Involucra`(`idIncidente`,`idPersona`,`Rol`) VALUES(85,89,"Víctima");
INSERT INTO `Involucra`(`idIncidente`,`idPersona`,`Rol`) VALUES(36,29,"Sospechoso");
INSERT INTO `Involucra`(`idIncidente`,`idPersona`,`Rol`) VALUES(15,66,"Víctima");
INSERT INTO `Involucra`(`idIncidente`,`idPersona`,`Rol`) VALUES(0,46,"Sospechoso");
INSERT INTO `Involucra`(`idIncidente`,`idPersona`,`Rol`) VALUES(28,29,"Víctima");
INSERT INTO `Involucra`(`idIncidente`,`idPersona`,`Rol`) VALUES(140,88,"Instigador");
INSERT INTO `Involucra`(`idIncidente`,`idPersona`,`Rol`) VALUES(12,17,"Instigador");
INSERT INTO `Involucra`(`idIncidente`,`idPersona`,`Rol`) VALUES(52,40,"Testigo");
INSERT INTO `Involucra`(`idIncidente`,`idPersona`,`Rol`) VALUES(109,70,"Sospechoso");
INSERT INTO `Involucra`(`idIncidente`,`idPersona`,`Rol`) VALUES(37,89,"Sospechoso");
INSERT INTO `Involucra`(`idIncidente`,`idPersona`,`Rol`) VALUES(53,71,"Instigador");
INSERT INTO `Involucra`(`idIncidente`,`idPersona`,`Rol`) VALUES(95,59,"Víctima");
INSERT INTO `Involucra`(`idIncidente`,`idPersona`,`Rol`) VALUES(8,79,"Testigo");
INSERT INTO `Involucra`(`idIncidente`,`idPersona`,`Rol`) VALUES(111,21,"Víctima");
INSERT INTO `Involucra`(`idIncidente`,`idPersona`,`Rol`) VALUES(50,12,"Víctima");
INSERT INTO `Involucra`(`idIncidente`,`idPersona`,`Rol`) VALUES(1,94,"Víctima");
INSERT INTO `Involucra`(`idIncidente`,`idPersona`,`Rol`) VALUES(12,56,"Sospechoso");
INSERT INTO `Involucra`(`idIncidente`,`idPersona`,`Rol`) VALUES(63,40,"Instigador");
INSERT INTO `Involucra`(`idIncidente`,`idPersona`,`Rol`) VALUES(16,12,"Sospechoso");
INSERT INTO `Involucra`(`idIncidente`,`idPersona`,`Rol`) VALUES(70,3,"Testigo");
INSERT INTO `Involucra`(`idIncidente`,`idPersona`,`Rol`) VALUES(45,66,"Sospechoso");
INSERT INTO `Involucra`(`idIncidente`,`idPersona`,`Rol`) VALUES(115,85,"Víctima");
INSERT INTO `Involucra`(`idIncidente`,`idPersona`,`Rol`) VALUES(75,43,"Víctima");
INSERT INTO `Involucra`(`idIncidente`,`idPersona`,`Rol`) VALUES(45,98,"Testigo");
INSERT INTO `Involucra`(`idIncidente`,`idPersona`,`Rol`) VALUES(17,30,"Testigo");
INSERT INTO `Involucra`(`idIncidente`,`idPersona`,`Rol`) VALUES(50,7,"Testigo");
INSERT INTO `Involucra`(`idIncidente`,`idPersona`,`Rol`) VALUES(90,78,"Testigo");
INSERT INTO `Involucra`(`idIncidente`,`idPersona`,`Rol`) VALUES(74,6,"Víctima");
INSERT INTO `Involucra`(`idIncidente`,`idPersona`,`Rol`) VALUES(46,23,"Víctima");
INSERT INTO `Involucra`(`idIncidente`,`idPersona`,`Rol`) VALUES(117,73,"Sospechoso");
INSERT INTO `Involucra`(`idIncidente`,`idPersona`,`Rol`) VALUES(91,91,"Testigo");
INSERT INTO `Involucra`(`idIncidente`,`idPersona`,`Rol`) VALUES(40,25,"Sospechoso");
INSERT INTO `Involucra`(`idIncidente`,`idPersona`,`Rol`) VALUES(31,80,"Testigo");
INSERT INTO `Involucra`(`idIncidente`,`idPersona`,`Rol`) VALUES(27,97,"Testigo");
INSERT INTO `Involucra`(`idIncidente`,`idPersona`,`Rol`) VALUES(88,20,"Víctima");
INSERT INTO `Involucra`(`idIncidente`,`idPersona`,`Rol`) VALUES(99,81,"Sospechoso");
INSERT INTO `Involucra`(`idIncidente`,`idPersona`,`Rol`) VALUES(76,1,"Víctima");
INSERT INTO `Involucra`(`idIncidente`,`idPersona`,`Rol`) VALUES(133,80,"Instigador");
INSERT INTO `Involucra`(`idIncidente`,`idPersona`,`Rol`) VALUES(95,84,"Sospechoso");
INSERT INTO `Involucra`(`idIncidente`,`idPersona`,`Rol`) VALUES(143,57,"Instigador");

INSERT INTO `Cerrado`(`idIncidente`) VALUES (0);
INSERT INTO `Proceso`(`idIncidente`) VALUES (1);
INSERT INTO `Cerrado`(`idIncidente`) VALUES (2);
INSERT INTO `Cerrado`(`idIncidente`) VALUES (3);
INSERT INTO `Pendiente`(`idIncidente`) VALUES (4);
INSERT INTO `Cerrado`(`idIncidente`) VALUES (5);
INSERT INTO `Proceso`(`idIncidente`) VALUES (6);
INSERT INTO `Pendiente`(`idIncidente`) VALUES (7);
INSERT INTO `Proceso`(`idIncidente`) VALUES (8);
INSERT INTO `Proceso`(`idIncidente`) VALUES (9);
INSERT INTO `Proceso`(`idIncidente`) VALUES (10);
INSERT INTO `Cerrado`(`idIncidente`) VALUES (11);
INSERT INTO `Proceso`(`idIncidente`) VALUES (12);
INSERT INTO `Cerrado`(`idIncidente`) VALUES (13);
INSERT INTO `Pendiente`(`idIncidente`) VALUES (14);
INSERT INTO `Proceso`(`idIncidente`) VALUES (15);
INSERT INTO `Proceso`(`idIncidente`) VALUES (16);
INSERT INTO `Proceso`(`idIncidente`) VALUES (17);
INSERT INTO `Proceso`(`idIncidente`) VALUES (18);
INSERT INTO `Proceso`(`idIncidente`) VALUES (19);
INSERT INTO `Pendiente`(`idIncidente`) VALUES (20);
INSERT INTO `Proceso`(`idIncidente`) VALUES (21);
INSERT INTO `Proceso`(`idIncidente`) VALUES (22);
INSERT INTO `Pendiente`(`idIncidente`) VALUES (23);
INSERT INTO `Cerrado`(`idIncidente`) VALUES (24);
INSERT INTO `Proceso`(`idIncidente`) VALUES (25);
INSERT INTO `Proceso`(`idIncidente`) VALUES (26);
INSERT INTO `Pendiente`(`idIncidente`) VALUES (27);
INSERT INTO `Proceso`(`idIncidente`) VALUES (28);
INSERT INTO `Cerrado`(`idIncidente`) VALUES (29);
INSERT INTO `Proceso`(`idIncidente`) VALUES (30);
INSERT INTO `Cerrado`(`idIncidente`) VALUES (31);
INSERT INTO `Proceso`(`idIncidente`) VALUES (32);
INSERT INTO `Pendiente`(`idIncidente`) VALUES (33);
INSERT INTO `Proceso`(`idIncidente`) VALUES (34);
INSERT INTO `Cerrado`(`idIncidente`) VALUES (35);
INSERT INTO `Proceso`(`idIncidente`) VALUES (36);
INSERT INTO `Proceso`(`idIncidente`) VALUES (37);
INSERT INTO `Proceso`(`idIncidente`) VALUES (38);
INSERT INTO `Proceso`(`idIncidente`) VALUES (39);
INSERT INTO `Pendiente`(`idIncidente`) VALUES (40);
INSERT INTO `Pendiente`(`idIncidente`) VALUES (41);
INSERT INTO `Proceso`(`idIncidente`) VALUES (42);
INSERT INTO `Pendiente`(`idIncidente`) VALUES (43);
INSERT INTO `Pendiente`(`idIncidente`) VALUES (44);
INSERT INTO `Proceso`(`idIncidente`) VALUES (45);
INSERT INTO `Pendiente`(`idIncidente`) VALUES (46);
INSERT INTO `Proceso`(`idIncidente`) VALUES (47);
INSERT INTO `Pendiente`(`idIncidente`) VALUES (48);
INSERT INTO `Cerrado`(`idIncidente`) VALUES (49);
INSERT INTO `Cerrado`(`idIncidente`) VALUES (50);
INSERT INTO `Pendiente`(`idIncidente`) VALUES (51);
INSERT INTO `Cerrado`(`idIncidente`) VALUES (52);
INSERT INTO `Proceso`(`idIncidente`) VALUES (53);
INSERT INTO `Proceso`(`idIncidente`) VALUES (54);
INSERT INTO `Proceso`(`idIncidente`) VALUES (55);
INSERT INTO `Proceso`(`idIncidente`) VALUES (56);
INSERT INTO `Pendiente`(`idIncidente`) VALUES (57);
INSERT INTO `Proceso`(`idIncidente`) VALUES (58);
INSERT INTO `Proceso`(`idIncidente`) VALUES (59);
INSERT INTO `Proceso`(`idIncidente`) VALUES (60);
INSERT INTO `Cerrado`(`idIncidente`) VALUES (61);
INSERT INTO `Proceso`(`idIncidente`) VALUES (62);
INSERT INTO `Pendiente`(`idIncidente`) VALUES (63);
INSERT INTO `Proceso`(`idIncidente`) VALUES (64);
INSERT INTO `Cerrado`(`idIncidente`) VALUES (65);
INSERT INTO `Cerrado`(`idIncidente`) VALUES (66);
INSERT INTO `Proceso`(`idIncidente`) VALUES (67);
INSERT INTO `Proceso`(`idIncidente`) VALUES (68);
INSERT INTO `Cerrado`(`idIncidente`) VALUES (69);
INSERT INTO `Proceso`(`idIncidente`) VALUES (70);
INSERT INTO `Cerrado`(`idIncidente`) VALUES (71);
INSERT INTO `Pendiente`(`idIncidente`) VALUES (72);
INSERT INTO `Proceso`(`idIncidente`) VALUES (73);
INSERT INTO `Cerrado`(`idIncidente`) VALUES (74);
INSERT INTO `Proceso`(`idIncidente`) VALUES (75);
INSERT INTO `Proceso`(`idIncidente`) VALUES (76);
INSERT INTO `Proceso`(`idIncidente`) VALUES (77);
INSERT INTO `Proceso`(`idIncidente`) VALUES (78);
INSERT INTO `Proceso`(`idIncidente`) VALUES (79);
INSERT INTO `Pendiente`(`idIncidente`) VALUES (80);
INSERT INTO `Proceso`(`idIncidente`) VALUES (81);
INSERT INTO `Proceso`(`idIncidente`) VALUES (82);
INSERT INTO `Pendiente`(`idIncidente`) VALUES (83);
INSERT INTO `Proceso`(`idIncidente`) VALUES (84);
INSERT INTO `Cerrado`(`idIncidente`) VALUES (85);
INSERT INTO `Pendiente`(`idIncidente`) VALUES (86);
INSERT INTO `Proceso`(`idIncidente`) VALUES (87);
INSERT INTO `Cerrado`(`idIncidente`) VALUES (88);
INSERT INTO `Proceso`(`idIncidente`) VALUES (89);
INSERT INTO `Pendiente`(`idIncidente`) VALUES (90);
INSERT INTO `Pendiente`(`idIncidente`) VALUES (91);
INSERT INTO `Cerrado`(`idIncidente`) VALUES (92);
INSERT INTO `Proceso`(`idIncidente`) VALUES (93);
INSERT INTO `Proceso`(`idIncidente`) VALUES (94);
INSERT INTO `Pendiente`(`idIncidente`) VALUES (95);
INSERT INTO `Pendiente`(`idIncidente`) VALUES (96);
INSERT INTO `Proceso`(`idIncidente`) VALUES (97);
INSERT INTO `Proceso`(`idIncidente`) VALUES (98);
INSERT INTO `Proceso`(`idIncidente`) VALUES (99);
INSERT INTO `Proceso`(`idIncidente`) VALUES (100);
INSERT INTO `Proceso`(`idIncidente`) VALUES (101);
INSERT INTO `Proceso`(`idIncidente`) VALUES (102);
INSERT INTO `Pendiente`(`idIncidente`) VALUES (103);
INSERT INTO `Cerrado`(`idIncidente`) VALUES (104);
INSERT INTO `Cerrado`(`idIncidente`) VALUES (105);
INSERT INTO `Cerrado`(`idIncidente`) VALUES (106);
INSERT INTO `Cerrado`(`idIncidente`) VALUES (107);
INSERT INTO `Proceso`(`idIncidente`) VALUES (108);
INSERT INTO `Proceso`(`idIncidente`) VALUES (109);
INSERT INTO `Cerrado`(`idIncidente`) VALUES (110);
INSERT INTO `Proceso`(`idIncidente`) VALUES (111);
INSERT INTO `Cerrado`(`idIncidente`) VALUES (112);
INSERT INTO `Pendiente`(`idIncidente`) VALUES (113);
INSERT INTO `Proceso`(`idIncidente`) VALUES (114);
INSERT INTO `Proceso`(`idIncidente`) VALUES (115);
INSERT INTO `Cerrado`(`idIncidente`) VALUES (116);
INSERT INTO `Proceso`(`idIncidente`) VALUES (117);
INSERT INTO `Proceso`(`idIncidente`) VALUES (118);
INSERT INTO `Proceso`(`idIncidente`) VALUES (119);
INSERT INTO `Proceso`(`idIncidente`) VALUES (120);
INSERT INTO `Proceso`(`idIncidente`) VALUES (121);
INSERT INTO `Pendiente`(`idIncidente`) VALUES (122);
INSERT INTO `Pendiente`(`idIncidente`) VALUES (123);
INSERT INTO `Cerrado`(`idIncidente`) VALUES (124);
INSERT INTO `Proceso`(`idIncidente`) VALUES (125);
INSERT INTO `Cerrado`(`idIncidente`) VALUES (126);
INSERT INTO `Pendiente`(`idIncidente`) VALUES (127);
INSERT INTO `Proceso`(`idIncidente`) VALUES (128);
INSERT INTO `Proceso`(`idIncidente`) VALUES (129);
INSERT INTO `Cerrado`(`idIncidente`) VALUES (130);
INSERT INTO `Proceso`(`idIncidente`) VALUES (131);
INSERT INTO `Pendiente`(`idIncidente`) VALUES (132);
INSERT INTO `Proceso`(`idIncidente`) VALUES (133);
INSERT INTO `Cerrado`(`idIncidente`) VALUES (134);
INSERT INTO `Cerrado`(`idIncidente`) VALUES (135);
INSERT INTO `Proceso`(`idIncidente`) VALUES (136);
INSERT INTO `Pendiente`(`idIncidente`) VALUES (137);
INSERT INTO `Proceso`(`idIncidente`) VALUES (138);
INSERT INTO `Proceso`(`idIncidente`) VALUES (139);
INSERT INTO `Proceso`(`idIncidente`) VALUES (140);
INSERT INTO `Proceso`(`idIncidente`) VALUES (141);
INSERT INTO `Pendiente`(`idIncidente`) VALUES (142);
INSERT INTO `Proceso`(`idIncidente`) VALUES (143);
INSERT INTO `Proceso`(`idIncidente`) VALUES (144);
INSERT INTO `Cerrado`(`idIncidente`) VALUES (145);
INSERT INTO `Proceso`(`idIncidente`) VALUES (146);
INSERT INTO `Cerrado`(`idIncidente`) VALUES (147);
INSERT INTO `Pendiente`(`idIncidente`) VALUES (148);



INSERT INTO `Seguimiento`(`idSeguimiento`,`Fecha`,`Descripcion`,`idIncidente`,`Oficial_num`) VALUES(0,'2018-11-15','Se informa a juzgado',138,32);
INSERT INTO `Seguimiento`(`idSeguimiento`,`Fecha`,`Descripcion`,`idIncidente`,`Oficial_num`) VALUES(1,'2018-11-22','Se impone multa',26,51);
INSERT INTO `Seguimiento`(`idSeguimiento`,`Fecha`,`Descripcion`,`idIncidente`,`Oficial_num`) VALUES(2,'2018-3-21','Pasa de despacho',70,0);
INSERT INTO `Seguimiento`(`idSeguimiento`,`Fecha`,`Descripcion`,`idIncidente`,`Oficial_num`) VALUES(3,'2018-6-12','Se informa a juzgado',119,27);
INSERT INTO `Seguimiento`(`idSeguimiento`,`Fecha`,`Descripcion`,`idIncidente`,`Oficial_num`) VALUES(4,'2018-3-25','Se cita a testigos',59,43);
INSERT INTO `Seguimiento`(`idSeguimiento`,`Fecha`,`Descripcion`,`idIncidente`,`Oficial_num`) VALUES(5,'2018-2-4','Peritos analizan caso',59,24);
INSERT INTO `Seguimiento`(`idSeguimiento`,`Fecha`,`Descripcion`,`idIncidente`,`Oficial_num`) VALUES(6,'2018-5-15','Se informa a juzgado',140,37);
INSERT INTO `Seguimiento`(`idSeguimiento`,`Fecha`,`Descripcion`,`idIncidente`,`Oficial_num`) VALUES(7,'2018-4-22','Se impone condena',25,17);
INSERT INTO `Seguimiento`(`idSeguimiento`,`Fecha`,`Descripcion`,`idIncidente`,`Oficial_num`) VALUES(8,'2018-6-6','Se impone condena',59,54);
INSERT INTO `Seguimiento`(`idSeguimiento`,`Fecha`,`Descripcion`,`idIncidente`,`Oficial_num`) VALUES(9,'2018-10-10','Se toman declaraciones',59,36);
INSERT INTO `Seguimiento`(`idSeguimiento`,`Fecha`,`Descripcion`,`idIncidente`,`Oficial_num`) VALUES(10,'2018-2-10','Se impone multa',101,40);
INSERT INTO `Seguimiento`(`idSeguimiento`,`Fecha`,`Descripcion`,`idIncidente`,`Oficial_num`) VALUES(11,'2018-10-16','Se revisan cámaras de tv',25,12);
INSERT INTO `Seguimiento`(`idSeguimiento`,`Fecha`,`Descripcion`,`idIncidente`,`Oficial_num`) VALUES(12,'2018-11-16','Se impone multa',131,54);
INSERT INTO `Seguimiento`(`idSeguimiento`,`Fecha`,`Descripcion`,`idIncidente`,`Oficial_num`) VALUES(13,'2018-8-4','Se impone condena',54,4);
INSERT INTO `Seguimiento`(`idSeguimiento`,`Fecha`,`Descripcion`,`idIncidente`,`Oficial_num`) VALUES(14,'2018-11-3','Se amplía denuncia',30,12);
INSERT INTO `Seguimiento`(`idSeguimiento`,`Fecha`,`Descripcion`,`idIncidente`,`Oficial_num`) VALUES(15,'2018-6-16','Peritos analizan caso',53,0);
INSERT INTO `Seguimiento`(`idSeguimiento`,`Fecha`,`Descripcion`,`idIncidente`,`Oficial_num`) VALUES(16,'2018-1-28','Se cita a testigos',98,21);
INSERT INTO `Seguimiento`(`idSeguimiento`,`Fecha`,`Descripcion`,`idIncidente`,`Oficial_num`) VALUES(17,'2018-12-5','Pasa de despacho',141,22);
INSERT INTO `Seguimiento`(`idSeguimiento`,`Fecha`,`Descripcion`,`idIncidente`,`Oficial_num`) VALUES(18,'2018-10-10','Se amplía denuncia',129,58);
INSERT INTO `Seguimiento`(`idSeguimiento`,`Fecha`,`Descripcion`,`idIncidente`,`Oficial_num`) VALUES(19,'2018-6-20','Se amplía denuncia',25,44);
INSERT INTO `Seguimiento`(`idSeguimiento`,`Fecha`,`Descripcion`,`idIncidente`,`Oficial_num`) VALUES(20,'2018-1-21','Se revisan cámaras de tv',16,26);
INSERT INTO `Seguimiento`(`idSeguimiento`,`Fecha`,`Descripcion`,`idIncidente`,`Oficial_num`) VALUES(21,'2018-9-8','Peritos analizan caso',55,14);
INSERT INTO `Seguimiento`(`idSeguimiento`,`Fecha`,`Descripcion`,`idIncidente`,`Oficial_num`) VALUES(22,'2018-1-17','Se cita a testigos',59,4);
INSERT INTO `Seguimiento`(`idSeguimiento`,`Fecha`,`Descripcion`,`idIncidente`,`Oficial_num`) VALUES(23,'2018-11-25','Se revisan cámaras de tv',79,0);
INSERT INTO `Seguimiento`(`idSeguimiento`,`Fecha`,`Descripcion`,`idIncidente`,`Oficial_num`) VALUES(24,'2018-1-26','Se toman declaraciones',94,20);
INSERT INTO `Seguimiento`(`idSeguimiento`,`Fecha`,`Descripcion`,`idIncidente`,`Oficial_num`) VALUES(25,'2018-1-4','Se impone multa',140,28);
INSERT INTO `Seguimiento`(`idSeguimiento`,`Fecha`,`Descripcion`,`idIncidente`,`Oficial_num`) VALUES(26,'2018-8-22','Se amplía denuncia',144,35);
INSERT INTO `Seguimiento`(`idSeguimiento`,`Fecha`,`Descripcion`,`idIncidente`,`Oficial_num`) VALUES(27,'2018-4-2','Se amplía denuncia',117,28);
INSERT INTO `Seguimiento`(`idSeguimiento`,`Fecha`,`Descripcion`,`idIncidente`,`Oficial_num`) VALUES(28,'2018-5-10','Se cita a testigos',56,34);
INSERT INTO `Seguimiento`(`idSeguimiento`,`Fecha`,`Descripcion`,`idIncidente`,`Oficial_num`) VALUES(29,'2018-10-9','Se revisan cámaras de tv',42,55);
INSERT INTO `Seguimiento`(`idSeguimiento`,`Fecha`,`Descripcion`,`idIncidente`,`Oficial_num`) VALUES(30,'2018-2-20','Se revisan cámaras de tv',62,32);
INSERT INTO `Seguimiento`(`idSeguimiento`,`Fecha`,`Descripcion`,`idIncidente`,`Oficial_num`) VALUES(31,'2018-4-7','Se impone multa',8,66);
INSERT INTO `Seguimiento`(`idSeguimiento`,`Fecha`,`Descripcion`,`idIncidente`,`Oficial_num`) VALUES(32,'2018-2-7','Se cita a testigos',82,11);
INSERT INTO `Seguimiento`(`idSeguimiento`,`Fecha`,`Descripcion`,`idIncidente`,`Oficial_num`) VALUES(33,'2018-3-12','Se amplía denuncia',26,61);
INSERT INTO `Seguimiento`(`idSeguimiento`,`Fecha`,`Descripcion`,`idIncidente`,`Oficial_num`) VALUES(34,'2018-8-20','Se impone condena',89,32);
INSERT INTO `Seguimiento`(`idSeguimiento`,`Fecha`,`Descripcion`,`idIncidente`,`Oficial_num`) VALUES(35,'2018-1-2','Se informa a juzgado',125,49);
INSERT INTO `Seguimiento`(`idSeguimiento`,`Fecha`,`Descripcion`,`idIncidente`,`Oficial_num`) VALUES(36,'2018-4-6','Se cita a testigos',12,51);
INSERT INTO `Seguimiento`(`idSeguimiento`,`Fecha`,`Descripcion`,`idIncidente`,`Oficial_num`) VALUES(37,'2018-3-2','Peritos analizan caso',17,53);
INSERT INTO `Seguimiento`(`idSeguimiento`,`Fecha`,`Descripcion`,`idIncidente`,`Oficial_num`) VALUES(38,'2018-6-23','Se impone condena',55,62);
INSERT INTO `Seguimiento`(`idSeguimiento`,`Fecha`,`Descripcion`,`idIncidente`,`Oficial_num`) VALUES(39,'2018-8-16','Se amplía denuncia',15,47);
INSERT INTO `Seguimiento`(`idSeguimiento`,`Fecha`,`Descripcion`,`idIncidente`,`Oficial_num`) VALUES(40,'2018-11-17','Se impone condena',54,20);
INSERT INTO `Seguimiento`(`idSeguimiento`,`Fecha`,`Descripcion`,`idIncidente`,`Oficial_num`) VALUES(41,'2018-3-8','Se toman declaraciones',9,67);
INSERT INTO `Seguimiento`(`idSeguimiento`,`Fecha`,`Descripcion`,`idIncidente`,`Oficial_num`) VALUES(42,'2018-5-24','Se revisan cámaras de tv',136,43);
INSERT INTO `Seguimiento`(`idSeguimiento`,`Fecha`,`Descripcion`,`idIncidente`,`Oficial_num`) VALUES(43,'2018-6-17','Pasa de despacho',128,19);
INSERT INTO `Seguimiento`(`idSeguimiento`,`Fecha`,`Descripcion`,`idIncidente`,`Oficial_num`) VALUES(44,'2018-11-27','Se informa a juzgado',93,26);
INSERT INTO `Seguimiento`(`idSeguimiento`,`Fecha`,`Descripcion`,`idIncidente`,`Oficial_num`) VALUES(45,'2018-8-22','Se impone condena',18,33);
INSERT INTO `Seguimiento`(`idSeguimiento`,`Fecha`,`Descripcion`,`idIncidente`,`Oficial_num`) VALUES(46,'2018-8-28','Se cita a testigos',17,53);
INSERT INTO `Seguimiento`(`idSeguimiento`,`Fecha`,`Descripcion`,`idIncidente`,`Oficial_num`) VALUES(47,'2018-11-15','Pasa de despacho',9,48);
INSERT INTO `Seguimiento`(`idSeguimiento`,`Fecha`,`Descripcion`,`idIncidente`,`Oficial_num`) VALUES(48,'2018-12-9','Se amplía denuncia',67,48);
INSERT INTO `Seguimiento`(`idSeguimiento`,`Fecha`,`Descripcion`,`idIncidente`,`Oficial_num`) VALUES(49,'2018-8-8','Se impone condena',129,27);
INSERT INTO `Seguimiento`(`idSeguimiento`,`Fecha`,`Descripcion`,`idIncidente`,`Oficial_num`) VALUES(50,'2018-7-17','Se revisan cámaras de tv',115,26);
INSERT INTO `Seguimiento`(`idSeguimiento`,`Fecha`,`Descripcion`,`idIncidente`,`Oficial_num`) VALUES(51,'2018-7-26','Se informa a juzgado',84,56);
INSERT INTO `Seguimiento`(`idSeguimiento`,`Fecha`,`Descripcion`,`idIncidente`,`Oficial_num`) VALUES(52,'2018-3-17','Se toman declaraciones',118,58);
INSERT INTO `Seguimiento`(`idSeguimiento`,`Fecha`,`Descripcion`,`idIncidente`,`Oficial_num`) VALUES(53,'2018-6-26','Se cita a testigos',45,38);
INSERT INTO `Seguimiento`(`idSeguimiento`,`Fecha`,`Descripcion`,`idIncidente`,`Oficial_num`) VALUES(54,'2018-3-3','Se cita a testigos',34,54);
INSERT INTO `Seguimiento`(`idSeguimiento`,`Fecha`,`Descripcion`,`idIncidente`,`Oficial_num`) VALUES(55,'2018-11-11','Peritos analizan caso',17,61);
INSERT INTO `Seguimiento`(`idSeguimiento`,`Fecha`,`Descripcion`,`idIncidente`,`Oficial_num`) VALUES(56,'2018-5-3','Se amplía denuncia',136,24);
INSERT INTO `Seguimiento`(`idSeguimiento`,`Fecha`,`Descripcion`,`idIncidente`,`Oficial_num`) VALUES(57,'2018-3-10','Se revisan cámaras de tv',64,8);
INSERT INTO `Seguimiento`(`idSeguimiento`,`Fecha`,`Descripcion`,`idIncidente`,`Oficial_num`) VALUES(58,'2018-4-22','Se toman declaraciones',99,46);
INSERT INTO `Seguimiento`(`idSeguimiento`,`Fecha`,`Descripcion`,`idIncidente`,`Oficial_num`) VALUES(59,'2018-7-28','Se impone multa',9,36);
INSERT INTO `Seguimiento`(`idSeguimiento`,`Fecha`,`Descripcion`,`idIncidente`,`Oficial_num`) VALUES(60,'2018-1-22','Se cita a testigos',99,46);
INSERT INTO `Seguimiento`(`idSeguimiento`,`Fecha`,`Descripcion`,`idIncidente`,`Oficial_num`) VALUES(61,'2018-10-19','Se amplía denuncia',38,34);
INSERT INTO `Seguimiento`(`idSeguimiento`,`Fecha`,`Descripcion`,`idIncidente`,`Oficial_num`) VALUES(62,'2018-10-1','Se cita a testigos',136,12);
INSERT INTO `Seguimiento`(`idSeguimiento`,`Fecha`,`Descripcion`,`idIncidente`,`Oficial_num`) VALUES(63,'2018-3-4','Se toman declaraciones',101,21);
INSERT INTO `Seguimiento`(`idSeguimiento`,`Fecha`,`Descripcion`,`idIncidente`,`Oficial_num`) VALUES(64,'2018-4-17','Se cita a testigos',10,64);
INSERT INTO `Seguimiento`(`idSeguimiento`,`Fecha`,`Descripcion`,`idIncidente`,`Oficial_num`) VALUES(65,'2018-4-27','Se impone condena',82,42);
INSERT INTO `Seguimiento`(`idSeguimiento`,`Fecha`,`Descripcion`,`idIncidente`,`Oficial_num`) VALUES(66,'2018-12-12','Se impone multa',12,40);
INSERT INTO `Seguimiento`(`idSeguimiento`,`Fecha`,`Descripcion`,`idIncidente`,`Oficial_num`) VALUES(67,'2018-6-25','Pasa de despacho',56,61);
INSERT INTO `Seguimiento`(`idSeguimiento`,`Fecha`,`Descripcion`,`idIncidente`,`Oficial_num`) VALUES(68,'2018-1-26','Se revisan cámaras de tv',70,64);
INSERT INTO `Seguimiento`(`idSeguimiento`,`Fecha`,`Descripcion`,`idIncidente`,`Oficial_num`) VALUES(69,'2018-3-5','Se informa a juzgado',30,51);
INSERT INTO `Seguimiento`(`idSeguimiento`,`Fecha`,`Descripcion`,`idIncidente`,`Oficial_num`) VALUES(70,'2018-6-9','Se informa a juzgado',78,32);
INSERT INTO `Seguimiento`(`idSeguimiento`,`Fecha`,`Descripcion`,`idIncidente`,`Oficial_num`) VALUES(71,'2018-4-6','Peritos analizan caso',76,25);
INSERT INTO `Seguimiento`(`idSeguimiento`,`Fecha`,`Descripcion`,`idIncidente`,`Oficial_num`) VALUES(72,'2018-8-14','Se amplía denuncia',78,62);
INSERT INTO `Seguimiento`(`idSeguimiento`,`Fecha`,`Descripcion`,`idIncidente`,`Oficial_num`) VALUES(73,'2018-5-25','Se impone condena',6,36);
INSERT INTO `Seguimiento`(`idSeguimiento`,`Fecha`,`Descripcion`,`idIncidente`,`Oficial_num`) VALUES(74,'2018-4-28','Se cita a testigos',62,0);
INSERT INTO `Seguimiento`(`idSeguimiento`,`Fecha`,`Descripcion`,`idIncidente`,`Oficial_num`) VALUES(75,'2018-2-2','Se toman declaraciones',87,32);
INSERT INTO `Seguimiento`(`idSeguimiento`,`Fecha`,`Descripcion`,`idIncidente`,`Oficial_num`) VALUES(76,'2018-10-12','Se amplía denuncia',141,26);
INSERT INTO `Seguimiento`(`idSeguimiento`,`Fecha`,`Descripcion`,`idIncidente`,`Oficial_num`) VALUES(77,'2018-8-22','Se informa a juzgado',89,9);
INSERT INTO `Seguimiento`(`idSeguimiento`,`Fecha`,`Descripcion`,`idIncidente`,`Oficial_num`) VALUES(78,'2018-8-7','Se toman declaraciones',146,36);
INSERT INTO `Seguimiento`(`idSeguimiento`,`Fecha`,`Descripcion`,`idIncidente`,`Oficial_num`) VALUES(79,'2018-1-16','Se impone multa',93,25);
INSERT INTO `Seguimiento`(`idSeguimiento`,`Fecha`,`Descripcion`,`idIncidente`,`Oficial_num`) VALUES(80,'2018-3-11','Se toman declaraciones',1,61);
INSERT INTO `Seguimiento`(`idSeguimiento`,`Fecha`,`Descripcion`,`idIncidente`,`Oficial_num`) VALUES(81,'2018-5-7','Se amplía denuncia',75,13);
INSERT INTO `Seguimiento`(`idSeguimiento`,`Fecha`,`Descripcion`,`idIncidente`,`Oficial_num`) VALUES(82,'2018-11-8','Se toman declaraciones',16,23);
INSERT INTO `Seguimiento`(`idSeguimiento`,`Fecha`,`Descripcion`,`idIncidente`,`Oficial_num`) VALUES(83,'2018-11-18','Se impone condena',54,11);
INSERT INTO `Seguimiento`(`idSeguimiento`,`Fecha`,`Descripcion`,`idIncidente`,`Oficial_num`) VALUES(84,'2018-3-19','Se cita a testigos',94,53);
INSERT INTO `Seguimiento`(`idSeguimiento`,`Fecha`,`Descripcion`,`idIncidente`,`Oficial_num`) VALUES(85,'2018-9-8','Peritos analizan caso',120,22);
INSERT INTO `Seguimiento`(`idSeguimiento`,`Fecha`,`Descripcion`,`idIncidente`,`Oficial_num`) VALUES(86,'2018-8-13','Se amplía denuncia',45,59);
INSERT INTO `Seguimiento`(`idSeguimiento`,`Fecha`,`Descripcion`,`idIncidente`,`Oficial_num`) VALUES(87,'2018-7-13','Se toman declaraciones',16,5);
INSERT INTO `Seguimiento`(`idSeguimiento`,`Fecha`,`Descripcion`,`idIncidente`,`Oficial_num`) VALUES(88,'2018-10-11','Se impone condena',47,15);
INSERT INTO `Seguimiento`(`idSeguimiento`,`Fecha`,`Descripcion`,`idIncidente`,`Oficial_num`) VALUES(89,'2018-7-2','Se cita a testigos',16,46);
INSERT INTO `Seguimiento`(`idSeguimiento`,`Fecha`,`Descripcion`,`idIncidente`,`Oficial_num`) VALUES(90,'2018-3-24','Se cita a testigos',22,12);
INSERT INTO `Seguimiento`(`idSeguimiento`,`Fecha`,`Descripcion`,`idIncidente`,`Oficial_num`) VALUES(91,'2018-3-20','Pasa de despacho',36,7);
INSERT INTO `Seguimiento`(`idSeguimiento`,`Fecha`,`Descripcion`,`idIncidente`,`Oficial_num`) VALUES(92,'2018-9-22','Se amplía denuncia',42,11);
INSERT INTO `Seguimiento`(`idSeguimiento`,`Fecha`,`Descripcion`,`idIncidente`,`Oficial_num`) VALUES(93,'2018-11-6','Pasa de despacho',138,11);
INSERT INTO `Seguimiento`(`idSeguimiento`,`Fecha`,`Descripcion`,`idIncidente`,`Oficial_num`) VALUES(94,'2018-1-19','Se toman declaraciones',121,56);
INSERT INTO `Seguimiento`(`idSeguimiento`,`Fecha`,`Descripcion`,`idIncidente`,`Oficial_num`) VALUES(95,'2018-11-14','Se amplía denuncia',42,62);
INSERT INTO `Seguimiento`(`idSeguimiento`,`Fecha`,`Descripcion`,`idIncidente`,`Oficial_num`) VALUES(96,'2018-12-6','Se informa a juzgado',118,35);
INSERT INTO `Seguimiento`(`idSeguimiento`,`Fecha`,`Descripcion`,`idIncidente`,`Oficial_num`) VALUES(97,'2018-7-6','Se impone multa',16,32);
INSERT INTO `Seguimiento`(`idSeguimiento`,`Fecha`,`Descripcion`,`idIncidente`,`Oficial_num`) VALUES(98,'2018-5-12','Peritos analizan caso',144,4);
INSERT INTO `Seguimiento`(`idSeguimiento`,`Fecha`,`Descripcion`,`idIncidente`,`Oficial_num`) VALUES(99,'2018-10-12','Se cita a testigos',144,45);
INSERT INTO `Seguimiento`(`idSeguimiento`,`Fecha`,`Descripcion`,`idIncidente`,`Oficial_num`) VALUES(100,'2018-1-20','Se amplía denuncia',84,68);
INSERT INTO `Seguimiento`(`idSeguimiento`,`Fecha`,`Descripcion`,`idIncidente`,`Oficial_num`) VALUES(101,'2018-4-24','Se impone multa',98,36);
INSERT INTO `Seguimiento`(`idSeguimiento`,`Fecha`,`Descripcion`,`idIncidente`,`Oficial_num`) VALUES(102,'2018-3-3','Se revisan cámaras de tv',59,28);
INSERT INTO `Seguimiento`(`idSeguimiento`,`Fecha`,`Descripcion`,`idIncidente`,`Oficial_num`) VALUES(103,'2018-7-24','Peritos analizan caso',45,12);
INSERT INTO `Seguimiento`(`idSeguimiento`,`Fecha`,`Descripcion`,`idIncidente`,`Oficial_num`) VALUES(104,'2018-4-9','Se cita a testigos',59,57);
INSERT INTO `Seguimiento`(`idSeguimiento`,`Fecha`,`Descripcion`,`idIncidente`,`Oficial_num`) VALUES(105,'2018-6-1','Pasa de despacho',89,39);
INSERT INTO `Seguimiento`(`idSeguimiento`,`Fecha`,`Descripcion`,`idIncidente`,`Oficial_num`) VALUES(106,'2018-10-23','Se toman declaraciones',111,10);
INSERT INTO `Seguimiento`(`idSeguimiento`,`Fecha`,`Descripcion`,`idIncidente`,`Oficial_num`) VALUES(107,'2018-9-10','Se informa a juzgado',118,32);
INSERT INTO `Seguimiento`(`idSeguimiento`,`Fecha`,`Descripcion`,`idIncidente`,`Oficial_num`) VALUES(108,'2018-9-26','Se revisan cámaras de tv',75,30);
INSERT INTO `Seguimiento`(`idSeguimiento`,`Fecha`,`Descripcion`,`idIncidente`,`Oficial_num`) VALUES(109,'2018-11-25','Se cita a testigos',94,23);
INSERT INTO `Seguimiento`(`idSeguimiento`,`Fecha`,`Descripcion`,`idIncidente`,`Oficial_num`) VALUES(110,'2018-12-7','Se amplía denuncia',138,40);
INSERT INTO `Seguimiento`(`idSeguimiento`,`Fecha`,`Descripcion`,`idIncidente`,`Oficial_num`) VALUES(111,'2018-11-18','Peritos analizan caso',111,28);
INSERT INTO `Seguimiento`(`idSeguimiento`,`Fecha`,`Descripcion`,`idIncidente`,`Oficial_num`) VALUES(112,'2018-1-27','Se impone condena',109,15);
INSERT INTO `Seguimiento`(`idSeguimiento`,`Fecha`,`Descripcion`,`idIncidente`,`Oficial_num`) VALUES(113,'2018-12-20','Se impone condena',62,18);
INSERT INTO `Seguimiento`(`idSeguimiento`,`Fecha`,`Descripcion`,`idIncidente`,`Oficial_num`) VALUES(114,'2018-3-17','Se informa a juzgado',1,15);
INSERT INTO `Seguimiento`(`idSeguimiento`,`Fecha`,`Descripcion`,`idIncidente`,`Oficial_num`) VALUES(115,'2018-7-24','Se revisan cámaras de tv',94,2);
INSERT INTO `Seguimiento`(`idSeguimiento`,`Fecha`,`Descripcion`,`idIncidente`,`Oficial_num`) VALUES(116,'2018-2-13','Peritos analizan caso',144,39);
INSERT INTO `Seguimiento`(`idSeguimiento`,`Fecha`,`Descripcion`,`idIncidente`,`Oficial_num`) VALUES(117,'2018-10-3','Pasa de despacho',138,51);
INSERT INTO `Seguimiento`(`idSeguimiento`,`Fecha`,`Descripcion`,`idIncidente`,`Oficial_num`) VALUES(118,'2018-12-20','Se toman declaraciones',119,9);
INSERT INTO `Seguimiento`(`idSeguimiento`,`Fecha`,`Descripcion`,`idIncidente`,`Oficial_num`) VALUES(119,'2018-7-24','Se cita a testigos',75,66);
INSERT INTO `Seguimiento`(`idSeguimiento`,`Fecha`,`Descripcion`,`idIncidente`,`Oficial_num`) VALUES(120,'2018-12-24','Peritos analizan caso',136,62);
INSERT INTO `Seguimiento`(`idSeguimiento`,`Fecha`,`Descripcion`,`idIncidente`,`Oficial_num`) VALUES(121,'2018-8-7','Se revisan cámaras de tv',120,9);
INSERT INTO `Seguimiento`(`idSeguimiento`,`Fecha`,`Descripcion`,`idIncidente`,`Oficial_num`) VALUES(122,'2018-1-4','Se toman declaraciones',45,54);
INSERT INTO `Seguimiento`(`idSeguimiento`,`Fecha`,`Descripcion`,`idIncidente`,`Oficial_num`) VALUES(123,'2018-8-25','Peritos analizan caso',79,38);
INSERT INTO `Seguimiento`(`idSeguimiento`,`Fecha`,`Descripcion`,`idIncidente`,`Oficial_num`) VALUES(124,'2018-5-24','Se toman declaraciones',64,4);
INSERT INTO `Seguimiento`(`idSeguimiento`,`Fecha`,`Descripcion`,`idIncidente`,`Oficial_num`) VALUES(125,'2018-6-17','Se cita a testigos',6,68);
INSERT INTO `Seguimiento`(`idSeguimiento`,`Fecha`,`Descripcion`,`idIncidente`,`Oficial_num`) VALUES(126,'2018-4-5','Se informa a juzgado',10,11);
INSERT INTO `Seguimiento`(`idSeguimiento`,`Fecha`,`Descripcion`,`idIncidente`,`Oficial_num`) VALUES(127,'2018-4-2','Se toman declaraciones',118,0);
INSERT INTO `Seguimiento`(`idSeguimiento`,`Fecha`,`Descripcion`,`idIncidente`,`Oficial_num`) VALUES(128,'2018-6-2','Se impone multa',133,12);
INSERT INTO `Seguimiento`(`idSeguimiento`,`Fecha`,`Descripcion`,`idIncidente`,`Oficial_num`) VALUES(129,'2018-1-19','Se informa a juzgado',120,54);
INSERT INTO `Seguimiento`(`idSeguimiento`,`Fecha`,`Descripcion`,`idIncidente`,`Oficial_num`) VALUES(130,'2018-10-22','Se impone multa',133,36);
INSERT INTO `Seguimiento`(`idSeguimiento`,`Fecha`,`Descripcion`,`idIncidente`,`Oficial_num`) VALUES(131,'2018-10-14','Se informa a juzgado',140,11);
INSERT INTO `Seguimiento`(`idSeguimiento`,`Fecha`,`Descripcion`,`idIncidente`,`Oficial_num`) VALUES(132,'2018-7-27','Se informa a juzgado',56,13);
INSERT INTO `Seguimiento`(`idSeguimiento`,`Fecha`,`Descripcion`,`idIncidente`,`Oficial_num`) VALUES(133,'2018-12-9','Se cita a testigos',89,68);
INSERT INTO `Seguimiento`(`idSeguimiento`,`Fecha`,`Descripcion`,`idIncidente`,`Oficial_num`) VALUES(134,'2018-1-4','Pasa de despacho',9,53);
INSERT INTO `Seguimiento`(`idSeguimiento`,`Fecha`,`Descripcion`,`idIncidente`,`Oficial_num`) VALUES(135,'2018-5-4','Peritos analizan caso',64,2);
INSERT INTO `Seguimiento`(`idSeguimiento`,`Fecha`,`Descripcion`,`idIncidente`,`Oficial_num`) VALUES(136,'2018-2-15','Se impone condena',25,50);
INSERT INTO `Seguimiento`(`idSeguimiento`,`Fecha`,`Descripcion`,`idIncidente`,`Oficial_num`) VALUES(137,'2018-1-14','Pasa de despacho',30,67);
INSERT INTO `Seguimiento`(`idSeguimiento`,`Fecha`,`Descripcion`,`idIncidente`,`Oficial_num`) VALUES(138,'2018-10-10','Se informa a juzgado',53,10);
INSERT INTO `Seguimiento`(`idSeguimiento`,`Fecha`,`Descripcion`,`idIncidente`,`Oficial_num`) VALUES(139,'2018-10-11','Se revisan cámaras de tv',18,20);
INSERT INTO `Seguimiento`(`idSeguimiento`,`Fecha`,`Descripcion`,`idIncidente`,`Oficial_num`) VALUES(140,'2018-3-27','Se revisan cámaras de tv',115,45);
INSERT INTO `Seguimiento`(`idSeguimiento`,`Fecha`,`Descripcion`,`idIncidente`,`Oficial_num`) VALUES(141,'2018-12-10','Se informa a juzgado',78,36);
INSERT INTO `Seguimiento`(`idSeguimiento`,`Fecha`,`Descripcion`,`idIncidente`,`Oficial_num`) VALUES(142,'2018-8-21','Se impone multa',144,57);
INSERT INTO `Seguimiento`(`idSeguimiento`,`Fecha`,`Descripcion`,`idIncidente`,`Oficial_num`) VALUES(143,'2018-5-11','Se impone condena',28,14);
INSERT INTO `Seguimiento`(`idSeguimiento`,`Fecha`,`Descripcion`,`idIncidente`,`Oficial_num`) VALUES(144,'2018-3-28','Pasa de despacho',10,34);
INSERT INTO `Seguimiento`(`idSeguimiento`,`Fecha`,`Descripcion`,`idIncidente`,`Oficial_num`) VALUES(145,'2018-1-15','Se amplía denuncia',120,28);
INSERT INTO `Seguimiento`(`idSeguimiento`,`Fecha`,`Descripcion`,`idIncidente`,`Oficial_num`) VALUES(146,'2018-10-21','Pasa de despacho',146,18);
INSERT INTO `Seguimiento`(`idSeguimiento`,`Fecha`,`Descripcion`,`idIncidente`,`Oficial_num`) VALUES(147,'2018-11-24','Se informa a juzgado',17,44);
INSERT INTO `Seguimiento`(`idSeguimiento`,`Fecha`,`Descripcion`,`idIncidente`,`Oficial_num`) VALUES(148,'2018-11-23','Se impone condena',32,9);
INSERT INTO `Seguimiento`(`idSeguimiento`,`Fecha`,`Descripcion`,`idIncidente`,`Oficial_num`) VALUES(149,'2018-8-27','Se impone multa',1,20);
INSERT INTO `Seguimiento`(`idSeguimiento`,`Fecha`,`Descripcion`,`idIncidente`,`Oficial_num`) VALUES(150,'2018-1-15','Peritos analizan caso',133,69);
INSERT INTO `Seguimiento`(`idSeguimiento`,`Fecha`,`Descripcion`,`idIncidente`,`Oficial_num`) VALUES(151,'2018-3-12','Se informa a juzgado',117,23);
INSERT INTO `Seguimiento`(`idSeguimiento`,`Fecha`,`Descripcion`,`idIncidente`,`Oficial_num`) VALUES(152,'2018-8-6','Se toman declaraciones',143,22);
INSERT INTO `Seguimiento`(`idSeguimiento`,`Fecha`,`Descripcion`,`idIncidente`,`Oficial_num`) VALUES(153,'2018-11-6','Se impone multa',60,5);
INSERT INTO `Seguimiento`(`idSeguimiento`,`Fecha`,`Descripcion`,`idIncidente`,`Oficial_num`) VALUES(154,'2018-11-25','Pasa de despacho',17,68);
INSERT INTO `Seguimiento`(`idSeguimiento`,`Fecha`,`Descripcion`,`idIncidente`,`Oficial_num`) VALUES(155,'2018-2-2','Se impone condena',87,49);
INSERT INTO `Seguimiento`(`idSeguimiento`,`Fecha`,`Descripcion`,`idIncidente`,`Oficial_num`) VALUES(156,'2018-1-9','Se revisan cámaras de tv',146,42);
INSERT INTO `Seguimiento`(`idSeguimiento`,`Fecha`,`Descripcion`,`idIncidente`,`Oficial_num`) VALUES(157,'2018-8-5','Se revisan cámaras de tv',38,38);
INSERT INTO `Seguimiento`(`idSeguimiento`,`Fecha`,`Descripcion`,`idIncidente`,`Oficial_num`) VALUES(158,'2018-12-26','Pasa de despacho',133,44);
INSERT INTO `Seguimiento`(`idSeguimiento`,`Fecha`,`Descripcion`,`idIncidente`,`Oficial_num`) VALUES(159,'2018-4-24','Se cita a testigos',76,54);
INSERT INTO `Seguimiento`(`idSeguimiento`,`Fecha`,`Descripcion`,`idIncidente`,`Oficial_num`) VALUES(160,'2018-4-17','Pasa de despacho',79,51);
INSERT INTO `Seguimiento`(`idSeguimiento`,`Fecha`,`Descripcion`,`idIncidente`,`Oficial_num`) VALUES(161,'2018-4-4','Se impone multa',53,56);
INSERT INTO `Seguimiento`(`idSeguimiento`,`Fecha`,`Descripcion`,`idIncidente`,`Oficial_num`) VALUES(162,'2018-12-20','Se revisan cámaras de tv',115,22);
INSERT INTO `Seguimiento`(`idSeguimiento`,`Fecha`,`Descripcion`,`idIncidente`,`Oficial_num`) VALUES(163,'2018-10-15','Se cita a testigos',56,1);
INSERT INTO `Seguimiento`(`idSeguimiento`,`Fecha`,`Descripcion`,`idIncidente`,`Oficial_num`) VALUES(164,'2018-10-4','Se cita a testigos',129,26);
INSERT INTO `Seguimiento`(`idSeguimiento`,`Fecha`,`Descripcion`,`idIncidente`,`Oficial_num`) VALUES(165,'2018-9-24','Se impone condena',59,16);
INSERT INTO `Seguimiento`(`idSeguimiento`,`Fecha`,`Descripcion`,`idIncidente`,`Oficial_num`) VALUES(166,'2018-2-24','Se amplía denuncia',82,19);
INSERT INTO `Seguimiento`(`idSeguimiento`,`Fecha`,`Descripcion`,`idIncidente`,`Oficial_num`) VALUES(167,'2018-11-13','Pasa de despacho',133,37);
INSERT INTO `Seguimiento`(`idSeguimiento`,`Fecha`,`Descripcion`,`idIncidente`,`Oficial_num`) VALUES(168,'2018-3-25','Se cita a testigos',119,0);
INSERT INTO `Seguimiento`(`idSeguimiento`,`Fecha`,`Descripcion`,`idIncidente`,`Oficial_num`) VALUES(169,'2018-2-1','Se informa a juzgado',64,53);
INSERT INTO `Seguimiento`(`idSeguimiento`,`Fecha`,`Descripcion`,`idIncidente`,`Oficial_num`) VALUES(170,'2018-2-18','Pasa de despacho',32,20);
INSERT INTO `Seguimiento`(`idSeguimiento`,`Fecha`,`Descripcion`,`idIncidente`,`Oficial_num`) VALUES(171,'2018-11-4','Se impone condena',108,48);
INSERT INTO `Seguimiento`(`idSeguimiento`,`Fecha`,`Descripcion`,`idIncidente`,`Oficial_num`) VALUES(172,'2018-6-20','Se revisan cámaras de tv',133,62);
INSERT INTO `Seguimiento`(`idSeguimiento`,`Fecha`,`Descripcion`,`idIncidente`,`Oficial_num`) VALUES(173,'2018-4-19','Se amplía denuncia',98,5);
INSERT INTO `Seguimiento`(`idSeguimiento`,`Fecha`,`Descripcion`,`idIncidente`,`Oficial_num`) VALUES(174,'2018-1-17','Se impone condena',144,12);
INSERT INTO `Seguimiento`(`idSeguimiento`,`Fecha`,`Descripcion`,`idIncidente`,`Oficial_num`) VALUES(175,'2018-2-7','Se revisan cámaras de tv',21,1);
INSERT INTO `Seguimiento`(`idSeguimiento`,`Fecha`,`Descripcion`,`idIncidente`,`Oficial_num`) VALUES(176,'2018-11-28','Se cita a testigos',39,49);
INSERT INTO `Seguimiento`(`idSeguimiento`,`Fecha`,`Descripcion`,`idIncidente`,`Oficial_num`) VALUES(177,'2018-9-26','Se informa a juzgado',36,48);
INSERT INTO `Seguimiento`(`idSeguimiento`,`Fecha`,`Descripcion`,`idIncidente`,`Oficial_num`) VALUES(178,'2018-3-28','Pasa de despacho',101,63);
INSERT INTO `Seguimiento`(`idSeguimiento`,`Fecha`,`Descripcion`,`idIncidente`,`Oficial_num`) VALUES(179,'2018-1-14','Pasa de despacho',138,64);
INSERT INTO `Seguimiento`(`idSeguimiento`,`Fecha`,`Descripcion`,`idIncidente`,`Oficial_num`) VALUES(180,'2018-6-22','Pasa de despacho',114,64);
INSERT INTO `Seguimiento`(`idSeguimiento`,`Fecha`,`Descripcion`,`idIncidente`,`Oficial_num`) VALUES(181,'2018-5-20','Se cita a testigos',17,3);
INSERT INTO `Seguimiento`(`idSeguimiento`,`Fecha`,`Descripcion`,`idIncidente`,`Oficial_num`) VALUES(182,'2018-6-21','Se informa a juzgado',108,61);
INSERT INTO `Seguimiento`(`idSeguimiento`,`Fecha`,`Descripcion`,`idIncidente`,`Oficial_num`) VALUES(183,'2018-6-27','Pasa de despacho',64,68);
INSERT INTO `Seguimiento`(`idSeguimiento`,`Fecha`,`Descripcion`,`idIncidente`,`Oficial_num`) VALUES(184,'2018-12-12','Se toman declaraciones',17,57);
INSERT INTO `Seguimiento`(`idSeguimiento`,`Fecha`,`Descripcion`,`idIncidente`,`Oficial_num`) VALUES(185,'2018-1-18','Se toman declaraciones',141,52);
INSERT INTO `Seguimiento`(`idSeguimiento`,`Fecha`,`Descripcion`,`idIncidente`,`Oficial_num`) VALUES(186,'2018-7-23','Se amplía denuncia',9,45);
INSERT INTO `Seguimiento`(`idSeguimiento`,`Fecha`,`Descripcion`,`idIncidente`,`Oficial_num`) VALUES(187,'2018-4-11','Se impone condena',79,40);
INSERT INTO `Seguimiento`(`idSeguimiento`,`Fecha`,`Descripcion`,`idIncidente`,`Oficial_num`) VALUES(188,'2018-10-1','Se toman declaraciones',22,30);
INSERT INTO `Seguimiento`(`idSeguimiento`,`Fecha`,`Descripcion`,`idIncidente`,`Oficial_num`) VALUES(189,'2018-1-9','Peritos analizan caso',17,63);
INSERT INTO `Seguimiento`(`idSeguimiento`,`Fecha`,`Descripcion`,`idIncidente`,`Oficial_num`) VALUES(190,'2018-1-11','Peritos analizan caso',62,16);
INSERT INTO `Seguimiento`(`idSeguimiento`,`Fecha`,`Descripcion`,`idIncidente`,`Oficial_num`) VALUES(191,'2018-6-16','Se informa a juzgado',119,62);
INSERT INTO `Seguimiento`(`idSeguimiento`,`Fecha`,`Descripcion`,`idIncidente`,`Oficial_num`) VALUES(192,'2018-3-12','Se cita a testigos',17,7);
INSERT INTO `Seguimiento`(`idSeguimiento`,`Fecha`,`Descripcion`,`idIncidente`,`Oficial_num`) VALUES(193,'2018-2-14','Se impone multa',77,14);
INSERT INTO `Seguimiento`(`idSeguimiento`,`Fecha`,`Descripcion`,`idIncidente`,`Oficial_num`) VALUES(194,'2018-2-27','Pasa de despacho',1,37);
INSERT INTO `Seguimiento`(`idSeguimiento`,`Fecha`,`Descripcion`,`idIncidente`,`Oficial_num`) VALUES(195,'2018-12-21','Peritos analizan caso',53,49);
INSERT INTO `Seguimiento`(`idSeguimiento`,`Fecha`,`Descripcion`,`idIncidente`,`Oficial_num`) VALUES(196,'2018-5-11','Se impone multa',82,35);
INSERT INTO `Seguimiento`(`idSeguimiento`,`Fecha`,`Descripcion`,`idIncidente`,`Oficial_num`) VALUES(197,'2018-11-10','Se revisan cámaras de tv',75,29);
INSERT INTO `Seguimiento`(`idSeguimiento`,`Fecha`,`Descripcion`,`idIncidente`,`Oficial_num`) VALUES(198,'2018-12-17','Pasa de despacho',37,7);
INSERT INTO `Seguimiento`(`idSeguimiento`,`Fecha`,`Descripcion`,`idIncidente`,`Oficial_num`) VALUES(199,'2018-1-19','Se informa a juzgado',131,53);
INSERT INTO `Seguimiento`(`idSeguimiento`,`Fecha`,`Descripcion`,`idIncidente`,`Oficial_num`) VALUES(200,'2018-1-23','Se revisan cámaras de tv',94,64);
INSERT INTO `Seguimiento`(`idSeguimiento`,`Fecha`,`Descripcion`,`idIncidente`,`Oficial_num`) VALUES(201,'2018-3-25','Peritos analizan caso',34,5);
INSERT INTO `Seguimiento`(`idSeguimiento`,`Fecha`,`Descripcion`,`idIncidente`,`Oficial_num`) VALUES(202,'2018-2-24','Se impone condena',144,10);
INSERT INTO `Seguimiento`(`idSeguimiento`,`Fecha`,`Descripcion`,`idIncidente`,`Oficial_num`) VALUES(203,'2018-5-15','Se informa a juzgado',101,64);
INSERT INTO `Seguimiento`(`idSeguimiento`,`Fecha`,`Descripcion`,`idIncidente`,`Oficial_num`) VALUES(204,'2018-10-27','Se cita a testigos',101,49);
INSERT INTO `Seguimiento`(`idSeguimiento`,`Fecha`,`Descripcion`,`idIncidente`,`Oficial_num`) VALUES(205,'2018-3-2','Se informa a juzgado',78,39);
INSERT INTO `Seguimiento`(`idSeguimiento`,`Fecha`,`Descripcion`,`idIncidente`,`Oficial_num`) VALUES(206,'2018-5-3','Se revisan cámaras de tv',62,1);
INSERT INTO `Seguimiento`(`idSeguimiento`,`Fecha`,`Descripcion`,`idIncidente`,`Oficial_num`) VALUES(207,'2018-9-17','Se impone multa',141,48);
INSERT INTO `Seguimiento`(`idSeguimiento`,`Fecha`,`Descripcion`,`idIncidente`,`Oficial_num`) VALUES(208,'2018-8-8','Se toman declaraciones',77,36);
INSERT INTO `Seguimiento`(`idSeguimiento`,`Fecha`,`Descripcion`,`idIncidente`,`Oficial_num`) VALUES(209,'2018-10-4','Se toman declaraciones',84,16);
INSERT INTO `Seguimiento`(`idSeguimiento`,`Fecha`,`Descripcion`,`idIncidente`,`Oficial_num`) VALUES(210,'2018-4-1','Se informa a juzgado',39,47);
INSERT INTO `Seguimiento`(`idSeguimiento`,`Fecha`,`Descripcion`,`idIncidente`,`Oficial_num`) VALUES(211,'2018-4-26','Se impone condena',9,62);
INSERT INTO `Seguimiento`(`idSeguimiento`,`Fecha`,`Descripcion`,`idIncidente`,`Oficial_num`) VALUES(212,'2018-8-22','Se amplía denuncia',120,59);
INSERT INTO `Seguimiento`(`idSeguimiento`,`Fecha`,`Descripcion`,`idIncidente`,`Oficial_num`) VALUES(213,'2018-6-14','Se cita a testigos',25,22);
INSERT INTO `Seguimiento`(`idSeguimiento`,`Fecha`,`Descripcion`,`idIncidente`,`Oficial_num`) VALUES(214,'2018-3-6','Pasa de despacho',84,1);
INSERT INTO `Seguimiento`(`idSeguimiento`,`Fecha`,`Descripcion`,`idIncidente`,`Oficial_num`) VALUES(215,'2018-5-19','Se impone condena',32,56);
INSERT INTO `Seguimiento`(`idSeguimiento`,`Fecha`,`Descripcion`,`idIncidente`,`Oficial_num`) VALUES(216,'2018-10-2','Se toman declaraciones',128,30);
INSERT INTO `Seguimiento`(`idSeguimiento`,`Fecha`,`Descripcion`,`idIncidente`,`Oficial_num`) VALUES(217,'2018-8-2','Se impone multa',129,50);
INSERT INTO `Seguimiento`(`idSeguimiento`,`Fecha`,`Descripcion`,`idIncidente`,`Oficial_num`) VALUES(218,'2018-5-11','Peritos analizan caso',10,41);
INSERT INTO `Seguimiento`(`idSeguimiento`,`Fecha`,`Descripcion`,`idIncidente`,`Oficial_num`) VALUES(219,'2018-7-1','Se cita a testigos',1,30);
INSERT INTO `Seguimiento`(`idSeguimiento`,`Fecha`,`Descripcion`,`idIncidente`,`Oficial_num`) VALUES(220,'2018-11-20','Se toman declaraciones',101,6);
INSERT INTO `Seguimiento`(`idSeguimiento`,`Fecha`,`Descripcion`,`idIncidente`,`Oficial_num`) VALUES(221,'2018-4-2','Pasa de despacho',22,67);
INSERT INTO `Seguimiento`(`idSeguimiento`,`Fecha`,`Descripcion`,`idIncidente`,`Oficial_num`) VALUES(222,'2018-6-7','Pasa de despacho',9,15);
INSERT INTO `Seguimiento`(`idSeguimiento`,`Fecha`,`Descripcion`,`idIncidente`,`Oficial_num`) VALUES(223,'2018-6-2','Peritos analizan caso',129,3);
INSERT INTO `Seguimiento`(`idSeguimiento`,`Fecha`,`Descripcion`,`idIncidente`,`Oficial_num`) VALUES(224,'2018-1-1','Se revisan cámaras de tv',16,16);
INSERT INTO `Seguimiento`(`idSeguimiento`,`Fecha`,`Descripcion`,`idIncidente`,`Oficial_num`) VALUES(225,'2018-1-24','Se impone multa',115,1);
INSERT INTO `Seguimiento`(`idSeguimiento`,`Fecha`,`Descripcion`,`idIncidente`,`Oficial_num`) VALUES(226,'2018-8-26','Se toman declaraciones',6,25);
INSERT INTO `Seguimiento`(`idSeguimiento`,`Fecha`,`Descripcion`,`idIncidente`,`Oficial_num`) VALUES(227,'2018-2-8','Se informa a juzgado',64,66);
INSERT INTO `Seguimiento`(`idSeguimiento`,`Fecha`,`Descripcion`,`idIncidente`,`Oficial_num`) VALUES(228,'2018-2-24','Peritos analizan caso',115,23);
INSERT INTO `Seguimiento`(`idSeguimiento`,`Fecha`,`Descripcion`,`idIncidente`,`Oficial_num`) VALUES(229,'2018-4-24','Se revisan cámaras de tv',53,18);
INSERT INTO `Seguimiento`(`idSeguimiento`,`Fecha`,`Descripcion`,`idIncidente`,`Oficial_num`) VALUES(230,'2018-4-14','Se impone condena',75,7);
INSERT INTO `Seguimiento`(`idSeguimiento`,`Fecha`,`Descripcion`,`idIncidente`,`Oficial_num`) VALUES(231,'2018-2-10','Se impone condena',129,32);
INSERT INTO `Seguimiento`(`idSeguimiento`,`Fecha`,`Descripcion`,`idIncidente`,`Oficial_num`) VALUES(232,'2018-9-11','Se informa a juzgado',93,52);
INSERT INTO `Seguimiento`(`idSeguimiento`,`Fecha`,`Descripcion`,`idIncidente`,`Oficial_num`) VALUES(233,'2018-2-3','Se impone condena',138,27);
INSERT INTO `Seguimiento`(`idSeguimiento`,`Fecha`,`Descripcion`,`idIncidente`,`Oficial_num`) VALUES(234,'2018-6-15','Se informa a juzgado',26,36);
INSERT INTO `Seguimiento`(`idSeguimiento`,`Fecha`,`Descripcion`,`idIncidente`,`Oficial_num`) VALUES(235,'2018-2-4','Se impone condena',76,6);
INSERT INTO `Seguimiento`(`idSeguimiento`,`Fecha`,`Descripcion`,`idIncidente`,`Oficial_num`) VALUES(236,'2018-10-17','Se impone multa',78,66);
INSERT INTO `Seguimiento`(`idSeguimiento`,`Fecha`,`Descripcion`,`idIncidente`,`Oficial_num`) VALUES(237,'2018-11-11','Se impone condena',78,1);
INSERT INTO `Seguimiento`(`idSeguimiento`,`Fecha`,`Descripcion`,`idIncidente`,`Oficial_num`) VALUES(238,'2018-5-18','Se informa a juzgado',67,28);
INSERT INTO `Seguimiento`(`idSeguimiento`,`Fecha`,`Descripcion`,`idIncidente`,`Oficial_num`) VALUES(239,'2018-8-21','Se impone multa',36,37);
INSERT INTO `Seguimiento`(`idSeguimiento`,`Fecha`,`Descripcion`,`idIncidente`,`Oficial_num`) VALUES(240,'2018-11-10','Peritos analizan caso',78,54);
INSERT INTO `Seguimiento`(`idSeguimiento`,`Fecha`,`Descripcion`,`idIncidente`,`Oficial_num`) VALUES(241,'2018-6-13','Se revisan cámaras de tv',129,2);
INSERT INTO `Seguimiento`(`idSeguimiento`,`Fecha`,`Descripcion`,`idIncidente`,`Oficial_num`) VALUES(242,'2018-7-19','Se informa a juzgado',76,41);
INSERT INTO `Seguimiento`(`idSeguimiento`,`Fecha`,`Descripcion`,`idIncidente`,`Oficial_num`) VALUES(243,'2018-5-9','Se amplía denuncia',100,16);
INSERT INTO `Seguimiento`(`idSeguimiento`,`Fecha`,`Descripcion`,`idIncidente`,`Oficial_num`) VALUES(244,'2018-3-23','Peritos analizan caso',26,45);
INSERT INTO `Seguimiento`(`idSeguimiento`,`Fecha`,`Descripcion`,`idIncidente`,`Oficial_num`) VALUES(245,'2018-4-8','Se impone condena',25,55);
INSERT INTO `Seguimiento`(`idSeguimiento`,`Fecha`,`Descripcion`,`idIncidente`,`Oficial_num`) VALUES(246,'2018-11-7','Se informa a juzgado',10,40);
INSERT INTO `Seguimiento`(`idSeguimiento`,`Fecha`,`Descripcion`,`idIncidente`,`Oficial_num`) VALUES(247,'2018-8-25','Se impone multa',32,52);
INSERT INTO `Seguimiento`(`idSeguimiento`,`Fecha`,`Descripcion`,`idIncidente`,`Oficial_num`) VALUES(248,'2018-11-4','Pasa de despacho',77,57);
INSERT INTO `Seguimiento`(`idSeguimiento`,`Fecha`,`Descripcion`,`idIncidente`,`Oficial_num`) VALUES(249,'2018-12-26','Peritos analizan caso',12,52);
INSERT INTO `Seguimiento`(`idSeguimiento`,`Fecha`,`Descripcion`,`idIncidente`,`Oficial_num`) VALUES(250,'2018-4-28','Se revisan cámaras de tv',128,55);
INSERT INTO `Seguimiento`(`idSeguimiento`,`Fecha`,`Descripcion`,`idIncidente`,`Oficial_num`) VALUES(251,'2018-2-3','Se cita a testigos',133,32);
INSERT INTO `Seguimiento`(`idSeguimiento`,`Fecha`,`Descripcion`,`idIncidente`,`Oficial_num`) VALUES(252,'2018-10-14','Se toman declaraciones',121,15);
INSERT INTO `Seguimiento`(`idSeguimiento`,`Fecha`,`Descripcion`,`idIncidente`,`Oficial_num`) VALUES(253,'2018-1-6','Se amplía denuncia',17,30);
INSERT INTO `Seguimiento`(`idSeguimiento`,`Fecha`,`Descripcion`,`idIncidente`,`Oficial_num`) VALUES(254,'2018-11-19','Pasa de despacho',84,24);
INSERT INTO `Seguimiento`(`idSeguimiento`,`Fecha`,`Descripcion`,`idIncidente`,`Oficial_num`) VALUES(255,'2018-8-7','Peritos analizan caso',19,35);
INSERT INTO `Seguimiento`(`idSeguimiento`,`Fecha`,`Descripcion`,`idIncidente`,`Oficial_num`) VALUES(256,'2018-8-22','Se informa a juzgado',32,47);
INSERT INTO `Seguimiento`(`idSeguimiento`,`Fecha`,`Descripcion`,`idIncidente`,`Oficial_num`) VALUES(257,'2018-7-13','Se toman declaraciones',16,51);
INSERT INTO `Seguimiento`(`idSeguimiento`,`Fecha`,`Descripcion`,`idIncidente`,`Oficial_num`) VALUES(258,'2018-1-14','Se toman declaraciones',19,48);
INSERT INTO `Seguimiento`(`idSeguimiento`,`Fecha`,`Descripcion`,`idIncidente`,`Oficial_num`) VALUES(259,'2018-9-15','Se impone condena',140,29);
INSERT INTO `Seguimiento`(`idSeguimiento`,`Fecha`,`Descripcion`,`idIncidente`,`Oficial_num`) VALUES(260,'2018-1-2','Se revisan cámaras de tv',10,53);
INSERT INTO `Seguimiento`(`idSeguimiento`,`Fecha`,`Descripcion`,`idIncidente`,`Oficial_num`) VALUES(261,'2018-10-24','Se impone condena',15,55);
INSERT INTO `Seguimiento`(`idSeguimiento`,`Fecha`,`Descripcion`,`idIncidente`,`Oficial_num`) VALUES(262,'2018-4-5','Pasa de despacho',30,46);
INSERT INTO `Seguimiento`(`idSeguimiento`,`Fecha`,`Descripcion`,`idIncidente`,`Oficial_num`) VALUES(263,'2018-2-19','Se revisan cámaras de tv',129,1);
INSERT INTO `Seguimiento`(`idSeguimiento`,`Fecha`,`Descripcion`,`idIncidente`,`Oficial_num`) VALUES(264,'2018-4-4','Se toman declaraciones',34,43);
INSERT INTO `Seguimiento`(`idSeguimiento`,`Fecha`,`Descripcion`,`idIncidente`,`Oficial_num`) VALUES(265,'2018-8-8','Se toman declaraciones',16,46);
INSERT INTO `Seguimiento`(`idSeguimiento`,`Fecha`,`Descripcion`,`idIncidente`,`Oficial_num`) VALUES(266,'2018-3-11','Pasa de despacho',28,2);
INSERT INTO `Seguimiento`(`idSeguimiento`,`Fecha`,`Descripcion`,`idIncidente`,`Oficial_num`) VALUES(267,'2018-6-10','Se amplía denuncia',138,32);
INSERT INTO `Seguimiento`(`idSeguimiento`,`Fecha`,`Descripcion`,`idIncidente`,`Oficial_num`) VALUES(268,'2018-1-15','Se toman declaraciones',68,60);
INSERT INTO `Seguimiento`(`idSeguimiento`,`Fecha`,`Descripcion`,`idIncidente`,`Oficial_num`) VALUES(269,'2018-6-20','Peritos analizan caso',84,65);
INSERT INTO `Seguimiento`(`idSeguimiento`,`Fecha`,`Descripcion`,`idIncidente`,`Oficial_num`) VALUES(270,'2018-8-14','Se revisan cámaras de tv',98,50);
INSERT INTO `Seguimiento`(`idSeguimiento`,`Fecha`,`Descripcion`,`idIncidente`,`Oficial_num`) VALUES(271,'2018-6-16','Peritos analizan caso',26,38);
INSERT INTO `Seguimiento`(`idSeguimiento`,`Fecha`,`Descripcion`,`idIncidente`,`Oficial_num`) VALUES(272,'2018-12-15','Peritos analizan caso',89,60);
INSERT INTO `Seguimiento`(`idSeguimiento`,`Fecha`,`Descripcion`,`idIncidente`,`Oficial_num`) VALUES(273,'2018-1-22','Se informa a juzgado',39,13);
INSERT INTO `Seguimiento`(`idSeguimiento`,`Fecha`,`Descripcion`,`idIncidente`,`Oficial_num`) VALUES(274,'2018-12-15','Pasa de despacho',121,67);
INSERT INTO `Seguimiento`(`idSeguimiento`,`Fecha`,`Descripcion`,`idIncidente`,`Oficial_num`) VALUES(275,'2018-3-8','Se amplía denuncia',131,23);
INSERT INTO `Seguimiento`(`idSeguimiento`,`Fecha`,`Descripcion`,`idIncidente`,`Oficial_num`) VALUES(276,'2018-9-18','Se toman declaraciones',26,21);
INSERT INTO `Seguimiento`(`idSeguimiento`,`Fecha`,`Descripcion`,`idIncidente`,`Oficial_num`) VALUES(277,'2018-2-27','Se toman declaraciones',115,2);
INSERT INTO `Seguimiento`(`idSeguimiento`,`Fecha`,`Descripcion`,`idIncidente`,`Oficial_num`) VALUES(278,'2018-2-13','Se informa a juzgado',144,67);
INSERT INTO `Seguimiento`(`idSeguimiento`,`Fecha`,`Descripcion`,`idIncidente`,`Oficial_num`) VALUES(279,'2018-10-24','Se impone condena',82,55);
INSERT INTO `Seguimiento`(`idSeguimiento`,`Fecha`,`Descripcion`,`idIncidente`,`Oficial_num`) VALUES(280,'2018-8-12','Se informa a juzgado',12,60);
INSERT INTO `Seguimiento`(`idSeguimiento`,`Fecha`,`Descripcion`,`idIncidente`,`Oficial_num`) VALUES(281,'2018-9-28','Se revisan cámaras de tv',109,65);
INSERT INTO `Seguimiento`(`idSeguimiento`,`Fecha`,`Descripcion`,`idIncidente`,`Oficial_num`) VALUES(282,'2018-7-17','Se revisan cámaras de tv',28,15);
INSERT INTO `Seguimiento`(`idSeguimiento`,`Fecha`,`Descripcion`,`idIncidente`,`Oficial_num`) VALUES(283,'2018-3-2','Se cita a testigos',93,23);
INSERT INTO `Seguimiento`(`idSeguimiento`,`Fecha`,`Descripcion`,`idIncidente`,`Oficial_num`) VALUES(284,'2018-12-18','Se impone condena',144,1);
INSERT INTO `Seguimiento`(`idSeguimiento`,`Fecha`,`Descripcion`,`idIncidente`,`Oficial_num`) VALUES(285,'2018-9-15','Pasa de despacho',119,20);
INSERT INTO `Seguimiento`(`idSeguimiento`,`Fecha`,`Descripcion`,`idIncidente`,`Oficial_num`) VALUES(286,'2018-7-8','Se revisan cámaras de tv',75,2);
INSERT INTO `Seguimiento`(`idSeguimiento`,`Fecha`,`Descripcion`,`idIncidente`,`Oficial_num`) VALUES(287,'2018-8-28','Se impone condena',58,51);
INSERT INTO `Seguimiento`(`idSeguimiento`,`Fecha`,`Descripcion`,`idIncidente`,`Oficial_num`) VALUES(288,'2018-7-12','Se impone multa',42,8);
INSERT INTO `Seguimiento`(`idSeguimiento`,`Fecha`,`Descripcion`,`idIncidente`,`Oficial_num`) VALUES(289,'2018-5-19','Pasa de despacho',30,19);
INSERT INTO `Seguimiento`(`idSeguimiento`,`Fecha`,`Descripcion`,`idIncidente`,`Oficial_num`) VALUES(290,'2018-11-15','Se cita a testigos',32,54);
INSERT INTO `Seguimiento`(`idSeguimiento`,`Fecha`,`Descripcion`,`idIncidente`,`Oficial_num`) VALUES(291,'2018-4-17','Se impone multa',109,54);
INSERT INTO `Seguimiento`(`idSeguimiento`,`Fecha`,`Descripcion`,`idIncidente`,`Oficial_num`) VALUES(292,'2018-6-12','Se impone condena',89,5);
INSERT INTO `Seguimiento`(`idSeguimiento`,`Fecha`,`Descripcion`,`idIncidente`,`Oficial_num`) VALUES(293,'2018-7-28','Peritos analizan caso',64,27);
INSERT INTO `Seguimiento`(`idSeguimiento`,`Fecha`,`Descripcion`,`idIncidente`,`Oficial_num`) VALUES(294,'2018-8-26','Se cita a testigos',140,52);
INSERT INTO `Seguimiento`(`idSeguimiento`,`Fecha`,`Descripcion`,`idIncidente`,`Oficial_num`) VALUES(295,'2018-7-22','Pasa de despacho',25,64);
INSERT INTO `Seguimiento`(`idSeguimiento`,`Fecha`,`Descripcion`,`idIncidente`,`Oficial_num`) VALUES(296,'2018-4-18','Se amplía denuncia',58,47);
INSERT INTO `Seguimiento`(`idSeguimiento`,`Fecha`,`Descripcion`,`idIncidente`,`Oficial_num`) VALUES(297,'2018-8-18','Se cita a testigos',99,57);
INSERT INTO `Seguimiento`(`idSeguimiento`,`Fecha`,`Descripcion`,`idIncidente`,`Oficial_num`) VALUES(298,'2018-9-15','Se revisan cámaras de tv',28,43);
INSERT INTO `Seguimiento`(`idSeguimiento`,`Fecha`,`Descripcion`,`idIncidente`,`Oficial_num`) VALUES(299,'2018-7-19','Se cita a testigos',140,29);



INSERT INTO `Habilidad`(`idHabilidad`,`Nombre`) VALUES (0,'Volar');
INSERT INTO `Habilidad`(`idHabilidad`,`Nombre`) VALUES (1,'Traspasar paredes');
INSERT INTO `Habilidad`(`idHabilidad`,`Nombre`) VALUES (2,'Invisibilizarse');
INSERT INTO `Habilidad`(`idHabilidad`,`Nombre`) VALUES (3,'Detener balas');
INSERT INTO `Habilidad`(`idHabilidad`,`Nombre`) VALUES (4,'Correr muy rápido');
INSERT INTO `Habilidad`(`idHabilidad`,`Nombre`) VALUES (5,'Respirar bajo el agua');
INSERT INTO `Habilidad`(`idHabilidad`,`Nombre`) VALUES (6,'Manipular animales');
INSERT INTO `Habilidad`(`idHabilidad`,`Nombre`) VALUES (7,'Mover objetos con la mente');
INSERT INTO `Habilidad`(`idHabilidad`,`Nombre`) VALUES (8,'Teletransportarse');
INSERT INTO `Habilidad`(`idHabilidad`,`Nombre`) VALUES (9,'Memorizar todo');
INSERT INTO `Habilidad`(`idHabilidad`,`Nombre`) VALUES (10,'Transformarse');
INSERT INTO `Habilidad`(`idHabilidad`,`Nombre`) VALUES (11,'Lanzar energía');
INSERT INTO `Habilidad`(`idHabilidad`,`Nombre`) VALUES (12,'Provocar incendios');
INSERT INTO `Habilidad`(`idHabilidad`,`Nombre`) VALUES (13,'Congelar');
INSERT INTO `Habilidad`(`idHabilidad`,`Nombre`) VALUES (14,'Desaparecer');
INSERT INTO `Habilidad`(`idHabilidad`,`Nombre`) VALUES (15,'Elastizarse');
INSERT INTO `Habilidad`(`idHabilidad`,`Nombre`) VALUES (16,'Detener el tiempo');
INSERT INTO `Habilidad`(`idHabilidad`,`Nombre`) VALUES (17,'Conducir autos');
INSERT INTO `Habilidad`(`idHabilidad`,`Nombre`) VALUES (18,'Manejar armas');
INSERT INTO `Habilidad`(`idHabilidad`,`Nombre`) VALUES (19,'Resolver cálculos');
INSERT INTO `Habilidad`(`idHabilidad`,`Nombre`) VALUES (20,'Disfrazarse');
INSERT INTO `Habilidad`(`idHabilidad`,`Nombre`) VALUES (21,'Paralizar oponentes');
INSERT INTO `Habilidad`(`idHabilidad`,`Nombre`) VALUES (22,'Envenenar oponentes');
INSERT INTO `Habilidad`(`idHabilidad`,`Nombre`) VALUES (23,'Confundir oponentes');
INSERT INTO `Habilidad`(`idHabilidad`,`Nombre`) VALUES (24,'Provocar terremotos');
INSERT INTO `Habilidad`(`idHabilidad`,`Nombre`) VALUES (25,'Provocar tormentas');


INSERT INTO `EsCapazDe` (`idSuperheroe`,`idHabilidad`) VALUES(0,7);
INSERT INTO `EsCapazDe` (`idSuperheroe`,`idHabilidad`) VALUES(0,18);
INSERT INTO `EsCapazDe` (`idSuperheroe`,`idHabilidad`) VALUES(1,7);
INSERT INTO `EsCapazDe` (`idSuperheroe`,`idHabilidad`) VALUES(1,23);
INSERT INTO `EsCapazDe` (`idSuperheroe`,`idHabilidad`) VALUES(2,12);
INSERT INTO `EsCapazDe` (`idSuperheroe`,`idHabilidad`) VALUES(2,13);
INSERT INTO `EsCapazDe` (`idSuperheroe`,`idHabilidad`) VALUES(2,24);
INSERT INTO `EsCapazDe` (`idSuperheroe`,`idHabilidad`) VALUES(2,25);
INSERT INTO `EsCapazDe` (`idSuperheroe`,`idHabilidad`) VALUES(3,1);
INSERT INTO `EsCapazDe` (`idSuperheroe`,`idHabilidad`) VALUES(3,9);
INSERT INTO `EsCapazDe` (`idSuperheroe`,`idHabilidad`) VALUES(3,22);
INSERT INTO `EsCapazDe` (`idSuperheroe`,`idHabilidad`) VALUES(4,8);
INSERT INTO `EsCapazDe` (`idSuperheroe`,`idHabilidad`) VALUES(4,10);
INSERT INTO `EsCapazDe` (`idSuperheroe`,`idHabilidad`) VALUES(4,12);
INSERT INTO `EsCapazDe` (`idSuperheroe`,`idHabilidad`) VALUES(4,18);
INSERT INTO `EsCapazDe` (`idSuperheroe`,`idHabilidad`) VALUES(5,16);
INSERT INTO `EsCapazDe` (`idSuperheroe`,`idHabilidad`) VALUES(5,23);
INSERT INTO `EsCapazDe` (`idSuperheroe`,`idHabilidad`) VALUES(6,7);
INSERT INTO `EsCapazDe` (`idSuperheroe`,`idHabilidad`) VALUES(6,16);
INSERT INTO `EsCapazDe` (`idSuperheroe`,`idHabilidad`) VALUES(6,23);
INSERT INTO `EsCapazDe` (`idSuperheroe`,`idHabilidad`) VALUES(6,25);
INSERT INTO `EsCapazDe` (`idSuperheroe`,`idHabilidad`) VALUES(7,4);
INSERT INTO `EsCapazDe` (`idSuperheroe`,`idHabilidad`) VALUES(7,14);
INSERT INTO `EsCapazDe` (`idSuperheroe`,`idHabilidad`) VALUES(7,21);
INSERT INTO `EsCapazDe` (`idSuperheroe`,`idHabilidad`) VALUES(8,1);
INSERT INTO `EsCapazDe` (`idSuperheroe`,`idHabilidad`) VALUES(8,9);
INSERT INTO `EsCapazDe` (`idSuperheroe`,`idHabilidad`) VALUES(8,14);
INSERT INTO `EsCapazDe` (`idSuperheroe`,`idHabilidad`) VALUES(8,25);
INSERT INTO `EsCapazDe` (`idSuperheroe`,`idHabilidad`) VALUES(10,1);
INSERT INTO `EsCapazDe` (`idSuperheroe`,`idHabilidad`) VALUES(10,3);
INSERT INTO `EsCapazDe` (`idSuperheroe`,`idHabilidad`) VALUES(10,6);
INSERT INTO `EsCapazDe` (`idSuperheroe`,`idHabilidad`) VALUES(10,21);
INSERT INTO `EsCapazDe` (`idSuperheroe`,`idHabilidad`) VALUES(11,1);
INSERT INTO `EsCapazDe` (`idSuperheroe`,`idHabilidad`) VALUES(11,2);
INSERT INTO `EsCapazDe` (`idSuperheroe`,`idHabilidad`) VALUES(11,7);
INSERT INTO `EsCapazDe` (`idSuperheroe`,`idHabilidad`) VALUES(11,15);
INSERT INTO `EsCapazDe` (`idSuperheroe`,`idHabilidad`) VALUES(11,18);
INSERT INTO `EsCapazDe` (`idSuperheroe`,`idHabilidad`) VALUES(11,21);
INSERT INTO `EsCapazDe` (`idSuperheroe`,`idHabilidad`) VALUES(11,25);
INSERT INTO `EsCapazDe` (`idSuperheroe`,`idHabilidad`) VALUES(12,1);
INSERT INTO `EsCapazDe` (`idSuperheroe`,`idHabilidad`) VALUES(12,15);
INSERT INTO `EsCapazDe` (`idSuperheroe`,`idHabilidad`) VALUES(12,16);
INSERT INTO `EsCapazDe` (`idSuperheroe`,`idHabilidad`) VALUES(13,1);
INSERT INTO `EsCapazDe` (`idSuperheroe`,`idHabilidad`) VALUES(13,14);
INSERT INTO `EsCapazDe` (`idSuperheroe`,`idHabilidad`) VALUES(13,19);
INSERT INTO `EsCapazDe` (`idSuperheroe`,`idHabilidad`) VALUES(13,21);
INSERT INTO `EsCapazDe` (`idSuperheroe`,`idHabilidad`) VALUES(13,22);
INSERT INTO `EsCapazDe` (`idSuperheroe`,`idHabilidad`) VALUES(14,6);
INSERT INTO `EsCapazDe` (`idSuperheroe`,`idHabilidad`) VALUES(14,7);
INSERT INTO `EsCapazDe` (`idSuperheroe`,`idHabilidad`) VALUES(14,16);
INSERT INTO `EsCapazDe` (`idSuperheroe`,`idHabilidad`) VALUES(15,1);
INSERT INTO `EsCapazDe` (`idSuperheroe`,`idHabilidad`) VALUES(15,14);
INSERT INTO `EsCapazDe` (`idSuperheroe`,`idHabilidad`) VALUES(16,20);
INSERT INTO `EsCapazDe` (`idSuperheroe`,`idHabilidad`) VALUES(16,25);
INSERT INTO `EsCapazDe` (`idSuperheroe`,`idHabilidad`) VALUES(18,9);
INSERT INTO `EsCapazDe` (`idSuperheroe`,`idHabilidad`) VALUES(19,12);
INSERT INTO `EsCapazDe` (`idSuperheroe`,`idHabilidad`) VALUES(20,14);
INSERT INTO `EsCapazDe` (`idSuperheroe`,`idHabilidad`) VALUES(21,8);
INSERT INTO `EsCapazDe` (`idSuperheroe`,`idHabilidad`) VALUES(21,20);
INSERT INTO `EsCapazDe` (`idSuperheroe`,`idHabilidad`) VALUES(22,5);
INSERT INTO `EsCapazDe` (`idSuperheroe`,`idHabilidad`) VALUES(22,25);
INSERT INTO `EsCapazDe` (`idSuperheroe`,`idHabilidad`) VALUES(23,2);
INSERT INTO `EsCapazDe` (`idSuperheroe`,`idHabilidad`) VALUES(23,5);
INSERT INTO `EsCapazDe` (`idSuperheroe`,`idHabilidad`) VALUES(23,9);
INSERT INTO `EsCapazDe` (`idSuperheroe`,`idHabilidad`) VALUES(23,16);
INSERT INTO `EsCapazDe` (`idSuperheroe`,`idHabilidad`) VALUES(24,22);
INSERT INTO `EsCapazDe` (`idSuperheroe`,`idHabilidad`) VALUES(25,14);
INSERT INTO `EsCapazDe` (`idSuperheroe`,`idHabilidad`) VALUES(26,0);
INSERT INTO `EsCapazDe` (`idSuperheroe`,`idHabilidad`) VALUES(26,22);
INSERT INTO `EsCapazDe` (`idSuperheroe`,`idHabilidad`) VALUES(27,16);
INSERT INTO `EsCapazDe` (`idSuperheroe`,`idHabilidad`) VALUES(28,5);
INSERT INTO `EsCapazDe` (`idSuperheroe`,`idHabilidad`) VALUES(28,2);
INSERT INTO `EsCapazDe` (`idSuperheroe`,`idHabilidad`) VALUES(29,22);
INSERT INTO `EsCapazDe` (`idSuperheroe`,`idHabilidad`) VALUES(29,12);
INSERT INTO `EsCapazDe` (`idSuperheroe`,`idHabilidad`) VALUES(29,24);
INSERT INTO `EsCapazDe` (`idSuperheroe`,`idHabilidad`) VALUES(29,21);
INSERT INTO `EsCapazDe` (`idSuperheroe`,`idHabilidad`) VALUES(29,8);
INSERT INTO `EsCapazDe` (`idSuperheroe`,`idHabilidad`) VALUES(29,6);
INSERT INTO `EsCapazDe` (`idSuperheroe`,`idHabilidad`) VALUES(29,5);
INSERT INTO `EsCapazDe` (`idSuperheroe`,`idHabilidad`) VALUES(29,1);


INSERT INTO `EstadoSumario` (`idEstado`,`Descripcion`) VALUES (0,'Iniciado');
INSERT INTO `EstadoSumario` (`idEstado`,`Descripcion`) VALUES (1,'En Proceso');
INSERT INTO `EstadoSumario` (`idEstado`,`Descripcion`) VALUES (2,'En Investigación');
INSERT INTO `EstadoSumario` (`idEstado`,`Descripcion`) VALUES (3,'En Recusación');
INSERT INTO `EstadoSumario` (`idEstado`,`Descripcion`) VALUES (4,'En Resolución');
INSERT INTO `EstadoSumario` (`idEstado`,`Descripcion`) VALUES (5,'En Proceso');
INSERT INTO `EstadoSumario` (`idEstado`,`Descripcion`) VALUES (6,'Resuelto');
INSERT INTO `EstadoSumario` (`idEstado`,`Descripcion`) VALUES (7,'Impugnado');
INSERT INTO `EstadoSumario` (`idEstado`,`Descripcion`) VALUES (8,'Rechazado');
INSERT INTO `EstadoSumario` (`idEstado`,`Descripcion`) VALUES (9,'Recusado');
INSERT INTO `EstadoSumario` (`idEstado`,`Descripcion`) VALUES (10,'Cancelado');
INSERT INTO `EstadoSumario` (`idEstado`,`Descripcion`) VALUES (11,'Derivado a Fiscal');
INSERT INTO `EstadoSumario` (`idEstado`,`Descripcion`) VALUES (12,'Interrumpido');
INSERT INTO `EstadoSumario` (`idEstado`,`Descripcion`) VALUES (13,'Juez de vacaciones');
INSERT INTO `EstadoSumario` (`idEstado`,`Descripcion`) VALUES (14,'Expediente extraviado');
INSERT INTO `EstadoSumario` (`idEstado`,`Descripcion`) VALUES (15,'Oficial retirado');
INSERT INTO `EstadoSumario` (`idEstado`,`Descripcion`) VALUES (16,'Testigo arrepentido');
INSERT INTO `EstadoSumario` (`idEstado`,`Descripcion`) VALUES (17,'Testigo desaparecido');
INSERT INTO `EstadoSumario` (`idEstado`,`Descripcion`) VALUES (18,'Testigo difunto');
INSERT INTO `EstadoSumario` (`idEstado`,`Descripcion`) VALUES (19,'Oficial difunto');
INSERT INTO `EstadoSumario` (`idEstado`,`Descripcion`) VALUES (20,'Delegado a Juzgado');


INSERT INTO `Sumario` (`idSumario`,`Fecha`,`Descripcion`,`idDesignacion`,`Resultado`,`EstadoSumario`,`OficialQueInvestiga`) VALUES(0,'2018-3-22','Hurto',18,'Cancelado',17,68);
INSERT INTO `Sumario` (`idSumario`,`Fecha`,`Descripcion`,`idDesignacion`,`Resultado`,`EstadoSumario`,`OficialQueInvestiga`) VALUES(1,'2018-2-17','Exceso de fuerza',52,'Confirmado con punitivo',15,13);
INSERT INTO `Sumario` (`idSumario`,`Fecha`,`Descripcion`,`idDesignacion`,`Resultado`,`EstadoSumario`,`OficialQueInvestiga`) VALUES(2,'2018-1-8','Hurto',60,'Confirmado con punitivo',9,63);
INSERT INTO `Sumario` (`idSumario`,`Fecha`,`Descripcion`,`idDesignacion`,`Resultado`,`EstadoSumario`,`OficialQueInvestiga`) VALUES(3,'2018-11-15','Exceso de fuerza',179,'NULL',19,43);
INSERT INTO `Sumario` (`idSumario`,`Fecha`,`Descripcion`,`idDesignacion`,`Resultado`,`EstadoSumario`,`OficialQueInvestiga`) VALUES(4,'2018-3-22','Abandono de tareas',136,'Confirmado con amonestación',9,48);
INSERT INTO `Sumario` (`idSumario`,`Fecha`,`Descripcion`,`idDesignacion`,`Resultado`,`EstadoSumario`,`OficialQueInvestiga`) VALUES(5,'2018-12-4','Confección de estupefacientes',22,'Anulado',6,23);
INSERT INTO `Sumario` (`idSumario`,`Fecha`,`Descripcion`,`idDesignacion`,`Resultado`,`EstadoSumario`,`OficialQueInvestiga`) VALUES(6,'2018-10-15','Conducción imprudente de móvil',194,'Confirmado con amonestación',13,56);
INSERT INTO `Sumario` (`idSumario`,`Fecha`,`Descripcion`,`idDesignacion`,`Resultado`,`EstadoSumario`,`OficialQueInvestiga`) VALUES(7,'2018-10-4','Hurto',181,'Confirmado con amonestación',2,03);
INSERT INTO `Sumario` (`idSumario`,`Fecha`,`Descripcion`,`idDesignacion`,`Resultado`,`EstadoSumario`,`OficialQueInvestiga`) VALUES(8,'2018-11-18','Extorsión',34,'Rechazado',20,23);
INSERT INTO `Sumario` (`idSumario`,`Fecha`,`Descripcion`,`idDesignacion`,`Resultado`,`EstadoSumario`,`OficialQueInvestiga`) VALUES(9,'2018-1-18','Extorsión',66,'NULL',5,48);
INSERT INTO `Sumario` (`idSumario`,`Fecha`,`Descripcion`,`idDesignacion`,`Resultado`,`EstadoSumario`,`OficialQueInvestiga`) VALUES(10,'2018-9-10','Recolección de colaboraciones',20,'Confirmado con punitivo',15,48);
INSERT INTO `Sumario` (`idSumario`,`Fecha`,`Descripcion`,`idDesignacion`,`Resultado`,`EstadoSumario`,`OficialQueInvestiga`) VALUES(11,'2018-9-3','Exceso de fuerza',116,'Confirmado con amonestación',3,23);
INSERT INTO `Sumario` (`idSumario`,`Fecha`,`Descripcion`,`idDesignacion`,`Resultado`,`EstadoSumario`,`OficialQueInvestiga`) VALUES(12,'2018-1-25','Consumo de estupefacientes',153,'Anulado',7,58);
INSERT INTO `Sumario` (`idSumario`,`Fecha`,`Descripcion`,`idDesignacion`,`Resultado`,`EstadoSumario`,`OficialQueInvestiga`) VALUES(13,'2018-7-11','Uniforme fuera de regla',181,'Anulado',11,18);
INSERT INTO `Sumario` (`idSumario`,`Fecha`,`Descripcion`,`idDesignacion`,`Resultado`,`EstadoSumario`,`OficialQueInvestiga`) VALUES(14,'2018-8-9','Amedrentamiento',127,'Cancelado',11,16);
INSERT INTO `Sumario` (`idSumario`,`Fecha`,`Descripcion`,`idDesignacion`,`Resultado`,`EstadoSumario`,`OficialQueInvestiga`) VALUES(15,'2018-11-17','Venta de estupefacientes',54,'Rechazado',6,28);
INSERT INTO `Sumario` (`idSumario`,`Fecha`,`Descripcion`,`idDesignacion`,`Resultado`,`EstadoSumario`,`OficialQueInvestiga`) VALUES(16,'2018-10-16','Amedrentamiento',40,'Confirmado con amonestación',20,68);
INSERT INTO `Sumario` (`idSumario`,`Fecha`,`Descripcion`,`idDesignacion`,`Resultado`,`EstadoSumario`,`OficialQueInvestiga`) VALUES(17,'2018-4-6','Abandono de tareas',117,'Confirmado con amonestación',19,48);
INSERT INTO `Sumario` (`idSumario`,`Fecha`,`Descripcion`,`idDesignacion`,`Resultado`,`EstadoSumario`,`OficialQueInvestiga`) VALUES(18,'2018-6-27','Exceso de peso',30,'Confirmado con amonestación',0,16);
INSERT INTO `Sumario` (`idSumario`,`Fecha`,`Descripcion`,`idDesignacion`,`Resultado`,`EstadoSumario`,`OficialQueInvestiga`) VALUES(19,'2018-10-21','Exceso de peso',65,'Rechazado',20,43);
INSERT INTO `Sumario` (`idSumario`,`Fecha`,`Descripcion`,`idDesignacion`,`Resultado`,`EstadoSumario`,`OficialQueInvestiga`) VALUES(20,'2018-7-27','Uniforme fuera de regla',178,'Rechazado',13,68);
INSERT INTO `Sumario` (`idSumario`,`Fecha`,`Descripcion`,`idDesignacion`,`Resultado`,`EstadoSumario`,`OficialQueInvestiga`) VALUES(21,'2018-6-13','Uniforme fuera de regla',124,'Rechazado',4,33);
INSERT INTO `Sumario` (`idSumario`,`Fecha`,`Descripcion`,`idDesignacion`,`Resultado`,`EstadoSumario`,`OficialQueInvestiga`) VALUES(22,'2018-9-27','Incumplimiento del deber',127,'Cancelado',7,38);
INSERT INTO `Sumario` (`idSumario`,`Fecha`,`Descripcion`,`idDesignacion`,`Resultado`,`EstadoSumario`,`OficialQueInvestiga`) VALUES(23,'2018-2-7','Hurto',142,'Cancelado',12,18);
INSERT INTO `Sumario` (`idSumario`,`Fecha`,`Descripcion`,`idDesignacion`,`Resultado`,`EstadoSumario`,`OficialQueInvestiga`) VALUES(24,'2018-2-19','Amenazas',146,'NULL',0,68);
INSERT INTO `Sumario` (`idSumario`,`Fecha`,`Descripcion`,`idDesignacion`,`Resultado`,`EstadoSumario`,`OficialQueInvestiga`) VALUES(25,'2018-12-1','Amenazas',83,'Rechazado',7,33);
INSERT INTO `Sumario` (`idSumario`,`Fecha`,`Descripcion`,`idDesignacion`,`Resultado`,`EstadoSumario`,`OficialQueInvestiga`) VALUES(26,'2018-5-23','Conducción imprudente de móvil',210,'NULL',6,53);
INSERT INTO `Sumario` (`idSumario`,`Fecha`,`Descripcion`,`idDesignacion`,`Resultado`,`EstadoSumario`,`OficialQueInvestiga`) VALUES(27,'2018-2-7','Cobro de adicionales antirreglamentarios',166,'Cancelado',4,18);
INSERT INTO `Sumario` (`idSumario`,`Fecha`,`Descripcion`,`idDesignacion`,`Resultado`,`EstadoSumario`,`OficialQueInvestiga`) VALUES(28,'2018-1-4','Venta de estupefacientes',97,'Cancelado',17,06);
INSERT INTO `Sumario` (`idSumario`,`Fecha`,`Descripcion`,`idDesignacion`,`Resultado`,`EstadoSumario`,`OficialQueInvestiga`) VALUES(29,'2018-7-16','Exceso de peso',52,'Confirmado con punitivo',19,13);
INSERT INTO `Sumario` (`idSumario`,`Fecha`,`Descripcion`,`idDesignacion`,`Resultado`,`EstadoSumario`,`OficialQueInvestiga`) VALUES(30,'2018-6-5','Hurto',149,'Confirmado con amonestación',4,08);
INSERT INTO `Sumario` (`idSumario`,`Fecha`,`Descripcion`,`idDesignacion`,`Resultado`,`EstadoSumario`,`OficialQueInvestiga`) VALUES(31,'2018-4-25','Incumplimiento del deber',74,'Confirmado con punitivo',2,26);
INSERT INTO `Sumario` (`idSumario`,`Fecha`,`Descripcion`,`idDesignacion`,`Resultado`,`EstadoSumario`,`OficialQueInvestiga`) VALUES(32,'2018-2-16','Colusión',172,'Cancelado',9,38);
INSERT INTO `Sumario` (`idSumario`,`Fecha`,`Descripcion`,`idDesignacion`,`Resultado`,`EstadoSumario`,`OficialQueInvestiga`) VALUES(33,'2018-5-11','Patrullaje abandonado',196,'Cancelado',17,58);
INSERT INTO `Sumario` (`idSumario`,`Fecha`,`Descripcion`,`idDesignacion`,`Resultado`,`EstadoSumario`,`OficialQueInvestiga`) VALUES(34,'2018-2-5','Conducción imprudente de móvil',90,'Confirmado con amonestación',4,38);
INSERT INTO `Sumario` (`idSumario`,`Fecha`,`Descripcion`,`idDesignacion`,`Resultado`,`EstadoSumario`,`OficialQueInvestiga`) VALUES(35,'2018-4-21','Colusión',118,'Confirmado con amonestación',18,13);
INSERT INTO `Sumario` (`idSumario`,`Fecha`,`Descripcion`,`idDesignacion`,`Resultado`,`EstadoSumario`,`OficialQueInvestiga`) VALUES(36,'2018-6-7','Conducción imprudente de móvil',145,'Rechazado',10,66);
INSERT INTO `Sumario` (`idSumario`,`Fecha`,`Descripcion`,`idDesignacion`,`Resultado`,`EstadoSumario`,`OficialQueInvestiga`) VALUES(37,'2018-5-11','Exceso de fuerza',22,'Anulado',4,23);
INSERT INTO `Sumario` (`idSumario`,`Fecha`,`Descripcion`,`idDesignacion`,`Resultado`,`EstadoSumario`,`OficialQueInvestiga`) VALUES(38,'2018-9-9','Abuso de autoridad',171,'Rechazado',7,13);
INSERT INTO `Sumario` (`idSumario`,`Fecha`,`Descripcion`,`idDesignacion`,`Resultado`,`EstadoSumario`,`OficialQueInvestiga`) VALUES(39,'2018-10-13','Venta de armamento',186,'Rechazado',18,66);
INSERT INTO `Sumario` (`idSumario`,`Fecha`,`Descripcion`,`idDesignacion`,`Resultado`,`EstadoSumario`,`OficialQueInvestiga`) VALUES(40,'2018-5-19','Cobro de adicionales antirreglamentarios',178,'Rechazado',2,36);
INSERT INTO `Sumario` (`idSumario`,`Fecha`,`Descripcion`,`idDesignacion`,`Resultado`,`EstadoSumario`,`OficialQueInvestiga`) VALUES(41,'2018-6-9','Exceso de peso',146,'NULL',2,16);
INSERT INTO `Sumario` (`idSumario`,`Fecha`,`Descripcion`,`idDesignacion`,`Resultado`,`EstadoSumario`,`OficialQueInvestiga`) VALUES(42,'2018-6-25','Patrullaje abandonado',147,'Cancelado',0,63);
INSERT INTO `Sumario` (`idSumario`,`Fecha`,`Descripcion`,`idDesignacion`,`Resultado`,`EstadoSumario`,`OficialQueInvestiga`) VALUES(43,'2018-3-25','Incumplimiento del deber',54,'Anulado',15,08);
INSERT INTO `Sumario` (`idSumario`,`Fecha`,`Descripcion`,`idDesignacion`,`Resultado`,`EstadoSumario`,`OficialQueInvestiga`) VALUES(44,'2018-2-13','Consumo de estupefacientes',15,'Confirmado con punitivo',18,63);
INSERT INTO `Sumario` (`idSumario`,`Fecha`,`Descripcion`,`idDesignacion`,`Resultado`,`EstadoSumario`,`OficialQueInvestiga`) VALUES(45,'2018-9-1','Hurto',204,'Anulado',14,53);
INSERT INTO `Sumario` (`idSumario`,`Fecha`,`Descripcion`,`idDesignacion`,`Resultado`,`EstadoSumario`,`OficialQueInvestiga`) VALUES(46,'2018-8-22','Hurto',140,'NULL',1,68);
INSERT INTO `Sumario` (`idSumario`,`Fecha`,`Descripcion`,`idDesignacion`,`Resultado`,`EstadoSumario`,`OficialQueInvestiga`) VALUES(47,'2018-3-26','Abuso de autoridad',132,'Anulado',20,46);
INSERT INTO `Sumario` (`idSumario`,`Fecha`,`Descripcion`,`idDesignacion`,`Resultado`,`EstadoSumario`,`OficialQueInvestiga`) VALUES(48,'2018-5-2','Conducción imprudente de móvil',108,'Confirmado con punitivo',9,46);
INSERT INTO `Sumario` (`idSumario`,`Fecha`,`Descripcion`,`idDesignacion`,`Resultado`,`EstadoSumario`,`OficialQueInvestiga`) VALUES(49,'2018-4-8','Amenazas',21,'Cancelado',17,58);
INSERT INTO `Sumario` (`idSumario`,`Fecha`,`Descripcion`,`idDesignacion`,`Resultado`,`EstadoSumario`,`OficialQueInvestiga`) VALUES(50,'2018-2-23','Exceso de peso',174,'NULL',16,06);
INSERT INTO `Sumario` (`idSumario`,`Fecha`,`Descripcion`,`idDesignacion`,`Resultado`,`EstadoSumario`,`OficialQueInvestiga`) VALUES(51,'2018-12-28','Extorsión',191,'Confirmado con amonestación',16,63);
INSERT INTO `Sumario` (`idSumario`,`Fecha`,`Descripcion`,`idDesignacion`,`Resultado`,`EstadoSumario`,`OficialQueInvestiga`) VALUES(52,'2018-12-13','Patrullaje abandonado',50,'Rechazado',19,48);
INSERT INTO `Sumario` (`idSumario`,`Fecha`,`Descripcion`,`idDesignacion`,`Resultado`,`EstadoSumario`,`OficialQueInvestiga`) VALUES(53,'2018-1-10','Abandono de tareas',1,'Confirmado con punitivo',10,08);
INSERT INTO `Sumario` (`idSumario`,`Fecha`,`Descripcion`,`idDesignacion`,`Resultado`,`EstadoSumario`,`OficialQueInvestiga`) VALUES(54,'2018-8-4','Patrullaje abandonado',18,'NULL',7,18);
INSERT INTO `Sumario` (`idSumario`,`Fecha`,`Descripcion`,`idDesignacion`,`Resultado`,`EstadoSumario`,`OficialQueInvestiga`) VALUES(55,'2018-7-26','Amenazas',26,'NULL',17,06);
INSERT INTO `Sumario` (`idSumario`,`Fecha`,`Descripcion`,`idDesignacion`,`Resultado`,`EstadoSumario`,`OficialQueInvestiga`) VALUES(56,'2018-12-8','Amedrentamiento',79,'Confirmado con amonestación',15,48);
INSERT INTO `Sumario` (`idSumario`,`Fecha`,`Descripcion`,`idDesignacion`,`Resultado`,`EstadoSumario`,`OficialQueInvestiga`) VALUES(57,'2018-8-2','Uniforme fuera de regla',104,'Confirmado con amonestación',15,68);
INSERT INTO `Sumario` (`idSumario`,`Fecha`,`Descripcion`,`idDesignacion`,`Resultado`,`EstadoSumario`,`OficialQueInvestiga`) VALUES(58,'2018-11-28','Colusión',178,'Confirmado con amonestación',0,33);
INSERT INTO `Sumario` (`idSumario`,`Fecha`,`Descripcion`,`idDesignacion`,`Resultado`,`EstadoSumario`,`OficialQueInvestiga`) VALUES(59,'2018-7-23','Exceso de peso',48,'Anulado',17,58);
INSERT INTO `Sumario` (`idSumario`,`Fecha`,`Descripcion`,`idDesignacion`,`Resultado`,`EstadoSumario`,`OficialQueInvestiga`) VALUES(60,'2018-10-17','Colusión',193,'Rechazado',8,28);
INSERT INTO `Sumario` (`idSumario`,`Fecha`,`Descripcion`,`idDesignacion`,`Resultado`,`EstadoSumario`,`OficialQueInvestiga`) VALUES(61,'2018-10-11','Confección de estupefacientes',155,'NULL',3,46);
INSERT INTO `Sumario` (`idSumario`,`Fecha`,`Descripcion`,`idDesignacion`,`Resultado`,`EstadoSumario`,`OficialQueInvestiga`) VALUES(62,'2018-6-23','Venta de armamento',35,'Confirmado con amonestación',2,08);
INSERT INTO `Sumario` (`idSumario`,`Fecha`,`Descripcion`,`idDesignacion`,`Resultado`,`EstadoSumario`,`OficialQueInvestiga`) VALUES(63,'2018-4-17','Exceso de peso',31,'Cancelado',0,16);
INSERT INTO `Sumario` (`idSumario`,`Fecha`,`Descripcion`,`idDesignacion`,`Resultado`,`EstadoSumario`,`OficialQueInvestiga`) VALUES(64,'2018-9-1','Consumo de estupefacientes',186,'Anulado',8,03);
INSERT INTO `Sumario` (`idSumario`,`Fecha`,`Descripcion`,`idDesignacion`,`Resultado`,`EstadoSumario`,`OficialQueInvestiga`) VALUES(65,'2018-9-13','Recolección de colaboraciones',51,'NULL',7,06);
INSERT INTO `Sumario` (`idSumario`,`Fecha`,`Descripcion`,`idDesignacion`,`Resultado`,`EstadoSumario`,`OficialQueInvestiga`) VALUES(66,'2018-4-4','Colusión',191,'Confirmado con amonestación',5,33);
INSERT INTO `Sumario` (`idSumario`,`Fecha`,`Descripcion`,`idDesignacion`,`Resultado`,`EstadoSumario`,`OficialQueInvestiga`) VALUES(67,'2018-2-13','Venta de estupefacientes',48,'Confirmado con punitivo',20,08);
INSERT INTO `Sumario` (`idSumario`,`Fecha`,`Descripcion`,`idDesignacion`,`Resultado`,`EstadoSumario`,`OficialQueInvestiga`) VALUES(68,'2018-8-26','Extorsión',166,'Rechazado',13,48);
INSERT INTO `Sumario` (`idSumario`,`Fecha`,`Descripcion`,`idDesignacion`,`Resultado`,`EstadoSumario`,`OficialQueInvestiga`) VALUES(69,'2018-2-15','Venta de estupefacientes',168,'NULL',7,53);
INSERT INTO `Sumario` (`idSumario`,`Fecha`,`Descripcion`,`idDesignacion`,`Resultado`,`EstadoSumario`,`OficialQueInvestiga`) VALUES(70,'2018-11-15','Amenazas',60,'Anulado',5,18);
INSERT INTO `Sumario` (`idSumario`,`Fecha`,`Descripcion`,`idDesignacion`,`Resultado`,`EstadoSumario`,`OficialQueInvestiga`) VALUES(71,'2018-11-13','Colusión',179,'Cancelado',12,13);
INSERT INTO `Sumario` (`idSumario`,`Fecha`,`Descripcion`,`idDesignacion`,`Resultado`,`EstadoSumario`,`OficialQueInvestiga`) VALUES(72,'2018-4-25','Extorsión',158,'Confirmado con amonestación',17,66);
INSERT INTO `Sumario` (`idSumario`,`Fecha`,`Descripcion`,`idDesignacion`,`Resultado`,`EstadoSumario`,`OficialQueInvestiga`) VALUES(73,'2018-10-1','Recolección de colaboraciones',129,'Rechazado',4,18);
INSERT INTO `Sumario` (`idSumario`,`Fecha`,`Descripcion`,`idDesignacion`,`Resultado`,`EstadoSumario`,`OficialQueInvestiga`) VALUES(74,'2018-5-27','Amedrentamiento',155,'Anulado',3,56);
INSERT INTO `Sumario` (`idSumario`,`Fecha`,`Descripcion`,`idDesignacion`,`Resultado`,`EstadoSumario`,`OficialQueInvestiga`) VALUES(75,'2018-8-28','Confección de estupefacientes',39,'NULL',11,36);
INSERT INTO `Sumario` (`idSumario`,`Fecha`,`Descripcion`,`idDesignacion`,`Resultado`,`EstadoSumario`,`OficialQueInvestiga`) VALUES(76,'2018-7-3','Extorsión',26,'Cancelado',19,46);
INSERT INTO `Sumario` (`idSumario`,`Fecha`,`Descripcion`,`idDesignacion`,`Resultado`,`EstadoSumario`,`OficialQueInvestiga`) VALUES(77,'2018-6-8','Amedrentamiento',166,'Cancelado',11,08);
INSERT INTO `Sumario` (`idSumario`,`Fecha`,`Descripcion`,`idDesignacion`,`Resultado`,`EstadoSumario`,`OficialQueInvestiga`) VALUES(78,'2018-8-20','Abandono de tareas',142,'Anulado',18,03);
INSERT INTO `Sumario` (`idSumario`,`Fecha`,`Descripcion`,`idDesignacion`,`Resultado`,`EstadoSumario`,`OficialQueInvestiga`) VALUES(79,'2018-8-23','Extorsión',23,'Anulado',20,68);
INSERT INTO `Sumario` (`idSumario`,`Fecha`,`Descripcion`,`idDesignacion`,`Resultado`,`EstadoSumario`,`OficialQueInvestiga`) VALUES(80,'2018-7-21','Exceso de peso',43,'Confirmado con punitivo',7,53);
INSERT INTO `Sumario` (`idSumario`,`Fecha`,`Descripcion`,`idDesignacion`,`Resultado`,`EstadoSumario`,`OficialQueInvestiga`) VALUES(81,'2018-11-24','Consumo de estupefacientes',102,'Confirmado con amonestación',0,08);
INSERT INTO `Sumario` (`idSumario`,`Fecha`,`Descripcion`,`idDesignacion`,`Resultado`,`EstadoSumario`,`OficialQueInvestiga`) VALUES(82,'2018-3-20','Amenazas',12,'Confirmado con punitivo',9,18);
INSERT INTO `Sumario` (`idSumario`,`Fecha`,`Descripcion`,`idDesignacion`,`Resultado`,`EstadoSumario`,`OficialQueInvestiga`) VALUES(83,'2018-7-14','Amedrentamiento',194,'Confirmado con amonestación',0,68);
INSERT INTO `Sumario` (`idSumario`,`Fecha`,`Descripcion`,`idDesignacion`,`Resultado`,`EstadoSumario`,`OficialQueInvestiga`) VALUES(84,'2018-2-10','Uniforme fuera de regla',176,'Cancelado',0,68);
INSERT INTO `Sumario` (`idSumario`,`Fecha`,`Descripcion`,`idDesignacion`,`Resultado`,`EstadoSumario`,`OficialQueInvestiga`) VALUES(85,'2018-1-10','Uniforme fuera de regla',96,'Confirmado con punitivo',7,18);
INSERT INTO `Sumario` (`idSumario`,`Fecha`,`Descripcion`,`idDesignacion`,`Resultado`,`EstadoSumario`,`OficialQueInvestiga`) VALUES(86,'2018-3-19','Recolección de colaboraciones',4,'Confirmado con punitivo',11,36);
INSERT INTO `Sumario` (`idSumario`,`Fecha`,`Descripcion`,`idDesignacion`,`Resultado`,`EstadoSumario`,`OficialQueInvestiga`) VALUES(87,'2018-2-10','Incumplimiento del deber',90,'NULL',17,63);
INSERT INTO `Sumario` (`idSumario`,`Fecha`,`Descripcion`,`idDesignacion`,`Resultado`,`EstadoSumario`,`OficialQueInvestiga`) VALUES(88,'2018-6-17','Exceso de peso',164,'NULL',10,48);
INSERT INTO `Sumario` (`idSumario`,`Fecha`,`Descripcion`,`idDesignacion`,`Resultado`,`EstadoSumario`,`OficialQueInvestiga`) VALUES(89,'2018-7-3','Exceso de fuerza',143,'NULL',9,63);
INSERT INTO `Sumario` (`idSumario`,`Fecha`,`Descripcion`,`idDesignacion`,`Resultado`,`EstadoSumario`,`OficialQueInvestiga`) VALUES(90,'2018-10-7','Exceso de peso',48,'NULL',17,28);
INSERT INTO `Sumario` (`idSumario`,`Fecha`,`Descripcion`,`idDesignacion`,`Resultado`,`EstadoSumario`,`OficialQueInvestiga`) VALUES(91,'2018-8-7','Extorsión',104,'Rechazado',3,06);
INSERT INTO `Sumario` (`idSumario`,`Fecha`,`Descripcion`,`idDesignacion`,`Resultado`,`EstadoSumario`,`OficialQueInvestiga`) VALUES(92,'2018-1-13','Venta de estupefacientes',42,'Rechazado',19,38);
INSERT INTO `Sumario` (`idSumario`,`Fecha`,`Descripcion`,`idDesignacion`,`Resultado`,`EstadoSumario`,`OficialQueInvestiga`) VALUES(93,'2018-8-14','Venta de estupefacientes',102,'Confirmado con punitivo',7,38);
INSERT INTO `Sumario` (`idSumario`,`Fecha`,`Descripcion`,`idDesignacion`,`Resultado`,`EstadoSumario`,`OficialQueInvestiga`) VALUES(94,'2018-12-20','Patrullaje abandonado',112,'Cancelado',16,16);
INSERT INTO `Sumario` (`idSumario`,`Fecha`,`Descripcion`,`idDesignacion`,`Resultado`,`EstadoSumario`,`OficialQueInvestiga`) VALUES(95,'2018-1-18','Exceso de fuerza',171,'NULL',8,56);
INSERT INTO `Sumario` (`idSumario`,`Fecha`,`Descripcion`,`idDesignacion`,`Resultado`,`EstadoSumario`,`OficialQueInvestiga`) VALUES(96,'2018-11-11','Confección de estupefacientes',145,'Anulado',4,23);
INSERT INTO `Sumario` (`idSumario`,`Fecha`,`Descripcion`,`idDesignacion`,`Resultado`,`EstadoSumario`,`OficialQueInvestiga`) VALUES(97,'2018-3-25','Colusión',83,'Rechazado',9,33);
INSERT INTO `Sumario` (`idSumario`,`Fecha`,`Descripcion`,`idDesignacion`,`Resultado`,`EstadoSumario`,`OficialQueInvestiga`) VALUES(98,'2018-4-26','Exceso de peso',82,'Confirmado con amonestación',0,26);
INSERT INTO `Sumario` (`idSumario`,`Fecha`,`Descripcion`,`idDesignacion`,`Resultado`,`EstadoSumario`,`OficialQueInvestiga`) VALUES(99,'2018-3-9','Conducción imprudente de móvil',129,'NULL',16,06);
INSERT INTO `Sumario` (`idSumario`,`Fecha`,`Descripcion`,`idDesignacion`,`Resultado`,`EstadoSumario`,`OficialQueInvestiga`) VALUES(100,'2018-11-23','Venta de armamento',12,'Confirmado con amonestación',8,48);
INSERT INTO `Sumario` (`idSumario`,`Fecha`,`Descripcion`,`idDesignacion`,`Resultado`,`EstadoSumario`,`OficialQueInvestiga`) VALUES(101,'2018-6-6','Amenazas',122,'Confirmado con amonestación',10,16);
INSERT INTO `Sumario` (`idSumario`,`Fecha`,`Descripcion`,`idDesignacion`,`Resultado`,`EstadoSumario`,`OficialQueInvestiga`) VALUES(102,'2018-11-24','Incumplimiento del deber',19,'Anulado',12,56);
INSERT INTO `Sumario` (`idSumario`,`Fecha`,`Descripcion`,`idDesignacion`,`Resultado`,`EstadoSumario`,`OficialQueInvestiga`) VALUES(103,'2018-6-19','Venta de estupefacientes',41,'NULL',14,23);
INSERT INTO `Sumario` (`idSumario`,`Fecha`,`Descripcion`,`idDesignacion`,`Resultado`,`EstadoSumario`,`OficialQueInvestiga`) VALUES(104,'2018-1-6','Exceso de fuerza',1,'Cancelado',0,68);
INSERT INTO `Sumario` (`idSumario`,`Fecha`,`Descripcion`,`idDesignacion`,`Resultado`,`EstadoSumario`,`OficialQueInvestiga`) VALUES(105,'2018-11-27','Amedrentamiento',84,'Rechazado',14,46);
INSERT INTO `Sumario` (`idSumario`,`Fecha`,`Descripcion`,`idDesignacion`,`Resultado`,`EstadoSumario`,`OficialQueInvestiga`) VALUES(106,'2018-3-27','Incumplimiento del deber',156,'Rechazado',9,03);
INSERT INTO `Sumario` (`idSumario`,`Fecha`,`Descripcion`,`idDesignacion`,`Resultado`,`EstadoSumario`,`OficialQueInvestiga`) VALUES(107,'2018-6-12','Venta de estupefacientes',80,'Cancelado',17,63);
INSERT INTO `Sumario` (`idSumario`,`Fecha`,`Descripcion`,`idDesignacion`,`Resultado`,`EstadoSumario`,`OficialQueInvestiga`) VALUES(108,'2018-5-16','Consumo de estupefacientes',11,'Rechazado',3,43);
INSERT INTO `Sumario` (`idSumario`,`Fecha`,`Descripcion`,`idDesignacion`,`Resultado`,`EstadoSumario`,`OficialQueInvestiga`) VALUES(109,'2018-10-22','Traición a la fuerza',198,'Confirmado con amonestación',15,08);
INSERT INTO `Sumario` (`idSumario`,`Fecha`,`Descripcion`,`idDesignacion`,`Resultado`,`EstadoSumario`,`OficialQueInvestiga`) VALUES(110,'2018-12-17','Hurto',87,'Confirmado con amonestación',0,48);
INSERT INTO `Sumario` (`idSumario`,`Fecha`,`Descripcion`,`idDesignacion`,`Resultado`,`EstadoSumario`,`OficialQueInvestiga`) VALUES(111,'2018-3-18','Consumo de estupefacientes',0,'Cancelado',19,08);
INSERT INTO `Sumario` (`idSumario`,`Fecha`,`Descripcion`,`idDesignacion`,`Resultado`,`EstadoSumario`,`OficialQueInvestiga`) VALUES(112,'2018-6-16','Exceso de peso',62,'Rechazado',10,18);
INSERT INTO `Sumario` (`idSumario`,`Fecha`,`Descripcion`,`idDesignacion`,`Resultado`,`EstadoSumario`,`OficialQueInvestiga`) VALUES(113,'2018-8-9','Abandono de tareas',184,'Anulado',11,46);
INSERT INTO `Sumario` (`idSumario`,`Fecha`,`Descripcion`,`idDesignacion`,`Resultado`,`EstadoSumario`,`OficialQueInvestiga`) VALUES(114,'2018-5-11','Uniforme fuera de regla',165,'Rechazado',15,08);
INSERT INTO `Sumario` (`idSumario`,`Fecha`,`Descripcion`,`idDesignacion`,`Resultado`,`EstadoSumario`,`OficialQueInvestiga`) VALUES(115,'2018-4-9','Patrullaje abandonado',191,'Rechazado',20,58);
INSERT INTO `Sumario` (`idSumario`,`Fecha`,`Descripcion`,`idDesignacion`,`Resultado`,`EstadoSumario`,`OficialQueInvestiga`) VALUES(116,'2018-4-8','Exceso de peso',180,'Anulado',2,33);
INSERT INTO `Sumario` (`idSumario`,`Fecha`,`Descripcion`,`idDesignacion`,`Resultado`,`EstadoSumario`,`OficialQueInvestiga`) VALUES(117,'2018-11-6','Colusión',118,'Confirmado con amonestación',19,56);
INSERT INTO `Sumario` (`idSumario`,`Fecha`,`Descripcion`,`idDesignacion`,`Resultado`,`EstadoSumario`,`OficialQueInvestiga`) VALUES(118,'2018-11-20','Venta de armamento',14,'Confirmado con punitivo',11,26);
INSERT INTO `Sumario` (`idSumario`,`Fecha`,`Descripcion`,`idDesignacion`,`Resultado`,`EstadoSumario`,`OficialQueInvestiga`) VALUES(119,'2018-4-23','Extorsión',1,'Rechazado',4,03);
INSERT INTO `Sumario` (`idSumario`,`Fecha`,`Descripcion`,`idDesignacion`,`Resultado`,`EstadoSumario`,`OficialQueInvestiga`) VALUES(120,'2018-12-23','Cobro de adicionales antirreglamentarios',53,'Rechazado',4,38);
INSERT INTO `Sumario` (`idSumario`,`Fecha`,`Descripcion`,`idDesignacion`,`Resultado`,`EstadoSumario`,`OficialQueInvestiga`) VALUES(121,'2018-4-19','Amedrentamiento',4,'Rechazado',14,26);
INSERT INTO `Sumario` (`idSumario`,`Fecha`,`Descripcion`,`idDesignacion`,`Resultado`,`EstadoSumario`,`OficialQueInvestiga`) VALUES(122,'2018-12-17','Amenazas',155,'Rechazado',11,06);
INSERT INTO `Sumario` (`idSumario`,`Fecha`,`Descripcion`,`idDesignacion`,`Resultado`,`EstadoSumario`,`OficialQueInvestiga`) VALUES(123,'2018-2-24','Patrullaje abandonado',114,'Anulado',10,38);
INSERT INTO `Sumario` (`idSumario`,`Fecha`,`Descripcion`,`idDesignacion`,`Resultado`,`EstadoSumario`,`OficialQueInvestiga`) VALUES(124,'2018-3-6','Consumo de estupefacientes',36,'Confirmado con amonestación',0,16);
INSERT INTO `Sumario` (`idSumario`,`Fecha`,`Descripcion`,`idDesignacion`,`Resultado`,`EstadoSumario`,`OficialQueInvestiga`) VALUES(125,'2018-2-5','Cobro de adicionales antirreglamentarios',141,'Confirmado con punitivo',10,53);
INSERT INTO `Sumario` (`idSumario`,`Fecha`,`Descripcion`,`idDesignacion`,`Resultado`,`EstadoSumario`,`OficialQueInvestiga`) VALUES(126,'2018-1-13','Recolección de colaboraciones',21,'Anulado',10,48);
INSERT INTO `Sumario` (`idSumario`,`Fecha`,`Descripcion`,`idDesignacion`,`Resultado`,`EstadoSumario`,`OficialQueInvestiga`) VALUES(127,'2018-5-17','Venta de armamento',190,'Confirmado con punitivo',13,03);
INSERT INTO `Sumario` (`idSumario`,`Fecha`,`Descripcion`,`idDesignacion`,`Resultado`,`EstadoSumario`,`OficialQueInvestiga`) VALUES(128,'2018-5-7','Venta de estupefacientes',196,'Anulado',0,43);
INSERT INTO `Sumario` (`idSumario`,`Fecha`,`Descripcion`,`idDesignacion`,`Resultado`,`EstadoSumario`,`OficialQueInvestiga`) VALUES(129,'2018-5-6','Colusión',55,'NULL',16,66);
INSERT INTO `Sumario` (`idSumario`,`Fecha`,`Descripcion`,`idDesignacion`,`Resultado`,`EstadoSumario`,`OficialQueInvestiga`) VALUES(130,'2018-12-14','Venta de armamento',109,'Confirmado con punitivo',18,03);
INSERT INTO `Sumario` (`idSumario`,`Fecha`,`Descripcion`,`idDesignacion`,`Resultado`,`EstadoSumario`,`OficialQueInvestiga`) VALUES(131,'2018-11-2','Consumo de estupefacientes',3,'Anulado',3,66);
INSERT INTO `Sumario` (`idSumario`,`Fecha`,`Descripcion`,`idDesignacion`,`Resultado`,`EstadoSumario`,`OficialQueInvestiga`) VALUES(132,'2018-8-9','Venta de armamento',51,'Cancelado',10,28);
INSERT INTO `Sumario` (`idSumario`,`Fecha`,`Descripcion`,`idDesignacion`,`Resultado`,`EstadoSumario`,`OficialQueInvestiga`) VALUES(133,'2018-6-27','Conducción imprudente de móvil',64,'Confirmado con amonestación',9,48);
INSERT INTO `Sumario` (`idSumario`,`Fecha`,`Descripcion`,`idDesignacion`,`Resultado`,`EstadoSumario`,`OficialQueInvestiga`) VALUES(134,'2018-4-11','Hurto',1,'Confirmado con punitivo',20,68);
INSERT INTO `Sumario` (`idSumario`,`Fecha`,`Descripcion`,`idDesignacion`,`Resultado`,`EstadoSumario`,`OficialQueInvestiga`) VALUES(135,'2018-9-19','Patrullaje abandonado',160,'Rechazado',2,03);
INSERT INTO `Sumario` (`idSumario`,`Fecha`,`Descripcion`,`idDesignacion`,`Resultado`,`EstadoSumario`,`OficialQueInvestiga`) VALUES(136,'2018-9-9','Incumplimiento del deber',139,'Confirmado con punitivo',11,43);
INSERT INTO `Sumario` (`idSumario`,`Fecha`,`Descripcion`,`idDesignacion`,`Resultado`,`EstadoSumario`,`OficialQueInvestiga`) VALUES(137,'2018-9-9','Patrullaje abandonado',32,'Rechazado',9,06);
INSERT INTO `Sumario` (`idSumario`,`Fecha`,`Descripcion`,`idDesignacion`,`Resultado`,`EstadoSumario`,`OficialQueInvestiga`) VALUES(138,'2018-11-23','Cobro de adicionales antirreglamentarios',11,'Cancelado',17,13);
INSERT INTO `Sumario` (`idSumario`,`Fecha`,`Descripcion`,`idDesignacion`,`Resultado`,`EstadoSumario`,`OficialQueInvestiga`) VALUES(139,'2018-3-13','Abandono de tareas',105,'Confirmado con punitivo',2,23);
INSERT INTO `Sumario` (`idSumario`,`Fecha`,`Descripcion`,`idDesignacion`,`Resultado`,`EstadoSumario`,`OficialQueInvestiga`) VALUES(140,'2018-3-27','Venta de estupefacientes',119,'Cancelado',2,18);
INSERT INTO `Sumario` (`idSumario`,`Fecha`,`Descripcion`,`idDesignacion`,`Resultado`,`EstadoSumario`,`OficialQueInvestiga`) VALUES(141,'2018-6-23','Confección de estupefacientes',39,'Rechazado',2,26);
INSERT INTO `Sumario` (`idSumario`,`Fecha`,`Descripcion`,`idDesignacion`,`Resultado`,`EstadoSumario`,`OficialQueInvestiga`) VALUES(142,'2018-2-8','Uniforme fuera de regla',61,'Confirmado con punitivo',0,63);
INSERT INTO `Sumario` (`idSumario`,`Fecha`,`Descripcion`,`idDesignacion`,`Resultado`,`EstadoSumario`,`OficialQueInvestiga`) VALUES(143,'2018-4-8','Consumo de estupefacientes',206,'Anulado',1,18);
INSERT INTO `Sumario` (`idSumario`,`Fecha`,`Descripcion`,`idDesignacion`,`Resultado`,`EstadoSumario`,`OficialQueInvestiga`) VALUES(144,'2018-3-18','Patrullaje abandonado',171,'Cancelado',11,38);
INSERT INTO `Sumario` (`idSumario`,`Fecha`,`Descripcion`,`idDesignacion`,`Resultado`,`EstadoSumario`,`OficialQueInvestiga`) VALUES(145,'2018-3-10','Extorsión',205,'NULL',10,53);
INSERT INTO `Sumario` (`idSumario`,`Fecha`,`Descripcion`,`idDesignacion`,`Resultado`,`EstadoSumario`,`OficialQueInvestiga`) VALUES(146,'2018-9-21','Hurto',125,'Rechazado',7,06);
INSERT INTO `Sumario` (`idSumario`,`Fecha`,`Descripcion`,`idDesignacion`,`Resultado`,`EstadoSumario`,`OficialQueInvestiga`) VALUES(147,'2018-4-4','Abuso de autoridad',82,'NULL',1,23);
INSERT INTO `Sumario` (`idSumario`,`Fecha`,`Descripcion`,`idDesignacion`,`Resultado`,`EstadoSumario`,`OficialQueInvestiga`) VALUES(148,'2018-9-26','Hurto',65,'Confirmado con amonestación',1,68);
INSERT INTO `Sumario` (`idSumario`,`Fecha`,`Descripcion`,`idDesignacion`,`Resultado`,`EstadoSumario`,`OficialQueInvestiga`) VALUES(149,'2018-1-11','Colusión',130,'Confirmado con punitivo',6,28);
INSERT INTO `Sumario` (`idSumario`,`Fecha`,`Descripcion`,`idDesignacion`,`Resultado`,`EstadoSumario`,`OficialQueInvestiga`) VALUES(150,'2018-9-22','Abuso de autoridad',201,'Confirmado con punitivo',8,13);
INSERT INTO `Sumario` (`idSumario`,`Fecha`,`Descripcion`,`idDesignacion`,`Resultado`,`EstadoSumario`,`OficialQueInvestiga`) VALUES(151,'2018-3-15','Traición a la fuerza',210,'Cancelado',14,23);
INSERT INTO `Sumario` (`idSumario`,`Fecha`,`Descripcion`,`idDesignacion`,`Resultado`,`EstadoSumario`,`OficialQueInvestiga`) VALUES(152,'2018-9-4','Abandono de tareas',94,'Confirmado con punitivo',9,36);
INSERT INTO `Sumario` (`idSumario`,`Fecha`,`Descripcion`,`idDesignacion`,`Resultado`,`EstadoSumario`,`OficialQueInvestiga`) VALUES(153,'2018-4-4','Amedrentamiento',7,'Rechazado',3,33);
INSERT INTO `Sumario` (`idSumario`,`Fecha`,`Descripcion`,`idDesignacion`,`Resultado`,`EstadoSumario`,`OficialQueInvestiga`) VALUES(154,'2018-3-22','Patrullaje abandonado',172,'Anulado',16,26);
INSERT INTO `Sumario` (`idSumario`,`Fecha`,`Descripcion`,`idDesignacion`,`Resultado`,`EstadoSumario`,`OficialQueInvestiga`) VALUES(155,'2018-8-9','Abandono de tareas',182,'Confirmado con punitivo',5,16);
INSERT INTO `Sumario` (`idSumario`,`Fecha`,`Descripcion`,`idDesignacion`,`Resultado`,`EstadoSumario`,`OficialQueInvestiga`) VALUES(156,'2018-7-28','Abuso de autoridad',126,'Rechazado',14,68);
INSERT INTO `Sumario` (`idSumario`,`Fecha`,`Descripcion`,`idDesignacion`,`Resultado`,`EstadoSumario`,`OficialQueInvestiga`) VALUES(157,'2018-1-9','Abuso de autoridad',56,'Confirmado con punitivo',11,68);
INSERT INTO `Sumario` (`idSumario`,`Fecha`,`Descripcion`,`idDesignacion`,`Resultado`,`EstadoSumario`,`OficialQueInvestiga`) VALUES(158,'2018-7-7','Amenazas',137,'Confirmado con punitivo',9,38);
INSERT INTO `Sumario` (`idSumario`,`Fecha`,`Descripcion`,`idDesignacion`,`Resultado`,`EstadoSumario`,`OficialQueInvestiga`) VALUES(159,'2018-7-24','Hurto',151,'Confirmado con punitivo',7,18);
INSERT INTO `Sumario` (`idSumario`,`Fecha`,`Descripcion`,`idDesignacion`,`Resultado`,`EstadoSumario`,`OficialQueInvestiga`) VALUES(160,'2018-4-16','Traición a la fuerza',50,'Anulado',13,23);
INSERT INTO `Sumario` (`idSumario`,`Fecha`,`Descripcion`,`idDesignacion`,`Resultado`,`EstadoSumario`,`OficialQueInvestiga`) VALUES(161,'2018-9-7','Amedrentamiento',178,'Anulado',16,46);
INSERT INTO `Sumario` (`idSumario`,`Fecha`,`Descripcion`,`idDesignacion`,`Resultado`,`EstadoSumario`,`OficialQueInvestiga`) VALUES(162,'2018-10-24','Abandono de tareas',43,'Confirmado con amonestación',19,63);
INSERT INTO `Sumario` (`idSumario`,`Fecha`,`Descripcion`,`idDesignacion`,`Resultado`,`EstadoSumario`,`OficialQueInvestiga`) VALUES(163,'2018-11-27','Amedrentamiento',120,'Confirmado con punitivo',20,23);
INSERT INTO `Sumario` (`idSumario`,`Fecha`,`Descripcion`,`idDesignacion`,`Resultado`,`EstadoSumario`,`OficialQueInvestiga`) VALUES(164,'2018-9-4','Abandono de tareas',193,'Cancelado',0,66);
INSERT INTO `Sumario` (`idSumario`,`Fecha`,`Descripcion`,`idDesignacion`,`Resultado`,`EstadoSumario`,`OficialQueInvestiga`) VALUES(165,'2018-3-4','Patrullaje abandonado',184,'Confirmado con amonestación',8,58);
INSERT INTO `Sumario` (`idSumario`,`Fecha`,`Descripcion`,`idDesignacion`,`Resultado`,`EstadoSumario`,`OficialQueInvestiga`) VALUES(166,'2018-3-15','Exceso de peso',45,'Confirmado con amonestación',13,18);
INSERT INTO `Sumario` (`idSumario`,`Fecha`,`Descripcion`,`idDesignacion`,`Resultado`,`EstadoSumario`,`OficialQueInvestiga`) VALUES(167,'2018-3-12','Venta de estupefacientes',105,'Confirmado con punitivo',15,16);
INSERT INTO `Sumario` (`idSumario`,`Fecha`,`Descripcion`,`idDesignacion`,`Resultado`,`EstadoSumario`,`OficialQueInvestiga`) VALUES(168,'2018-2-5','Amedrentamiento',50,'Confirmado con punitivo',20,18);
INSERT INTO `Sumario` (`idSumario`,`Fecha`,`Descripcion`,`idDesignacion`,`Resultado`,`EstadoSumario`,`OficialQueInvestiga`) VALUES(169,'2018-5-16','Abuso de autoridad',34,'Anulado',11,03);
INSERT INTO `Sumario` (`idSumario`,`Fecha`,`Descripcion`,`idDesignacion`,`Resultado`,`EstadoSumario`,`OficialQueInvestiga`) VALUES(170,'2018-11-23','Recolección de colaboraciones',115,'Cancelado',12,63);
INSERT INTO `Sumario` (`idSumario`,`Fecha`,`Descripcion`,`idDesignacion`,`Resultado`,`EstadoSumario`,`OficialQueInvestiga`) VALUES(171,'2018-9-24','Recolección de colaboraciones',114,'NULL',12,43);
INSERT INTO `Sumario` (`idSumario`,`Fecha`,`Descripcion`,`idDesignacion`,`Resultado`,`EstadoSumario`,`OficialQueInvestiga`) VALUES(172,'2018-10-20','Cobro de adicionales antirreglamentarios',3,'Confirmado con amonestación',17,23);
INSERT INTO `Sumario` (`idSumario`,`Fecha`,`Descripcion`,`idDesignacion`,`Resultado`,`EstadoSumario`,`OficialQueInvestiga`) VALUES(173,'2018-10-27','Cobro de adicionales antirreglamentarios',117,'Cancelado',16,16);
INSERT INTO `Sumario` (`idSumario`,`Fecha`,`Descripcion`,`idDesignacion`,`Resultado`,`EstadoSumario`,`OficialQueInvestiga`) VALUES(174,'2018-6-15','Incumplimiento del deber',136,'Anulado',17,38);
INSERT INTO `Sumario` (`idSumario`,`Fecha`,`Descripcion`,`idDesignacion`,`Resultado`,`EstadoSumario`,`OficialQueInvestiga`) VALUES(175,'2018-12-23','Amedrentamiento',209,'Cancelado',0,13);
INSERT INTO `Sumario` (`idSumario`,`Fecha`,`Descripcion`,`idDesignacion`,`Resultado`,`EstadoSumario`,`OficialQueInvestiga`) VALUES(176,'2018-1-4','Exceso de peso',32,'Anulado',20,48);
INSERT INTO `Sumario` (`idSumario`,`Fecha`,`Descripcion`,`idDesignacion`,`Resultado`,`EstadoSumario`,`OficialQueInvestiga`) VALUES(177,'2018-10-17','Exceso de peso',62,'Confirmado con amonestación',7,18);
INSERT INTO `Sumario` (`idSumario`,`Fecha`,`Descripcion`,`idDesignacion`,`Resultado`,`EstadoSumario`,`OficialQueInvestiga`) VALUES(178,'2018-4-9','Traición a la fuerza',52,'Confirmado con amonestación',10,23);
INSERT INTO `Sumario` (`idSumario`,`Fecha`,`Descripcion`,`idDesignacion`,`Resultado`,`EstadoSumario`,`OficialQueInvestiga`) VALUES(179,'2018-11-27','Venta de armamento',179,'Rechazado',5,13);
INSERT INTO `Sumario` (`idSumario`,`Fecha`,`Descripcion`,`idDesignacion`,`Resultado`,`EstadoSumario`,`OficialQueInvestiga`) VALUES(180,'2018-7-19','Venta de estupefacientes',26,'Rechazado',4,33);
INSERT INTO `Sumario` (`idSumario`,`Fecha`,`Descripcion`,`idDesignacion`,`Resultado`,`EstadoSumario`,`OficialQueInvestiga`) VALUES(181,'2018-9-3','Uniforme fuera de regla',23,'Rechazado',13,08);
INSERT INTO `Sumario` (`idSumario`,`Fecha`,`Descripcion`,`idDesignacion`,`Resultado`,`EstadoSumario`,`OficialQueInvestiga`) VALUES(182,'2018-8-16','Uniforme fuera de regla',35,'Rechazado',12,33);
INSERT INTO `Sumario` (`idSumario`,`Fecha`,`Descripcion`,`idDesignacion`,`Resultado`,`EstadoSumario`,`OficialQueInvestiga`) VALUES(183,'2018-11-3','Patrullaje abandonado',131,'Cancelado',0,18);
INSERT INTO `Sumario` (`idSumario`,`Fecha`,`Descripcion`,`idDesignacion`,`Resultado`,`EstadoSumario`,`OficialQueInvestiga`) VALUES(184,'2018-2-19','Venta de estupefacientes',105,'Rechazado',0,68);
INSERT INTO `Sumario` (`idSumario`,`Fecha`,`Descripcion`,`idDesignacion`,`Resultado`,`EstadoSumario`,`OficialQueInvestiga`) VALUES(185,'2018-8-27','Colusión',191,'NULL',11,68);
INSERT INTO `Sumario` (`idSumario`,`Fecha`,`Descripcion`,`idDesignacion`,`Resultado`,`EstadoSumario`,`OficialQueInvestiga`) VALUES(186,'2018-4-27','Amedrentamiento',115,'Confirmado con punitivo',6,13);
INSERT INTO `Sumario` (`idSumario`,`Fecha`,`Descripcion`,`idDesignacion`,`Resultado`,`EstadoSumario`,`OficialQueInvestiga`) VALUES(187,'2018-4-20','Incumplimiento del deber',42,'Confirmado con punitivo',9,23);
INSERT INTO `Sumario` (`idSumario`,`Fecha`,`Descripcion`,`idDesignacion`,`Resultado`,`EstadoSumario`,`OficialQueInvestiga`) VALUES(188,'2018-3-6','Hurto',26,'Cancelado',18,56);
INSERT INTO `Sumario` (`idSumario`,`Fecha`,`Descripcion`,`idDesignacion`,`Resultado`,`EstadoSumario`,`OficialQueInvestiga`) VALUES(189,'2018-3-26','Exceso de fuerza',64,'Confirmado con amonestación',16,13);
INSERT INTO `Sumario` (`idSumario`,`Fecha`,`Descripcion`,`idDesignacion`,`Resultado`,`EstadoSumario`,`OficialQueInvestiga`) VALUES(190,'2018-3-23','Cobro de adicionales antirreglamentarios',54,'Confirmado con punitivo',13,38);
INSERT INTO `Sumario` (`idSumario`,`Fecha`,`Descripcion`,`idDesignacion`,`Resultado`,`EstadoSumario`,`OficialQueInvestiga`) VALUES(191,'2018-5-6','Consumo de estupefacientes',68,'Anulado',19,23);
INSERT INTO `Sumario` (`idSumario`,`Fecha`,`Descripcion`,`idDesignacion`,`Resultado`,`EstadoSumario`,`OficialQueInvestiga`) VALUES(192,'2018-2-16','Venta de armamento',5,'Anulado',14,58);
INSERT INTO `Sumario` (`idSumario`,`Fecha`,`Descripcion`,`idDesignacion`,`Resultado`,`EstadoSumario`,`OficialQueInvestiga`) VALUES(193,'2018-12-25','Exceso de fuerza',51,'Confirmado con punitivo',15,36);
INSERT INTO `Sumario` (`idSumario`,`Fecha`,`Descripcion`,`idDesignacion`,`Resultado`,`EstadoSumario`,`OficialQueInvestiga`) VALUES(194,'2018-12-4','Amedrentamiento',174,'Cancelado',5,48);
INSERT INTO `Sumario` (`idSumario`,`Fecha`,`Descripcion`,`idDesignacion`,`Resultado`,`EstadoSumario`,`OficialQueInvestiga`) VALUES(195,'2018-1-15','Exceso de fuerza',105,'Rechazado',5,63);
INSERT INTO `Sumario` (`idSumario`,`Fecha`,`Descripcion`,`idDesignacion`,`Resultado`,`EstadoSumario`,`OficialQueInvestiga`) VALUES(196,'2018-6-13','Conducción imprudente de móvil',38,'Rechazado',18,58);
INSERT INTO `Sumario` (`idSumario`,`Fecha`,`Descripcion`,`idDesignacion`,`Resultado`,`EstadoSumario`,`OficialQueInvestiga`) VALUES(197,'2018-3-3','Confección de estupefacientes',100,'Anulado',9,66);
INSERT INTO `Sumario` (`idSumario`,`Fecha`,`Descripcion`,`idDesignacion`,`Resultado`,`EstadoSumario`,`OficialQueInvestiga`) VALUES(198,'2018-11-27','Amedrentamiento',7,'Rechazado',6,3);
INSERT INTO `Sumario` (`idSumario`,`Fecha`,`Descripcion`,`idDesignacion`,`Resultado`,`EstadoSumario`,`OficialQueInvestiga`) VALUES(199,'2018-6-17','Hurto',143,'Cancelado',12,3);
