use mydb;
INSERT INTO `Tipo` (`idTipo`,`idDesignacion`,`Nombre`) VALUES (0,0,'Tráfico');
INSERT INTO `Tipo` (`idTipo`,`idDesignacion`,`Nombre`) VALUES (1,0,'Vigilancia Bancaria');
INSERT INTO `Tipo` (`idTipo`,`idDesignacion`,`Nombre`) VALUES (2,1,'Vigilancia Bancaria');
INSERT INTO `Tipo` (`idTipo`,`idDesignacion`,`Nombre`) VALUES (3,2,'Espectáculo Deportivo');
INSERT INTO `Tipo` (`idTipo`,`idDesignacion`,`Nombre`) VALUES (4,3,'Cumbre dirigencial');
INSERT INTO `Tipo` (`idTipo`,`idDesignacion`,`Nombre`) VALUES (5,4,'Espectáculo Deportivo');
INSERT INTO `Tipo` (`idTipo`,`idDesignacion`,`Nombre`) VALUES (6,5,'Cumbre dirigencial');
INSERT INTO `Tipo` (`idTipo`,`idDesignacion`,`Nombre`) VALUES (7,6,'Cumbre dirigencial');
INSERT INTO `Tipo` (`idTipo`,`idDesignacion`,`Nombre`) VALUES (8,6,'Seguridad especial');
INSERT INTO `Tipo` (`idTipo`,`idDesignacion`,`Nombre`) VALUES (9,6,'Vigilancia callejera');
INSERT INTO `Tipo` (`idTipo`,`idDesignacion`,`Nombre`) VALUES (10,6,'Espectáculo Deportivo');
INSERT INTO `Tipo` (`idTipo`,`idDesignacion`,`Nombre`) VALUES (11,7,'Cumbre dirigencial');
INSERT INTO `Tipo` (`idTipo`,`idDesignacion`,`Nombre`) VALUES (12,7,'Espectáculo Deportivo');
INSERT INTO `Tipo` (`idTipo`,`idDesignacion`,`Nombre`) VALUES (13,8,'Cumbre dirigencial');
INSERT INTO `Tipo` (`idTipo`,`idDesignacion`,`Nombre`) VALUES (14,9,'Hurto');
INSERT INTO `Tipo` (`idTipo`,`idDesignacion`,`Nombre`) VALUES (15,10,'Vigilancia Bancaria');
INSERT INTO `Tipo` (`idTipo`,`idDesignacion`,`Nombre`) VALUES (16,11,'Robo violento / asalto');
INSERT INTO `Tipo` (`idTipo`,`idDesignacion`,`Nombre`) VALUES (17,12,'Robo violento / asalto');
INSERT INTO `Tipo` (`idTipo`,`idDesignacion`,`Nombre`) VALUES (18,13,'Secuestro');
INSERT INTO `Tipo` (`idTipo`,`idDesignacion`,`Nombre`) VALUES (19,14,'Vigilancia Bancaria');
INSERT INTO `Tipo` (`idTipo`,`idDesignacion`,`Nombre`) VALUES (20,14,'Tráfico');
INSERT INTO `Tipo` (`idTipo`,`idDesignacion`,`Nombre`) VALUES (21,14,'Detección de estupefacientes');
INSERT INTO `Tipo` (`idTipo`,`idDesignacion`,`Nombre`) VALUES (22,15,'Tráfico');
INSERT INTO `Tipo` (`idTipo`,`idDesignacion`,`Nombre`) VALUES (23,16,'Vigilancia Bancaria');
INSERT INTO `Tipo` (`idTipo`,`idDesignacion`,`Nombre`) VALUES (24,16,'Tráfico');
INSERT INTO `Tipo` (`idTipo`,`idDesignacion`,`Nombre`) VALUES (25,17,'Pelea callejera');
INSERT INTO `Tipo` (`idTipo`,`idDesignacion`,`Nombre`) VALUES (26,18,'Cumbre dirigencial');
INSERT INTO `Tipo` (`idTipo`,`idDesignacion`,`Nombre`) VALUES (27,19,'Seguridad especial');
INSERT INTO `Tipo` (`idTipo`,`idDesignacion`,`Nombre`) VALUES (28,20,'Vigilancia callejera');
INSERT INTO `Tipo` (`idTipo`,`idDesignacion`,`Nombre`) VALUES (29,20,'Espectáculo Deportivo');
INSERT INTO `Tipo` (`idTipo`,`idDesignacion`,`Nombre`) VALUES (30,21,'Cumbre dirigencial');
INSERT INTO `Tipo` (`idTipo`,`idDesignacion`,`Nombre`) VALUES (31,22,'Vigilancia callejera');
INSERT INTO `Tipo` (`idTipo`,`idDesignacion`,`Nombre`) VALUES (32,22,'Espectáculo Deportivo');
INSERT INTO `Tipo` (`idTipo`,`idDesignacion`,`Nombre`) VALUES (33,23,'Cumbre dirigencial');
INSERT INTO `Tipo` (`idTipo`,`idDesignacion`,`Nombre`) VALUES (34,24,'Hurto');
INSERT INTO `Tipo` (`idTipo`,`idDesignacion`,`Nombre`) VALUES (35,24,'Vigilancia Bancaria');
INSERT INTO `Tipo` (`idTipo`,`idDesignacion`,`Nombre`) VALUES (36,25,'Robo violento / asalto');
INSERT INTO `Tipo` (`idTipo`,`idDesignacion`,`Nombre`) VALUES (37,25,'Secuestro');
INSERT INTO `Tipo` (`idTipo`,`idDesignacion`,`Nombre`) VALUES (38,26,'Vigilancia Bancaria');
INSERT INTO `Tipo` (`idTipo`,`idDesignacion`,`Nombre`) VALUES (39,26,'Tráfico');
INSERT INTO `Tipo` (`idTipo`,`idDesignacion`,`Nombre`) VALUES (40,27,'Detección de estupefacientes');
INSERT INTO `Tipo` (`idTipo`,`idDesignacion`,`Nombre`) VALUES (41,27,'Tráfico');
INSERT INTO `Tipo` (`idTipo`,`idDesignacion`,`Nombre`) VALUES (42,28,'Vigilancia Bancaria');
INSERT INTO `Tipo` (`idTipo`,`idDesignacion`,`Nombre`) VALUES (43,28,'Tráfico');
INSERT INTO `Tipo` (`idTipo`,`idDesignacion`,`Nombre`) VALUES (44,29,'Pelea callejera');
INSERT INTO `Tipo` (`idTipo`,`idDesignacion`,`Nombre`) VALUES (45,30,'Tráfico');
INSERT INTO `Tipo` (`idTipo`,`idDesignacion`,`Nombre`) VALUES (46,30,'Vigilancia Bancaria');
INSERT INTO `Tipo` (`idTipo`,`idDesignacion`,`Nombre`) VALUES (47,31,'Tráfico');
INSERT INTO `Tipo` (`idTipo`,`idDesignacion`,`Nombre`) VALUES (48,32,'Seguridad especial');
INSERT INTO `Tipo` (`idTipo`,`idDesignacion`,`Nombre`) VALUES (49,33,'Vigilancia Bancaria');
INSERT INTO `Tipo` (`idTipo`,`idDesignacion`,`Nombre`) VALUES (50,34,'Vigilancia callejera');
INSERT INTO `Tipo` (`idTipo`,`idDesignacion`,`Nombre`) VALUES (51,34,'Tráfico');
INSERT INTO `Tipo` (`idTipo`,`idDesignacion`,`Nombre`) VALUES (52,35,'Vigilancia Bancaria');
INSERT INTO `Tipo` (`idTipo`,`idDesignacion`,`Nombre`) VALUES (53,35,'Tráfico');
INSERT INTO `Tipo` (`idTipo`,`idDesignacion`,`Nombre`) VALUES (54,36,'Seguridad especial');
INSERT INTO `Tipo` (`idTipo`,`idDesignacion`,`Nombre`) VALUES (55,37,'Vigilancia Bancaria');
INSERT INTO `Tipo` (`idTipo`,`idDesignacion`,`Nombre`) VALUES (56,38,'Vigilancia callejera');
INSERT INTO `Tipo` (`idTipo`,`idDesignacion`,`Nombre`) VALUES (57,39,'Seguridad especial');
INSERT INTO `Tipo` (`idTipo`,`idDesignacion`,`Nombre`) VALUES (58,40,'Vigilancia callejera');
INSERT INTO `Tipo` (`idTipo`,`idDesignacion`,`Nombre`) VALUES (59,40,'Espectáculo Deportivo');
INSERT INTO `Tipo` (`idTipo`,`idDesignacion`,`Nombre`) VALUES (60,41,'Cumbre dirigencial');
INSERT INTO `Tipo` (`idTipo`,`idDesignacion`,`Nombre`) VALUES (61,42,'Espectáculo Deportivo');
INSERT INTO `Tipo` (`idTipo`,`idDesignacion`,`Nombre`) VALUES (62,42,'Cumbre dirigencial');
INSERT INTO `Tipo` (`idTipo`,`idDesignacion`,`Nombre`) VALUES (63,43,'Hurto');
INSERT INTO `Tipo` (`idTipo`,`idDesignacion`,`Nombre`) VALUES (64,43,'Vigilancia Bancaria');
INSERT INTO `Tipo` (`idTipo`,`idDesignacion`,`Nombre`) VALUES (65,44,'Robo violento / asalto');
INSERT INTO `Tipo` (`idTipo`,`idDesignacion`,`Nombre`) VALUES (66,44,'Secuestro');
INSERT INTO `Tipo` (`idTipo`,`idDesignacion`,`Nombre`) VALUES (67,45,'Vigilancia Bancaria');
INSERT INTO `Tipo` (`idTipo`,`idDesignacion`,`Nombre`) VALUES (68,45,'Tráfico');
INSERT INTO `Tipo` (`idTipo`,`idDesignacion`,`Nombre`) VALUES (69,46,'Detección de estupefacientes');
INSERT INTO `Tipo` (`idTipo`,`idDesignacion`,`Nombre`) VALUES (70,46,'Tráfico');
INSERT INTO `Tipo` (`idTipo`,`idDesignacion`,`Nombre`) VALUES (71,47,'Vigilancia Bancaria');
INSERT INTO `Tipo` (`idTipo`,`idDesignacion`,`Nombre`) VALUES (72,47,'Tráfico');
INSERT INTO `Tipo` (`idTipo`,`idDesignacion`,`Nombre`) VALUES (73,48,'Pelea callejera');
INSERT INTO `Tipo` (`idTipo`,`idDesignacion`,`Nombre`) VALUES (74,48,'Tráfico');
INSERT INTO `Tipo` (`idTipo`,`idDesignacion`,`Nombre`) VALUES (75,49,'Vigilancia Bancaria');
INSERT INTO `Tipo` (`idTipo`,`idDesignacion`,`Nombre`) VALUES (76,49,'Tráfico');
INSERT INTO `Tipo` (`idTipo`,`idDesignacion`,`Nombre`) VALUES (77,50,'Seguridad especial');
INSERT INTO `Tipo` (`idTipo`,`idDesignacion`,`Nombre`) VALUES (78,50,'Vigilancia Bancaria');
INSERT INTO `Tipo` (`idTipo`,`idDesignacion`,`Nombre`) VALUES (79,51,'Vigilancia callejera');
INSERT INTO `Tipo` (`idTipo`,`idDesignacion`,`Nombre`) VALUES (80,51,'Hurto');
INSERT INTO `Tipo` (`idTipo`,`idDesignacion`,`Nombre`) VALUES (81,51,'Robo violento / asalto');
INSERT INTO `Tipo` (`idTipo`,`idDesignacion`,`Nombre`) VALUES (82,52,'Tráfico');
INSERT INTO `Tipo` (`idTipo`,`idDesignacion`,`Nombre`) VALUES (83,53,'Tráfico');
INSERT INTO `Tipo` (`idTipo`,`idDesignacion`,`Nombre`) VALUES (84,54,'Vigilancia Bancaria');
INSERT INTO `Tipo` (`idTipo`,`idDesignacion`,`Nombre`) VALUES (85,55,'Espectáculo Deportivo');
INSERT INTO `Tipo` (`idTipo`,`idDesignacion`,`Nombre`) VALUES (86,56,'Vigilancia Bancaria');
INSERT INTO `Tipo` (`idTipo`,`idDesignacion`,`Nombre`) VALUES (87,57,'Cumbre dirigencial');
INSERT INTO `Tipo` (`idTipo`,`idDesignacion`,`Nombre`) VALUES (88,58,'Vigilancia Bancaria');
INSERT INTO `Tipo` (`idTipo`,`idDesignacion`,`Nombre`) VALUES (89,59,'Vigilancia Bancaria');
INSERT INTO `Tipo` (`idTipo`,`idDesignacion`,`Nombre`) VALUES (90,59,'Vigilancia Bancaria');
INSERT INTO `Tipo` (`idTipo`,`idDesignacion`,`Nombre`) VALUES (91,60,'Espectáculo Deportivo');
INSERT INTO `Tipo` (`idTipo`,`idDesignacion`,`Nombre`) VALUES (92,61,'Cumbre dirigencial');
INSERT INTO `Tipo` (`idTipo`,`idDesignacion`,`Nombre`) VALUES (93,62,'Espectáculo Deportivo');
INSERT INTO `Tipo` (`idTipo`,`idDesignacion`,`Nombre`) VALUES (94,63,'Cumbre dirigencial');
INSERT INTO `Tipo` (`idTipo`,`idDesignacion`,`Nombre`) VALUES (95,64,'Hurto');
INSERT INTO `Tipo` (`idTipo`,`idDesignacion`,`Nombre`) VALUES (96,64,'Vigilancia Bancaria');
INSERT INTO `Tipo` (`idTipo`,`idDesignacion`,`Nombre`) VALUES (97,65,'Robo violento / asalto');
INSERT INTO `Tipo` (`idTipo`,`idDesignacion`,`Nombre`) VALUES (98,65,'Secuestro');
INSERT INTO `Tipo` (`idTipo`,`idDesignacion`,`Nombre`) VALUES (99,66,'Vigilancia Bancaria');
INSERT INTO `Tipo` (`idTipo`,`idDesignacion`,`Nombre`) VALUES (100,66,'Tráfico');
INSERT INTO `Tipo` (`idTipo`,`idDesignacion`,`Nombre`) VALUES (102,67,'Detección de estupefacientes');
INSERT INTO `Tipo` (`idTipo`,`idDesignacion`,`Nombre`) VALUES (103,67,'Tráfico');
INSERT INTO `Tipo` (`idTipo`,`idDesignacion`,`Nombre`) VALUES (104,68,'Vigilancia Bancaria');
INSERT INTO `Tipo` (`idTipo`,`idDesignacion`,`Nombre`) VALUES (105,68,'Tráfico');
INSERT INTO `Tipo` (`idTipo`,`idDesignacion`,`Nombre`) VALUES (106,69,'Pelea callejera');
INSERT INTO `Tipo` (`idTipo`,`idDesignacion`,`Nombre`) VALUES (107,70,'Tráfico');
INSERT INTO `Tipo` (`idTipo`,`idDesignacion`,`Nombre`) VALUES (108,70,'Vigilancia Bancaria');
INSERT INTO `Tipo` (`idTipo`,`idDesignacion`,`Nombre`) VALUES (109,81,'Tráfico');
INSERT INTO `Tipo` (`idTipo`,`idDesignacion`,`Nombre`) VALUES (110,82,'Seguridad especial');
INSERT INTO `Tipo` (`idTipo`,`idDesignacion`,`Nombre`) VALUES (111,83,'Vigilancia Bancaria');
INSERT INTO `Tipo` (`idTipo`,`idDesignacion`,`Nombre`) VALUES (112,84,'Pelea callejera');
INSERT INTO `Tipo` (`idTipo`,`idDesignacion`,`Nombre`) VALUES (113,84,'Tráfico');
INSERT INTO `Tipo` (`idTipo`,`idDesignacion`,`Nombre`) VALUES (114,85,'Vigilancia Bancaria');
INSERT INTO `Tipo` (`idTipo`,`idDesignacion`,`Nombre`) VALUES (115,85,'Tráfico');
INSERT INTO `Tipo` (`idTipo`,`idDesignacion`,`Nombre`) VALUES (116,86,'Seguridad especial');
INSERT INTO `Tipo` (`idTipo`,`idDesignacion`,`Nombre`) VALUES (117,86,'Vigilancia Bancaria');
INSERT INTO `Tipo` (`idTipo`,`idDesignacion`,`Nombre`) VALUES (118,87,'Vigilancia Bancaria');
INSERT INTO `Tipo` (`idTipo`,`idDesignacion`,`Nombre`) VALUES (119,88,'Vigilancia callejera');
INSERT INTO `Tipo` (`idTipo`,`idDesignacion`,`Nombre`) VALUES (120,88,'Hurto');
INSERT INTO `Tipo` (`idTipo`,`idDesignacion`,`Nombre`) VALUES (121,89,'Robo violento / asalto');
INSERT INTO `Tipo` (`idTipo`,`idDesignacion`,`Nombre`) VALUES (122,89,'Tráfico');
INSERT INTO `Tipo` (`idTipo`,`idDesignacion`,`Nombre`) VALUES (123,90,'Hurto');
INSERT INTO `Tipo` (`idTipo`,`idDesignacion`,`Nombre`) VALUES (124,90,'Vigilancia Bancaria');
INSERT INTO `Tipo` (`idTipo`,`idDesignacion`,`Nombre`) VALUES (125,91,'Robo violento / asalto');
INSERT INTO `Tipo` (`idTipo`,`idDesignacion`,`Nombre`) VALUES (126,92,'Secuestro');
INSERT INTO `Tipo` (`idTipo`,`idDesignacion`,`Nombre`) VALUES (127,93,'Vigilancia Bancaria');
INSERT INTO `Tipo` (`idTipo`,`idDesignacion`,`Nombre`) VALUES (128,94,'Tráfico');
INSERT INTO `Tipo` (`idTipo`,`idDesignacion`,`Nombre`) VALUES (129,95,'Detección de estupefacientes');
INSERT INTO `Tipo` (`idTipo`,`idDesignacion`,`Nombre`) VALUES (130,96,'Pelea callejera');
INSERT INTO `Tipo` (`idTipo`,`idDesignacion`,`Nombre`) VALUES (131,96,'Tráfico');
INSERT INTO `Tipo` (`idTipo`,`idDesignacion`,`Nombre`) VALUES (132,97,'Vigilancia Bancaria');
INSERT INTO `Tipo` (`idTipo`,`idDesignacion`,`Nombre`) VALUES (133,98,'Tráfico');
INSERT INTO `Tipo` (`idTipo`,`idDesignacion`,`Nombre`) VALUES (134,99,'Seguridad especial');
INSERT INTO `Tipo` (`idTipo`,`idDesignacion`,`Nombre`) VALUES (135,24,'Vigilancia Bancaria');
INSERT INTO `Tipo` (`idTipo`,`idDesignacion`,`Nombre`) VALUES (136,25,'Robo violento / asalto');
INSERT INTO `Tipo` (`idTipo`,`idDesignacion`,`Nombre`) VALUES (137,25,'Secuestro');
INSERT INTO `Tipo` (`idTipo`,`idDesignacion`,`Nombre`) VALUES (138,26,'Vigilancia Bancaria');
INSERT INTO `Tipo` (`idTipo`,`idDesignacion`,`Nombre`) VALUES (139,26,'Tráfico');
INSERT INTO `Tipo` (`idTipo`,`idDesignacion`,`Nombre`) VALUES (140,27,'Detección de estupefacientes');
INSERT INTO `Tipo` (`idTipo`,`idDesignacion`,`Nombre`) VALUES (141,27,'Tráfico');
INSERT INTO `Tipo` (`idTipo`,`idDesignacion`,`Nombre`) VALUES (142,28,'Vigilancia Bancaria');
INSERT INTO `Tipo` (`idTipo`,`idDesignacion`,`Nombre`) VALUES (143,28,'Tráfico');
INSERT INTO `Tipo` (`idTipo`,`idDesignacion`,`Nombre`) VALUES (144,29,'Pelea callejera');
INSERT INTO `Tipo` (`idTipo`,`idDesignacion`,`Nombre`) VALUES (145,30,'Tráfico');
INSERT INTO `Tipo` (`idTipo`,`idDesignacion`,`Nombre`) VALUES (146,30,'Vigilancia Bancaria');
INSERT INTO `Tipo` (`idTipo`,`idDesignacion`,`Nombre`) VALUES (147,31,'Tráfico');
INSERT INTO `Tipo` (`idTipo`,`idDesignacion`,`Nombre`) VALUES (148,32,'Seguridad especial');
INSERT INTO `Tipo` (`idTipo`,`idDesignacion`,`Nombre`) VALUES (149,33,'Vigilancia Bancaria');
INSERT INTO `Tipo` (`idTipo`,`idDesignacion`,`Nombre`) VALUES (150,34,'Vigilancia callejera');
INSERT INTO `Tipo` (`idTipo`,`idDesignacion`,`Nombre`) VALUES (151,34,'Tráfico');
INSERT INTO `Tipo` (`idTipo`,`idDesignacion`,`Nombre`) VALUES (152,35,'Vigilancia Bancaria');
INSERT INTO `Tipo` (`idTipo`,`idDesignacion`,`Nombre`) VALUES (153,35,'Tráfico');
INSERT INTO `Tipo` (`idTipo`,`idDesignacion`,`Nombre`) VALUES (154,36,'Seguridad especial');
INSERT INTO `Tipo` (`idTipo`,`idDesignacion`,`Nombre`) VALUES (155,37,'Vigilancia Bancaria');
INSERT INTO `Tipo` (`idTipo`,`idDesignacion`,`Nombre`) VALUES (156,38,'Vigilancia callejera');
INSERT INTO `Tipo` (`idTipo`,`idDesignacion`,`Nombre`) VALUES (157,39,'Seguridad especial');
INSERT INTO `Tipo` (`idTipo`,`idDesignacion`,`Nombre`) VALUES (158,40,'Vigilancia callejera');
INSERT INTO `Tipo` (`idTipo`,`idDesignacion`,`Nombre`) VALUES (159,40,'Espectáculo Deportivo');
INSERT INTO `Tipo` (`idTipo`,`idDesignacion`,`Nombre`) VALUES (160,41,'Cumbre dirigencial');
INSERT INTO `Tipo` (`idTipo`,`idDesignacion`,`Nombre`) VALUES (161,42,'Espectáculo Deportivo');
INSERT INTO `Tipo` (`idTipo`,`idDesignacion`,`Nombre`) VALUES (162,42,'Cumbre dirigencial');
INSERT INTO `Tipo` (`idTipo`,`idDesignacion`,`Nombre`) VALUES (163,43,'Hurto');
INSERT INTO `Tipo` (`idTipo`,`idDesignacion`,`Nombre`) VALUES (164,43,'Vigilancia Bancaria');
INSERT INTO `Tipo` (`idTipo`,`idDesignacion`,`Nombre`) VALUES (165,44,'Robo violento / asalto');
INSERT INTO `Tipo` (`idTipo`,`idDesignacion`,`Nombre`) VALUES (166,44,'Secuestro');
INSERT INTO `Tipo` (`idTipo`,`idDesignacion`,`Nombre`) VALUES (167,45,'Vigilancia Bancaria');
INSERT INTO `Tipo` (`idTipo`,`idDesignacion`,`Nombre`) VALUES (168,45,'Tráfico');
INSERT INTO `Tipo` (`idTipo`,`idDesignacion`,`Nombre`) VALUES (169,46,'Detección de estupefacientes');
INSERT INTO `Tipo` (`idTipo`,`idDesignacion`,`Nombre`) VALUES (170,46,'Tráfico');
INSERT INTO `Tipo` (`idTipo`,`idDesignacion`,`Nombre`) VALUES (171,47,'Vigilancia Bancaria');
INSERT INTO `Tipo` (`idTipo`,`idDesignacion`,`Nombre`) VALUES (172,47,'Tráfico');
INSERT INTO `Tipo` (`idTipo`,`idDesignacion`,`Nombre`) VALUES (173,48,'Pelea callejera');
INSERT INTO `Tipo` (`idTipo`,`idDesignacion`,`Nombre`) VALUES (174,48,'Tráfico');
INSERT INTO `Tipo` (`idTipo`,`idDesignacion`,`Nombre`) VALUES (175,49,'Vigilancia Bancaria');
INSERT INTO `Tipo` (`idTipo`,`idDesignacion`,`Nombre`) VALUES (176,49,'Tráfico');
INSERT INTO `Tipo` (`idTipo`,`idDesignacion`,`Nombre`) VALUES (177,50,'Seguridad especial');
INSERT INTO `Tipo` (`idTipo`,`idDesignacion`,`Nombre`) VALUES (178,50,'Vigilancia Bancaria');
INSERT INTO `Tipo` (`idTipo`,`idDesignacion`,`Nombre`) VALUES (179,51,'Vigilancia callejera');
INSERT INTO `Tipo` (`idTipo`,`idDesignacion`,`Nombre`) VALUES (180,51,'Hurto');
INSERT INTO `Tipo` (`idTipo`,`idDesignacion`,`Nombre`) VALUES (181,51,'Robo violento / asalto');
INSERT INTO `Tipo` (`idTipo`,`idDesignacion`,`Nombre`) VALUES (182,52,'Tráfico');
INSERT INTO `Tipo` (`idTipo`,`idDesignacion`,`Nombre`) VALUES (183,53,'Tráfico');
INSERT INTO `Tipo` (`idTipo`,`idDesignacion`,`Nombre`) VALUES (184,54,'Vigilancia Bancaria');
INSERT INTO `Tipo` (`idTipo`,`idDesignacion`,`Nombre`) VALUES (185,55,'Espectáculo Deportivo');
INSERT INTO `Tipo` (`idTipo`,`idDesignacion`,`Nombre`) VALUES (186,56,'Vigilancia Bancaria');
INSERT INTO `Tipo` (`idTipo`,`idDesignacion`,`Nombre`) VALUES (187,57,'Cumbre dirigencial');
INSERT INTO `Tipo` (`idTipo`,`idDesignacion`,`Nombre`) VALUES (188,58,'Vigilancia Bancaria');
INSERT INTO `Tipo` (`idTipo`,`idDesignacion`,`Nombre`) VALUES (189,59,'Vigilancia Bancaria');
INSERT INTO `Tipo` (`idTipo`,`idDesignacion`,`Nombre`) VALUES (190,59,'Vigilancia Bancaria');
INSERT INTO `Tipo` (`idTipo`,`idDesignacion`,`Nombre`) VALUES (191,60,'Espectáculo Deportivo');
INSERT INTO `Tipo` (`idTipo`,`idDesignacion`,`Nombre`) VALUES (192,61,'Cumbre dirigencial');
INSERT INTO `Tipo` (`idTipo`,`idDesignacion`,`Nombre`) VALUES (193,62,'Espectáculo Deportivo');
INSERT INTO `Tipo` (`idTipo`,`idDesignacion`,`Nombre`) VALUES (194,63,'Cumbre dirigencial');
INSERT INTO `Tipo` (`idTipo`,`idDesignacion`,`Nombre`) VALUES (195,64,'Hurto');
INSERT INTO `Tipo` (`idTipo`,`idDesignacion`,`Nombre`) VALUES (196,64,'Vigilancia Bancaria');
INSERT INTO `Tipo` (`idTipo`,`idDesignacion`,`Nombre`) VALUES (197,65,'Robo violento / asalto');
INSERT INTO `Tipo` (`idTipo`,`idDesignacion`,`Nombre`) VALUES (198,65,'Secuestro');
INSERT INTO `Tipo` (`idTipo`,`idDesignacion`,`Nombre`) VALUES (199,66,'Vigilancia Bancaria');
INSERT INTO `Tipo` (`idTipo`,`idDesignacion`,`Nombre`) VALUES (200,66,'Tráfico');
INSERT INTO `Tipo` (`idTipo`,`idDesignacion`,`Nombre`) VALUES (202,67,'Detección de estupefacientes');
INSERT INTO `Tipo` (`idTipo`,`idDesignacion`,`Nombre`) VALUES (203,67,'Tráfico');
INSERT INTO `Tipo` (`idTipo`,`idDesignacion`,`Nombre`) VALUES (204,68,'Vigilancia Bancaria');
INSERT INTO `Tipo` (`idTipo`,`idDesignacion`,`Nombre`) VALUES (205,68,'Tráfico');
INSERT INTO `Tipo` (`idTipo`,`idDesignacion`,`Nombre`) VALUES (206,69,'Pelea callejera');
INSERT INTO `Tipo` (`idTipo`,`idDesignacion`,`Nombre`) VALUES (207,70,'Tráfico');
INSERT INTO `Tipo` (`idTipo`,`idDesignacion`,`Nombre`) VALUES (208,70,'Vigilancia Bancaria');
INSERT INTO `Tipo` (`idTipo`,`idDesignacion`,`Nombre`) VALUES (209,81,'Tráfico');
INSERT INTO `Tipo` (`idTipo`,`idDesignacion`,`Nombre`) VALUES (210,82,'Seguridad especial');
INSERT INTO `Tipo` (`idTipo`,`idDesignacion`,`Nombre`) VALUES (211,83,'Vigilancia Bancaria');
INSERT INTO `Tipo` (`idTipo`,`idDesignacion`,`Nombre`) VALUES (212,84,'Pelea callejera');


INSERT INTO `Designacion` (`idDesignacion`,`num`) VALUES(0,0);
INSERT INTO `Designacion` (`idDesignacion`,`num`) VALUES(1,0);
INSERT INTO `Designacion` (`idDesignacion`,`num`) VALUES(2,0);
INSERT INTO `Designacion` (`idDesignacion`,`num`) VALUES(3,1);
INSERT INTO `Designacion` (`idDesignacion`,`num`) VALUES(4,2);
INSERT INTO `Designacion` (`idDesignacion`,`num`) VALUES(5,2);
INSERT INTO `Designacion` (`idDesignacion`,`num`) VALUES(6,2);
INSERT INTO `Designacion` (`idDesignacion`,`num`) VALUES(7,2);
INSERT INTO `Designacion` (`idDesignacion`,`num`) VALUES(8,2);
INSERT INTO `Designacion` (`idDesignacion`,`num`) VALUES(9,2);
INSERT INTO `Designacion` (`idDesignacion`,`num`) VALUES(10,3);
INSERT INTO `Designacion` (`idDesignacion`,`num`) VALUES(11,3);
INSERT INTO `Designacion` (`idDesignacion`,`num`) VALUES(12,3);
INSERT INTO `Designacion` (`idDesignacion`,`num`) VALUES(13,4);
INSERT INTO `Designacion` (`idDesignacion`,`num`) VALUES(14,5);
INSERT INTO `Designacion` (`idDesignacion`,`num`) VALUES(15,5);
INSERT INTO `Designacion` (`idDesignacion`,`num`) VALUES(16,7);
INSERT INTO `Designacion` (`idDesignacion`,`num`) VALUES(17,7);
INSERT INTO `Designacion` (`idDesignacion`,`num`) VALUES(18,7);
INSERT INTO `Designacion` (`idDesignacion`,`num`) VALUES(19,8);
INSERT INTO `Designacion` (`idDesignacion`,`num`) VALUES(20,9);
INSERT INTO `Designacion` (`idDesignacion`,`num`) VALUES(21,10);
INSERT INTO `Designacion` (`idDesignacion`,`num`) VALUES(22,11);
INSERT INTO `Designacion` (`idDesignacion`,`num`) VALUES(23,11);
INSERT INTO `Designacion` (`idDesignacion`,`num`) VALUES(24,11);
INSERT INTO `Designacion` (`idDesignacion`,`num`) VALUES(25,12);
INSERT INTO `Designacion` (`idDesignacion`,`num`) VALUES(26,12);
INSERT INTO `Designacion` (`idDesignacion`,`num`) VALUES(27,13);
INSERT INTO `Designacion` (`idDesignacion`,`num`) VALUES(28,13);
INSERT INTO `Designacion` (`idDesignacion`,`num`) VALUES(29,15);
INSERT INTO `Designacion` (`idDesignacion`,`num`) VALUES(30,16);
INSERT INTO `Designacion` (`idDesignacion`,`num`) VALUES(31,16);
INSERT INTO `Designacion` (`idDesignacion`,`num`) VALUES(32,16);
INSERT INTO `Designacion` (`idDesignacion`,`num`) VALUES(33,16);
INSERT INTO `Designacion` (`idDesignacion`,`num`) VALUES(34,16);
INSERT INTO `Designacion` (`idDesignacion`,`num`) VALUES(35,16);
INSERT INTO `Designacion` (`idDesignacion`,`num`) VALUES(36,16);
INSERT INTO `Designacion` (`idDesignacion`,`num`) VALUES(37,17);
INSERT INTO `Designacion` (`idDesignacion`,`num`) VALUES(38,17);
INSERT INTO `Designacion` (`idDesignacion`,`num`) VALUES(39,18);
INSERT INTO `Designacion` (`idDesignacion`,`num`) VALUES(40,18);
INSERT INTO `Designacion` (`idDesignacion`,`num`) VALUES(41,18);
INSERT INTO `Designacion` (`idDesignacion`,`num`) VALUES(42,18);
INSERT INTO `Designacion` (`idDesignacion`,`num`) VALUES(43,18);
INSERT INTO `Designacion` (`idDesignacion`,`num`) VALUES(44,18);
INSERT INTO `Designacion` (`idDesignacion`,`num`) VALUES(45,18);
INSERT INTO `Designacion` (`idDesignacion`,`num`) VALUES(46,18);
INSERT INTO `Designacion` (`idDesignacion`,`num`) VALUES(47,18);
INSERT INTO `Designacion` (`idDesignacion`,`num`) VALUES(48,18);
INSERT INTO `Designacion` (`idDesignacion`,`num`) VALUES(49,19);
INSERT INTO `Designacion` (`idDesignacion`,`num`) VALUES(50,19);
INSERT INTO `Designacion` (`idDesignacion`,`num`) VALUES(51,20);
INSERT INTO `Designacion` (`idDesignacion`,`num`) VALUES(52,20);
INSERT INTO `Designacion` (`idDesignacion`,`num`) VALUES(53,20);
INSERT INTO `Designacion` (`idDesignacion`,`num`) VALUES(54,20);
INSERT INTO `Designacion` (`idDesignacion`,`num`) VALUES(55,20);
INSERT INTO `Designacion` (`idDesignacion`,`num`) VALUES(56,20);
INSERT INTO `Designacion` (`idDesignacion`,`num`) VALUES(57,21);
INSERT INTO `Designacion` (`idDesignacion`,`num`) VALUES(58,21);
INSERT INTO `Designacion` (`idDesignacion`,`num`) VALUES(59,21);
INSERT INTO `Designacion` (`idDesignacion`,`num`) VALUES(60,22);
INSERT INTO `Designacion` (`idDesignacion`,`num`) VALUES(61,22);
INSERT INTO `Designacion` (`idDesignacion`,`num`) VALUES(62,23);
INSERT INTO `Designacion` (`idDesignacion`,`num`) VALUES(63,23);
INSERT INTO `Designacion` (`idDesignacion`,`num`) VALUES(64,23);
INSERT INTO `Designacion` (`idDesignacion`,`num`) VALUES(65,23);
INSERT INTO `Designacion` (`idDesignacion`,`num`) VALUES(66,23);
INSERT INTO `Designacion` (`idDesignacion`,`num`) VALUES(67,23);
INSERT INTO `Designacion` (`idDesignacion`,`num`) VALUES(68,23);
INSERT INTO `Designacion` (`idDesignacion`,`num`) VALUES(69,23);
INSERT INTO `Designacion` (`idDesignacion`,`num`) VALUES(70,23);
INSERT INTO `Designacion` (`idDesignacion`,`num`) VALUES(71,23);
INSERT INTO `Designacion` (`idDesignacion`,`num`) VALUES(72,23);
INSERT INTO `Designacion` (`idDesignacion`,`num`) VALUES(73,23);
INSERT INTO `Designacion` (`idDesignacion`,`num`) VALUES(74,24);
INSERT INTO `Designacion` (`idDesignacion`,`num`) VALUES(75,24);
INSERT INTO `Designacion` (`idDesignacion`,`num`) VALUES(76,24);
INSERT INTO `Designacion` (`idDesignacion`,`num`) VALUES(77,24);
INSERT INTO `Designacion` (`idDesignacion`,`num`) VALUES(78,25);
INSERT INTO `Designacion` (`idDesignacion`,`num`) VALUES(79,25);
INSERT INTO `Designacion` (`idDesignacion`,`num`) VALUES(80,25);
INSERT INTO `Designacion` (`idDesignacion`,`num`) VALUES(81,25);
INSERT INTO `Designacion` (`idDesignacion`,`num`) VALUES(82,25);
INSERT INTO `Designacion` (`idDesignacion`,`num`) VALUES(83,25);
INSERT INTO `Designacion` (`idDesignacion`,`num`) VALUES(84,26);
INSERT INTO `Designacion` (`idDesignacion`,`num`) VALUES(85,27);
INSERT INTO `Designacion` (`idDesignacion`,`num`) VALUES(86,27);
INSERT INTO `Designacion` (`idDesignacion`,`num`) VALUES(87,27);
INSERT INTO `Designacion` (`idDesignacion`,`num`) VALUES(88,28);
INSERT INTO `Designacion` (`idDesignacion`,`num`) VALUES(89,28);
INSERT INTO `Designacion` (`idDesignacion`,`num`) VALUES(90,29);
INSERT INTO `Designacion` (`idDesignacion`,`num`) VALUES(91,29);
INSERT INTO `Designacion` (`idDesignacion`,`num`) VALUES(92,29);
INSERT INTO `Designacion` (`idDesignacion`,`num`) VALUES(93,30);
INSERT INTO `Designacion` (`idDesignacion`,`num`) VALUES(94,30);
INSERT INTO `Designacion` (`idDesignacion`,`num`) VALUES(95,30);
INSERT INTO `Designacion` (`idDesignacion`,`num`) VALUES(96,31);
INSERT INTO `Designacion` (`idDesignacion`,`num`) VALUES(97,31);
INSERT INTO `Designacion` (`idDesignacion`,`num`) VALUES(98,32);
INSERT INTO `Designacion` (`idDesignacion`,`num`) VALUES(99,33);
INSERT INTO `Designacion` (`idDesignacion`,`num`) VALUES(100,33);
INSERT INTO `Designacion` (`idDesignacion`,`num`) VALUES(101,34);
INSERT INTO `Designacion` (`idDesignacion`,`num`) VALUES(102,34);
INSERT INTO `Designacion` (`idDesignacion`,`num`) VALUES(103,35);
INSERT INTO `Designacion` (`idDesignacion`,`num`) VALUES(104,35);
INSERT INTO `Designacion` (`idDesignacion`,`num`) VALUES(105,35);
INSERT INTO `Designacion` (`idDesignacion`,`num`) VALUES(106,36);
INSERT INTO `Designacion` (`idDesignacion`,`num`) VALUES(107,36);
INSERT INTO `Designacion` (`idDesignacion`,`num`) VALUES(108,37);
INSERT INTO `Designacion` (`idDesignacion`,`num`) VALUES(109,39);
INSERT INTO `Designacion` (`idDesignacion`,`num`) VALUES(110,39);
INSERT INTO `Designacion` (`idDesignacion`,`num`) VALUES(111,39);
INSERT INTO `Designacion` (`idDesignacion`,`num`) VALUES(112,39);
INSERT INTO `Designacion` (`idDesignacion`,`num`) VALUES(113,40);
INSERT INTO `Designacion` (`idDesignacion`,`num`) VALUES(114,40);
INSERT INTO `Designacion` (`idDesignacion`,`num`) VALUES(115,40);
INSERT INTO `Designacion` (`idDesignacion`,`num`) VALUES(116,40);
INSERT INTO `Designacion` (`idDesignacion`,`num`) VALUES(117,40);
INSERT INTO `Designacion` (`idDesignacion`,`num`) VALUES(118,40);
INSERT INTO `Designacion` (`idDesignacion`,`num`) VALUES(119,40);
INSERT INTO `Designacion` (`idDesignacion`,`num`) VALUES(120,40);
INSERT INTO `Designacion` (`idDesignacion`,`num`) VALUES(121,40);
INSERT INTO `Designacion` (`idDesignacion`,`num`) VALUES(122,41);
INSERT INTO `Designacion` (`idDesignacion`,`num`) VALUES(123,41);
INSERT INTO `Designacion` (`idDesignacion`,`num`) VALUES(124,41);
INSERT INTO `Designacion` (`idDesignacion`,`num`) VALUES(125,42);
INSERT INTO `Designacion` (`idDesignacion`,`num`) VALUES(126,42);
INSERT INTO `Designacion` (`idDesignacion`,`num`) VALUES(127,43);
INSERT INTO `Designacion` (`idDesignacion`,`num`) VALUES(128,43);
INSERT INTO `Designacion` (`idDesignacion`,`num`) VALUES(129,45);
INSERT INTO `Designacion` (`idDesignacion`,`num`) VALUES(130,46);
INSERT INTO `Designacion` (`idDesignacion`,`num`) VALUES(131,46);
INSERT INTO `Designacion` (`idDesignacion`,`num`) VALUES(132,46);
INSERT INTO `Designacion` (`idDesignacion`,`num`) VALUES(133,46);
INSERT INTO `Designacion` (`idDesignacion`,`num`) VALUES(134,46);
INSERT INTO `Designacion` (`idDesignacion`,`num`) VALUES(135,46);
INSERT INTO `Designacion` (`idDesignacion`,`num`) VALUES(136,46);
INSERT INTO `Designacion` (`idDesignacion`,`num`) VALUES(137,47);
INSERT INTO `Designacion` (`idDesignacion`,`num`) VALUES(138,47);
INSERT INTO `Designacion` (`idDesignacion`,`num`) VALUES(139,48);
INSERT INTO `Designacion` (`idDesignacion`,`num`) VALUES(140,48);
INSERT INTO `Designacion` (`idDesignacion`,`num`) VALUES(141,48);
INSERT INTO `Designacion` (`idDesignacion`,`num`) VALUES(142,48);
INSERT INTO `Designacion` (`idDesignacion`,`num`) VALUES(143,48);
INSERT INTO `Designacion` (`idDesignacion`,`num`) VALUES(144,48);
INSERT INTO `Designacion` (`idDesignacion`,`num`) VALUES(145,48);
INSERT INTO `Designacion` (`idDesignacion`,`num`) VALUES(146,48);
INSERT INTO `Designacion` (`idDesignacion`,`num`) VALUES(147,48);
INSERT INTO `Designacion` (`idDesignacion`,`num`) VALUES(148,48);
INSERT INTO `Designacion` (`idDesignacion`,`num`) VALUES(149,49);
INSERT INTO `Designacion` (`idDesignacion`,`num`) VALUES(150,49);
INSERT INTO `Designacion` (`idDesignacion`,`num`) VALUES(151,50);
INSERT INTO `Designacion` (`idDesignacion`,`num`) VALUES(152,50);
INSERT INTO `Designacion` (`idDesignacion`,`num`) VALUES(153,50);
INSERT INTO `Designacion` (`idDesignacion`,`num`) VALUES(154,50);
INSERT INTO `Designacion` (`idDesignacion`,`num`) VALUES(155,50);
INSERT INTO `Designacion` (`idDesignacion`,`num`) VALUES(156,50);
INSERT INTO `Designacion` (`idDesignacion`,`num`) VALUES(157,51);
INSERT INTO `Designacion` (`idDesignacion`,`num`) VALUES(158,51);
INSERT INTO `Designacion` (`idDesignacion`,`num`) VALUES(159,51);
INSERT INTO `Designacion` (`idDesignacion`,`num`) VALUES(160,52);
INSERT INTO `Designacion` (`idDesignacion`,`num`) VALUES(161,52);
INSERT INTO `Designacion` (`idDesignacion`,`num`) VALUES(162,53);
INSERT INTO `Designacion` (`idDesignacion`,`num`) VALUES(163,53);
INSERT INTO `Designacion` (`idDesignacion`,`num`) VALUES(164,53);
INSERT INTO `Designacion` (`idDesignacion`,`num`) VALUES(165,53);
INSERT INTO `Designacion` (`idDesignacion`,`num`) VALUES(166,53);
INSERT INTO `Designacion` (`idDesignacion`,`num`) VALUES(167,53);
INSERT INTO `Designacion` (`idDesignacion`,`num`) VALUES(168,53);
INSERT INTO `Designacion` (`idDesignacion`,`num`) VALUES(169,53);
INSERT INTO `Designacion` (`idDesignacion`,`num`) VALUES(170,53);
INSERT INTO `Designacion` (`idDesignacion`,`num`) VALUES(171,53);
INSERT INTO `Designacion` (`idDesignacion`,`num`) VALUES(172,53);
INSERT INTO `Designacion` (`idDesignacion`,`num`) VALUES(173,53);
INSERT INTO `Designacion` (`idDesignacion`,`num`) VALUES(174,54);
INSERT INTO `Designacion` (`idDesignacion`,`num`) VALUES(175,54);
INSERT INTO `Designacion` (`idDesignacion`,`num`) VALUES(176,54);
INSERT INTO `Designacion` (`idDesignacion`,`num`) VALUES(177,54);
INSERT INTO `Designacion` (`idDesignacion`,`num`) VALUES(178,55);
INSERT INTO `Designacion` (`idDesignacion`,`num`) VALUES(179,55);
INSERT INTO `Designacion` (`idDesignacion`,`num`) VALUES(180,55);
INSERT INTO `Designacion` (`idDesignacion`,`num`) VALUES(181,55);
INSERT INTO `Designacion` (`idDesignacion`,`num`) VALUES(182,55);
INSERT INTO `Designacion` (`idDesignacion`,`num`) VALUES(183,55);
INSERT INTO `Designacion` (`idDesignacion`,`num`) VALUES(184,56);
INSERT INTO `Designacion` (`idDesignacion`,`num`) VALUES(185,57);
INSERT INTO `Designacion` (`idDesignacion`,`num`) VALUES(186,57);
INSERT INTO `Designacion` (`idDesignacion`,`num`) VALUES(187,57);
INSERT INTO `Designacion` (`idDesignacion`,`num`) VALUES(188,58);
INSERT INTO `Designacion` (`idDesignacion`,`num`) VALUES(189,58);
INSERT INTO `Designacion` (`idDesignacion`,`num`) VALUES(190,59);
INSERT INTO `Designacion` (`idDesignacion`,`num`) VALUES(191,59);
INSERT INTO `Designacion` (`idDesignacion`,`num`) VALUES(192,59);
INSERT INTO `Designacion` (`idDesignacion`,`num`) VALUES(193,60);
INSERT INTO `Designacion` (`idDesignacion`,`num`) VALUES(194,60);
INSERT INTO `Designacion` (`idDesignacion`,`num`) VALUES(195,60);
INSERT INTO `Designacion` (`idDesignacion`,`num`) VALUES(196,61);
INSERT INTO `Designacion` (`idDesignacion`,`num`) VALUES(197,61);
INSERT INTO `Designacion` (`idDesignacion`,`num`) VALUES(198,62);
INSERT INTO `Designacion` (`idDesignacion`,`num`) VALUES(199,63);
INSERT INTO `Designacion` (`idDesignacion`,`num`) VALUES(200,63);
INSERT INTO `Designacion` (`idDesignacion`,`num`) VALUES(201,64);
INSERT INTO `Designacion` (`idDesignacion`,`num`) VALUES(202,64);
INSERT INTO `Designacion` (`idDesignacion`,`num`) VALUES(203,65);
INSERT INTO `Designacion` (`idDesignacion`,`num`) VALUES(204,65);
INSERT INTO `Designacion` (`idDesignacion`,`num`) VALUES(205,65);
INSERT INTO `Designacion` (`idDesignacion`,`num`) VALUES(206,66);
INSERT INTO `Designacion` (`idDesignacion`,`num`) VALUES(207,66);
INSERT INTO `Designacion` (`idDesignacion`,`num`) VALUES(208,67);
INSERT INTO `Designacion` (`idDesignacion`,`num`) VALUES(209,69);
INSERT INTO `Designacion` (`idDesignacion`,`num`) VALUES(210,69);
INSERT INTO `Designacion` (`idDesignacion`,`num`) VALUES(211,69);
INSERT INTO `Designacion` (`idDesignacion`,`num`) VALUES(212,69);

INSERT INTO `Oficial` (`num`,`Datos`,`Fecha`,`Rango`,`idDepartamento`) VALUES (0,'Carlos Pérez','2010-01-01','Oficial',0);
INSERT INTO `Oficial` (`num`,`Datos`,`Fecha`,`Rango`,`idDepartamento`) VALUES (1,'Roberto Peluso','2010-02-01','Oficial',1)
INSERT INTO `Oficial` (`num`,`Datos`,`Fecha`,`Rango`,`idDepartamento`) VALUES (2,'Lucrecia Tarquino','2010-03-01','Oficial',2);
INSERT INTO `Oficial` (`num`,`Datos`,`Fecha`,`Rango`,`idDepartamento`) VALUES (3,'Jorge Alba','2010-04-01','Oficial',3);
INSERT INTO `Oficial` (`num`,`Datos`,`Fecha`,`Rango`,`idDepartamento`) VALUES (4,'Carlos Fuentes','2010-05-01','Oficial',4);
INSERT INTO `Oficial` (`num`,`Datos`,`Fecha`,`Rango`,`idDepartamento`) VALUES (5,'Juan de la Palmira','2010-06-01','Oficial',5);
INSERT INTO `Oficial` (`num`,`Datos`,`Fecha`,`Rango`,`idDepartamento`) VALUES (6,'Raúl Bermúdez','2010-07-01','Oficial',6);
INSERT INTO `Oficial` (`num`,`Datos`,`Fecha`,`Rango`,`idDepartamento`) VALUES (7,'María Bermúdez','2010-08-01','Oficial',7);
INSERT INTO `Oficial` (`num`,`Datos`,`Fecha`,`Rango`,`idDepartamento`) VALUES (8,'Mercedes Domínguez','2010-09-01','Oficial',8);
INSERT INTO `Oficial` (`num`,`Datos`,`Fecha`,`Rango`,`idDepartamento`) VALUES (9,'Jaime Resero','2010-10-01','Oficial',9);
INSERT INTO `Oficial` (`num`,`Datos`,`Fecha`,`Rango`,`idDepartamento`) VALUES (10,'Raúl Bonessi','2010-11-01','Oficial',10);
INSERT INTO `Oficial` (`num`,`Datos`,`Fecha`,`Rango`,`idDepartamento`) VALUES (11,'Gonzalo Salvio','2010-12-01','Oficial',11);
INSERT INTO `Oficial` (`num`,`Datos`,`Fecha`,`Rango`,`idDepartamento`) VALUES (12,'Gastón Zurita','2010-01-01','Oficial',12);
INSERT INTO `Oficial` (`num`,`Datos`,`Fecha`,`Rango`,`idDepartamento`) VALUES (13,'Martín Colón','2010-02-01','Oficial',0);
INSERT INTO `Oficial` (`num`,`Datos`,`Fecha`,`Rango`,`idDepartamento`) VALUES (14,'Pablo Falcioni','2010-03-01','Oficial',1);
INSERT INTO `Oficial` (`num`,`Datos`,`Fecha`,`Rango`,`idDepartamento`) VALUES (15,'Alcides Sánchez','2010-04-01','Oficial',2);
INSERT INTO `Oficial` (`num`,`Datos`,`Fecha`,`Rango`,`idDepartamento`) VALUES (16,'Gabriel Miranda','2010-05-01','Oficial',3);
INSERT INTO `Oficial` (`num`,`Datos`,`Fecha`,`Rango`,`idDepartamento`) VALUES (17,'Celeste Stronati','2010-06-01','Oficial',4);
INSERT INTO `Oficial` (`num`,`Datos`,`Fecha`,`Rango`,`idDepartamento`) VALUES (18,'Patricia di Palma','2010-07-01','Oficial',5);
INSERT INTO `Oficial` (`num`,`Datos`,`Fecha`,`Rango`,`idDepartamento`) VALUES (19,'Damián Santos','2010-08-01','Oficial',6);
INSERT INTO `Oficial` (`num`,`Datos`,`Fecha`,`Rango`,`idDepartamento`) VALUES (20,'Alfio Alonso','2010-09-01','Oficial',7);
INSERT INTO `Oficial` (`num`,`Datos`,`Fecha`,`Rango`,`idDepartamento`) VALUES (21,'Sebastián García','2011-02-01','Oficial',8);
INSERT INTO `Oficial` (`num`,`Datos`,`Fecha`,`Rango`,`idDepartamento`) VALUES (22,'Agustín Galarza','2011-03-01','Oficial',9);
INSERT INTO `Oficial` (`num`,`Datos`,`Fecha`,`Rango`,`idDepartamento`) VALUES (23,'Ariel Mussari','2011-03-01','Sargento',10);
INSERT INTO `Oficial` (`num`,`Datos`,`Fecha`,`Rango`,`idDepartamento`) VALUES (24,'Christian Mussari','2011-04-01','Sargento',11);
INSERT INTO `Oficial` (`num`,`Datos`,`Fecha`,`Rango`,`idDepartamento`) VALUES (25,'Juan Cruz Robledo','2011-04-01','Sargento',12);
INSERT INTO `Oficial` (`num`,`Datos`,`Fecha`,`Rango`,`idDepartamento`) VALUES (26,'Franco Murcia','2011-04-01','Sargento',1);
INSERT INTO `Oficial` (`num`,`Datos`,`Fecha`,`Rango`,`idDepartamento`) VALUES (27,'Guillermo Montero','2011-06-01','Sargento',2);
INSERT INTO `Oficial` (`num`,`Datos`,`Fecha`,`Rango`,`idDepartamento`) VALUES (28,'Rubén Luchetti','2011-07-01','Sargento',3);
INSERT INTO `Oficial` (`num`,`Datos`,`Fecha`,`Rango`,`idDepartamento`) VALUES (29,'Alan Grinsky','2013-08-01','Sargento',4);
INSERT INTO `Oficial` (`num`,`Datos`,`Fecha`,`Rango`,`idDepartamento`) VALUES (30,'Matías Goldstein','2014-09-01','Subteniente',5);
INSERT INTO `Oficial` (`num`,`Datos`,`Fecha`,`Rango`,`idDepartamento`) VALUES (31,'Iván Carrillo','2014-10-01','Subteniente',6);
INSERT INTO `Oficial` (`num`,`Datos`,`Fecha`,`Rango`,`idDepartamento`) VALUES (32,'Bruno Jerusalén','2014-11-01','Subteniente',7);
INSERT INTO `Oficial` (`num`,`Datos`,`Fecha`,`Rango`,`idDepartamento`) VALUES (33,'Tomás Yabrán','2014-12-01','Subteniente',8);
INSERT INTO `Oficial` (`num`,`Datos`,`Fecha`,`Rango`,`idDepartamento`) VALUES (34,'Andrés San Martín','2014-01-01','Subteniente',9);
INSERT INTO `Oficial` (`num`,`Datos`,`Fecha`,`Rango`,`idDepartamento`) VALUES (35,'Karina Montoya','2014-01-01','Subteniente',10);
INSERT INTO `Oficial` (`num`,`Datos`,`Fecha`,`Rango`,`idDepartamento`) VALUES (36,'Ernesto Rodríguez','2013-01-01','Subteniente',11);
INSERT INTO `Oficial` (`num`,`Datos`,`Fecha`,`Rango`,`idDepartamento`) VALUES (37,'Raúl Pusiani','2013-02-01','Subteniente',12);
INSERT INTO `Oficial` (`num`,`Datos`,`Fecha`,`Rango`,`idDepartamento`) VALUES (38,'Vicente Pérez','2013-02-01','Subteniente',0);
INSERT INTO `Oficial` (`num`,`Datos`,`Fecha`,`Rango`,`idDepartamento`) VALUES (39,'Selma Laurante','2010-02-01','Subteniente',0);
INSERT INTO `Oficial` (`num`,`Datos`,`Fecha`,`Rango`,`idDepartamento`) VALUES (40,'Bautista Delgado','2013-03-01','Oficial',1);
INSERT INTO `Oficial` (`num`,`Datos`,`Fecha`,`Rango`,`idDepartamento`) VALUES (41,'Kevin Ramírez','2014-04-01','Oficial',2);
INSERT INTO `Oficial` (`num`,`Datos`,`Fecha`,`Rango`,`idDepartamento`) VALUES (42,'Carlos Buenaventura','2015-05-01','Oficial',3);
INSERT INTO `Oficial` (`num`,`Datos`,`Fecha`,`Rango`,`idDepartamento`) VALUES (43,'Ricardo Diáfano','2015-06-01','Oficial',4);
INSERT INTO `Oficial` (`num`,`Datos`,`Fecha`,`Rango`,`idDepartamento`) VALUES (44,'María Bottana','2015-07-01','Oficial',5);
INSERT INTO `Oficial` (`num`,`Datos`,`Fecha`,`Rango`,`idDepartamento`) VALUES (45,'Laura di Marco','2015-08-01','Oficial',6);
INSERT INTO `Oficial` (`num`,`Datos`,`Fecha`,`Rango`,`idDepartamento`) VALUES (46,'Paula Kuhn','2015-08-01','Oficial',7);
INSERT INTO `Oficial` (`num`,`Datos`,`Fecha`,`Rango`,`idDepartamento`) VALUES (47,'Geremías Ferrari','2015-08-01','Oficial',8);
INSERT INTO `Oficial` (`num`,`Datos`,`Fecha`,`Rango`,`idDepartamento`) VALUES (48,'Gustavo Ferreira','2015-09-01','Oficial',9);
INSERT INTO `Oficial` (`num`,`Datos`,`Fecha`,`Rango`,`idDepartamento`) VALUES (49,'Johnatan de Brian','2015-09-01','Oficial',10);
INSERT INTO `Oficial` (`num`,`Datos`,`Fecha`,`Rango`,`idDepartamento`) VALUES (50,'Brian Silente','2015-10-01','Oficial',11);
INSERT INTO `Oficial` (`num`,`Datos`,`Fecha`,`Rango`,`idDepartamento`) VALUES (51,'Jesús Monteverde','2017-02-01','Oficial',12);
INSERT INTO `Oficial` (`num`,`Datos`,`Fecha`,`Rango`,`idDepartamento`) VALUES (52,'Jorge Quindimil','2017-03-01','Oficial',0);
INSERT INTO `Oficial` (`num`,`Datos`,`Fecha`,`Rango`,`idDepartamento`) VALUES (53,'Julián Quindimil','2017-03-01','Oficial',1);
INSERT INTO `Oficial` (`num`,`Datos`,`Fecha`,`Rango`,`idDepartamento`) VALUES (54,'Sandra Fua','2011-03-01','Sargento',2);
INSERT INTO `Oficial` (`num`,`Datos`,`Fecha`,`Rango`,`idDepartamento`) VALUES (55,'Romina Peralta','2011-01-01','Sargento',3);
INSERT INTO `Oficial` (`num`,`Datos`,`Fecha`,`Rango`,`idDepartamento`) VALUES (56,'Tobías Moyano','2011-01-01','Sargento',4);
INSERT INTO `Oficial` (`num`,`Datos`,`Fecha`,`Rango`,`idDepartamento`) VALUES (57,'Laura Matos','2011-01-01','Sargento',5);
INSERT INTO `Oficial` (`num`,`Datos`,`Fecha`,`Rango`,`idDepartamento`) VALUES (58,'Diana Caballero','2011-12-01','Sargento',6);
INSERT INTO `Oficial` (`num`,`Datos`,`Fecha`,`Rango`,`idDepartamento`) VALUES (59,'Luana Expósito','2012-12-01','Sargento',7);
INSERT INTO `Oficial` (`num`,`Datos`,`Fecha`,`Rango`,`idDepartamento`) VALUES (60,'Bautista Rodríguez','2012-12-01','Oficial',8);
INSERT INTO `Oficial` (`num`,`Datos`,`Fecha`,`Rango`,`idDepartamento`) VALUES (61,'Gimena Toresával','2012-12-01','Oficial',9);
INSERT INTO `Oficial` (`num`,`Datos`,`Fecha`,`Rango`,`idDepartamento`) VALUES (62,'Raúl Burgos','2012-12-01','Oficial',10);
INSERT INTO `Oficial` (`num`,`Datos`,`Fecha`,`Rango`,`idDepartamento`) VALUES (63,'Emanuel Bruno','2012-12-01','Oficial',11);
INSERT INTO `Oficial` (`num`,`Datos`,`Fecha`,`Rango`,`idDepartamento`) VALUES (64,'Sandra Fuentealba','2012-11-01','Oficial',12);
INSERT INTO `Oficial` (`num`,`Datos`,`Fecha`,`Rango`,`idDepartamento`) VALUES (65,'Celestino Diam','2012-11-01','Oficial',0);
INSERT INTO `Oficial` (`num`,`Datos`,`Fecha`,`Rango`,`idDepartamento`) VALUES (66,'Pablo Cáceres','2012-10-01','Oficial',1);
INSERT INTO `Oficial` (`num`,`Datos`,`Fecha`,`Rango`,`idDepartamento`) VALUES (67,'Roberto Rama','2013-09-01','Oficial',2);
INSERT INTO `Oficial` (`num`,`Datos`,`Fecha`,`Rango`,`idDepartamento`) VALUES (68,'Bruno Cornaggia','2013-09-01','Oficial',3);
INSERT INTO `Oficial` (`num`,`Datos`,`Fecha`,`Rango`,`idDepartamento`) VALUES (69,'Carlos Gómez','2013-09-01','Oficial',4);


INSERT INTO `Departamento` (`idDepartamento`,`Descripcion`,`Nombre`) VALUES (0,'Superintendencia de Administración','Administración');
INSERT INTO `Departamento` (`idDepartamento`,`Descripcion`,`Nombre`) VALUES (1,'Superintendencia de Policía Científica','Policía Científica');
INSERT INTO `Departamento` (`idDepartamento`,`Descripcion`,`Nombre`) VALUES (2,'Superintendencia de Seguridad de Estado y Protección del Sistema Republicano','Seguridad de Estado');
INSERT INTO `Departamento` (`idDepartamento`,`Descripcion`,`Nombre`) VALUES (3,'Superintendencia de Seguridad y Custodia','Seguridad y Custodia');
INSERT INTO `Departamento` (`idDepartamento`,`Descripcion`,`Nombre`) VALUES (4,'Superintendencia de Drogas Peligrosas','Drogas Peligrosas');
INSERT INTO `Departamento` (`idDepartamento`,`Descripcion`,`Nombre`) VALUES (5,'Superintendencia Federal de Bomberos','Bomberos');
INSERT INTO `Departamento` (`idDepartamento`,`Descripcion`,`Nombre`) VALUES (6,'Superintendencia Federal de Tecnologías de la Información y Comunicaciones','Tecnologías');
INSERT INTO `Departamento` (`idDepartamento`,`Descripcion`,`Nombre`) VALUES (7,'Superintendencia Federal de Orden Público','Orden Público');
INSERT INTO `Departamento` (`idDepartamento`,`Descripcion`,`Nombre`) VALUES (8,'Superintendencia Federal de Transporte','Transporte');
INSERT INTO `Departamento` (`idDepartamento`,`Descripcion`,`Nombre`) VALUES (9,'Superintendencia de Investigaciones Federales','Investigaciones Federales');
INSERT INTO `Departamento` (`idDepartamento`,`Descripcion`,`Nombre`) VALUES (10,'Superintendencia de Planeamiento Policial','Planeamiento Policial');
INSERT INTO `Departamento` (`idDepartamento`,`Descripcion`,`Nombre`) VALUES (11,'Superintendencia de Interior y Delitos Federales Complejos','Interior');
INSERT INTO `Departamento` (`idDepartamento`,`Descripcion`,`Nombre`) VALUES (12,'Superintendencia de Bienestar','Bienestar');

INSERT INTO `Barrio` (`idBarrio`,`Nombre`) VALUES (0,'Belgrano');
INSERT INTO `Barrio` (`idBarrio`,`Nombre`) VALUES (1,'Balvanera');
INSERT INTO `Barrio` (`idBarrio`,`Nombre`) VALUES (2,'Boedo');
INSERT INTO `Barrio` (`idBarrio`,`Nombre`) VALUES (3,'Núñez');
INSERT INTO `Barrio` (`idBarrio`,`Nombre`) VALUES (4,'Congreso');
INSERT INTO `Barrio` (`idBarrio`,`Nombre`) VALUES (5,'Constitución');
INSERT INTO `Barrio` (`idBarrio`,`Nombre`) VALUES (6,'Villa Lugano');
INSERT INTO `Barrio` (`idBarrio`,`Nombre`) VALUES (7,'Villa Real');
INSERT INTO `Barrio` (`idBarrio`,`Nombre`) VALUES (8,'Villa Pueyrredón');
INSERT INTO `Barrio` (`idBarrio`,`Nombre`) VALUES (9,'Once');
INSERT INTO `Barrio` (`idBarrio`,`Nombre`) VALUES (10,'Nueva Pompeya');
INSERT INTO `Barrio` (`idBarrio`,`Nombre`) VALUES (11,'Parque Chas');
INSERT INTO `Barrio` (`idBarrio`,`Nombre`) VALUES (12,'Villa Ortúzar');
INSERT INTO `Barrio` (`idBarrio`,`Nombre`) VALUES (13,'San Nicolás');
INSERT INTO `Barrio` (`idBarrio`,`Nombre`) VALUES (14,'Retiro');
INSERT INTO `Barrio` (`idBarrio`,`Nombre`) VALUES (15,'Villa Urquiza');
INSERT INTO `Barrio` (`idBarrio`,`Nombre`) VALUES (16,'Saavedra');

INSERT INTO `Calle` (`idCalle`,`Nombre`) VALUES (0,'Achával Rodríguez');
INSERT INTO `Calle` (`idCalle`,`Nombre`) VALUES (1,'Acoyte');
INSERT INTO `Calle` (`idCalle`,`Nombre`) VALUES (2,'Albarellos');
INSERT INTO `Calle` (`idCalle`,`Nombre`) VALUES (3,'Alberdi, Juan Bautista');
INSERT INTO `Calle` (`idCalle`,`Nombre`) VALUES (4,'Alem, Leandro N.');
INSERT INTO `Calle` (`idCalle`,`Nombre`) VALUES (5,'Almafuerte');
INSERT INTO `Calle` (`idCalle`,`Nombre`) VALUES (6,'Álvarez, Teniente General Donato');
INSERT INTO `Calle` (`idCalle`,`Nombre`) VALUES (7,'Álvarez Jonte');
INSERT INTO `Calle` (`idCalle`,`Nombre`) VALUES (8,'Álvarez Thomas');
INSERT INTO `Calle` (`idCalle`,`Nombre`) VALUES (9,'Alvear');
INSERT INTO `Calle` (`idCalle`,`Nombre`) VALUES (10,'Alcorta, Amancio');
INSERT INTO `Calle` (`idCalle`,`Nombre`) VALUES (11,'Antártida Argentina');
INSERT INTO `Calle` (`idCalle`,`Nombre`) VALUES (12,'Aranguren, Juan Felipe');
INSERT INTO `Calle` (`idCalle`,`Nombre`) VALUES (13,'Argentina');
INSERT INTO `Calle` (`idCalle`,`Nombre`) VALUES (14,'Asamblea');
INSERT INTO `Calle` (`idCalle`,`Nombre`) VALUES (15,'Asturias');
INSERT INTO `Calle` (`idCalle`,`Nombre`) VALUES (16,'Avellaneda');
INSERT INTO `Calle` (`idCalle`,`Nombre`) VALUES (17,'Balbín, Ricardo');
INSERT INTO `Calle` (`idCalle`,`Nombre`) VALUES (18,'Belgrano');
INSERT INTO `Calle` (`idCalle`,`Nombre`) VALUES (19,'Beiró, Francisco');
INSERT INTO `Calle` (`idCalle`,`Nombre`) VALUES (20,'Berro, Adolfo');
INSERT INTO `Calle` (`idCalle`,`Nombre`) VALUES (21,'Bilbao, Francisco');
INSERT INTO `Calle` (`idCalle`,`Nombre`) VALUES (22,'Boedo');
INSERT INTO `Calle` (`idCalle`,`Nombre`) VALUES (23,'Bonorino');
INSERT INTO `Calle` (`idCalle`,`Nombre`) VALUES (24,'Boyacá');
INSERT INTO `Calle` (`idCalle`,`Nombre`) VALUES (25,'Brasil');
INSERT INTO `Calle` (`idCalle`,`Nombre`) VALUES (26,'Cabildo');
INSERT INTO `Calle` (`idCalle`,`Nombre`) VALUES (27,'Calabria');
INSERT INTO `Calle` (`idCalle`,`Nombre`) VALUES (28,'Callao');
INSERT INTO `Calle` (`idCalle`,`Nombre`) VALUES (29,'Campos, Luis María');
INSERT INTO `Calle` (`idCalle`,`Nombre`) VALUES (30,'del Corro, Canónigo Miguel');
INSERT INTO `Calle` (`idCalle`,`Nombre`) VALUES (31,'Carabobo');
INSERT INTO `Calle` (`idCalle`,`Nombre`) VALUES (32,'Carrasco');
INSERT INTO `Calle` (`idCalle`,`Nombre`) VALUES (33,'Carril, Salvador María del');
INSERT INTO `Calle` (`idCalle`,`Nombre`) VALUES (34,'Casares');
INSERT INTO `Calle` (`idCalle`,`Nombre`) VALUES (35,'Caseros');
INSERT INTO `Calle` (`idCalle`,`Nombre`) VALUES (36,'Castañares');
INSERT INTO `Calle` (`idCalle`,`Nombre`) VALUES (37,'Castillo, Ramón');
INSERT INTO `Calle` (`idCalle`,`Nombre`) VALUES (38,'Castro, Emilio');
INSERT INTO `Calle` (`idCalle`,`Nombre`) VALUES (39,'Chiclana');
INSERT INTO `Calle` (`idCalle`,`Nombre`) VALUES (40,'Chorroarín');
INSERT INTO `Calle` (`idCalle`,`Nombre`) VALUES (41,'Cobo');
INSERT INTO `Calle` (`idCalle`,`Nombre`) VALUES (42,'Colombia');
INSERT INTO `Calle` (`idCalle`,`Nombre`) VALUES (43,'Congreso');
INSERT INTO `Calle` (`idCalle`,`Nombre`) VALUES (44,'Córdoba');
INSERT INTO `Calle` (`idCalle`,`Nombre`) VALUES (45,'Coronel Roca');
INSERT INTO `Calle` (`idCalle`,`Nombre`) VALUES (46,'Corrientes');
INSERT INTO `Calle` (`idCalle`,`Nombre`) VALUES (47,'Crámer');
INSERT INTO `Calle` (`idCalle`,`Nombre`) VALUES (48,'Crisólogo Larralde');
INSERT INTO `Calle` (`idCalle`,`Nombre`) VALUES (49,'Cruz, Osvaldo');
INSERT INTO `Calle` (`idCalle`,`Nombre`) VALUES (50,'Curapaligüe');
INSERT INTO `Calle` (`idCalle`,`Nombre`) VALUES (51,'Daract');
INSERT INTO `Calle` (`idCalle`,`Nombre`) VALUES (52,'de la Rábida');
INSERT INTO `Calle` (`idCalle`,`Nombre`) VALUES (53,'de los Constituyentes');
INSERT INTO `Calle` (`idCalle`,`Nombre`) VALUES (54,'de los Incas');
INSERT INTO `Calle` (`idCalle`,`Nombre`) VALUES (55,'de los Inmigrante');
INSERT INTO `Calle` (`idCalle`,`Nombre`) VALUES (56,'de los Italianos');
INSERT INTO `Calle` (`idCalle`,`Nombre`) VALUES (57,'de Mayo');
INSERT INTO `Calle` (`idCalle`,`Nombre`) VALUES (58,'del Campo');
INSERT INTO `Calle` (`idCalle`,`Nombre`) VALUES (59,'del Fomentista');
INSERT INTO `Calle` (`idCalle`,`Nombre`) VALUES (60,'del Libertador');
INSERT INTO `Calle` (`idCalle`,`Nombre`) VALUES (61,'Derqui');
INSERT INTO `Calle` (`idCalle`,`Nombre`) VALUES (62,'Díaz, Coronel');
INSERT INTO `Calle` (`idCalle`,`Nombre`) VALUES (63,'Díaz Vélez');
INSERT INTO `Calle` (`idCalle`,`Nombre`) VALUES (64,'Directorio');
INSERT INTO `Calle` (`idCalle`,`Nombre`) VALUES (65,'Dorrego');
INSERT INTO `Calle` (`idCalle`,`Nombre`) VALUES (66,'Edison, Tomás Alva');
INSERT INTO `Calle` (`idCalle`,`Nombre`) VALUES (67,'Elcano');
INSERT INTO `Calle` (`idCalle`,`Nombre`) VALUES (68,'Entre Ríos');
INSERT INTO `Calle` (`idCalle`,`Nombre`) VALUES (69,'Escalada');
INSERT INTO `Calle` (`idCalle`,`Nombre`) VALUES (70,'España');
INSERT INTO `Calle` (`idCalle`,`Nombre`) VALUES (71,'Estado de Israel');
INSERT INTO `Calle` (`idCalle`,`Nombre`) VALUES (72,'Eva Perón');
INSERT INTO `Calle` (`idCalle`,`Nombre`) VALUES (73,'Fernández de la Cruz, General Francisco');
INSERT INTO `Calle` (`idCalle`,`Nombre`) VALUES (74,'Figueroa Alcorta');
INSERT INTO `Calle` (`idCalle`,`Nombre`) VALUES (75,'Forest');
INSERT INTO `Calle` (`idCalle`,`Nombre`) VALUES (76,'Gaona');
INSERT INTO `Calle` (`idCalle`,`Nombre`) VALUES (77,'García del Río');
INSERT INTO `Calle` (`idCalle`,`Nombre`) VALUES (78,'Gallardo, Ángel');
INSERT INTO `Calle` (`idCalle`,`Nombre`) VALUES (79,'Garmendia');
INSERT INTO `Calle` (`idCalle`,`Nombre`) VALUES (80,'Gendarmería Nacional');
INSERT INTO `Calle` (`idCalle`,`Nombre`) VALUES (81,'Garay, Juan de');
INSERT INTO `Calle` (`idCalle`,`Nombre`) VALUES (82,'Goyena, Pedro');
INSERT INTO `Calle` (`idCalle`,`Nombre`) VALUES (83,'Goyeneche, Roberto');
INSERT INTO `Calle` (`idCalle`,`Nombre`) VALUES (84,'Griveo');
INSERT INTO `Calle` (`idCalle`,`Nombre`) VALUES (85,'Guzmán');
INSERT INTO `Calle` (`idCalle`,`Nombre`) VALUES (86,'Huergo, Ingeniero');
INSERT INTO `Calle` (`idCalle`,`Nombre`) VALUES (87,'Independencia');
INSERT INTO `Calle` (`idCalle`,`Nombre`) VALUES (88,'Infanta Isabel');
INSERT INTO `Calle` (`idCalle`,`Nombre`) VALUES (89,'Intendente Bullrich');
INSERT INTO `Calle` (`idCalle`,`Nombre`) VALUES (90,'Intendente Cantilo');
INSERT INTO `Calle` (`idCalle`,`Nombre`) VALUES (91,'Intendente Güiraldes');
INSERT INTO `Calle` (`idCalle`,`Nombre`) VALUES (92,'Intendente Noel');
INSERT INTO `Calle` (`idCalle`,`Nombre`) VALUES (93,'Iraola');
INSERT INTO `Calle` (`idCalle`,`Nombre`) VALUES (94,'Jujuy');
INSERT INTO `Calle` (`idCalle`,`Nombre`) VALUES (95,'Juramento');
INSERT INTO `Calle` (`idCalle`,`Nombre`) VALUES (96,'Justo, Juan B.');
INSERT INTO `Calle` (`idCalle`,`Nombre`) VALUES (97,'La Plata');
INSERT INTO `Calle` (`idCalle`,`Nombre`) VALUES (98,'Lacarra');
INSERT INTO `Calle` (`idCalle`,`Nombre`) VALUES (99,'Lacroze, Federico');
INSERT INTO `Calle` (`idCalle`,`Nombre`) VALUES (100,'Lafuente');
INSERT INTO `Calle` (`idCalle`,`Nombre`) VALUES (101,'Larrazábal');
INSERT INTO `Calle` (`idCalle`,`Nombre`) VALUES (102,'Las Heras, General');
INSERT INTO `Calle` (`idCalle`,`Nombre`) VALUES (103,'Lastr');
INSERT INTO `Calle` (`idCalle`,`Nombre`) VALUES (104,'Lillo');
INSERT INTO `Calle` (`idCalle`,`Nombre`) VALUES (105,'Lisandro de la Torre');
INSERT INTO `Calle` (`idCalle`,`Nombre`) VALUES (106,'Lope de Vega');
INSERT INTO `Calle` (`idCalle`,`Nombre`) VALUES (107,'Madero, Eduardo');
INSERT INTO `Calle` (`idCalle`,`Nombre`) VALUES (108,'Medrano');
INSERT INTO `Calle` (`idCalle`,`Nombre`) VALUES (109,'Melian');
INSERT INTO `Calle` (`idCalle`,`Nombre`) VALUES (110,'Monroe');
INSERT INTO `Calle` (`idCalle`,`Nombre`) VALUES (111,'Montes de Oca');
INSERT INTO `Calle` (`idCalle`,`Nombre`) VALUES (112,'Montt, Pedro');
INSERT INTO `Calle` (`idCalle`,`Nombre`) VALUES (113,'Moreno, Perito');
INSERT INTO `Calle` (`idCalle`,`Nombre`) VALUES (114,'Moreno, José María');
INSERT INTO `Calle` (`idCalle`,`Nombre`) VALUES (115,'Moreau de Justo, Alicia');
INSERT INTO `Calle` (`idCalle`,`Nombre`) VALUES (116,'Mosconi, General');
INSERT INTO `Calle` (`idCalle`,`Nombre`) VALUES (117,'Nazca');
INSERT INTO `Calle` (`idCalle`,`Nombre`) VALUES (118,'Obligado, Rafael');
INSERT INTO `Calle` (`idCalle`,`Nombre`) VALUES (119,'Olivera');
INSERT INTO `Calle` (`idCalle`,`Nombre`) VALUES (120,'Ortiz de Ocampo');
INSERT INTO `Calle` (`idCalle`,`Nombre`) VALUES (121,'Paseo Colón');
INSERT INTO `Calle` (`idCalle`,`Nombre`) VALUES (122,'Patricias Argentinas');
INSERT INTO `Calle` (`idCalle`,`Nombre`) VALUES (123,'Piedra Buena');
INSERT INTO `Calle` (`idCalle`,`Nombre`) VALUES (124,'Prefectura Naval Argentina');
INSERT INTO `Calle` (`idCalle`,`Nombre`) VALUES (125,'Pueyrredón');
INSERT INTO `Calle` (`idCalle`,`Nombre`) VALUES (126,'Pueyrredón, Dr. Honorio');
INSERT INTO `Calle` (`idCalle`,`Nombre`) VALUES (127,'Punta Arenas');
INSERT INTO `Calle` (`idCalle`,`Nombre`) VALUES (128,'Py, Comodoro');
INSERT INTO `Calle` (`idCalle`,`Nombre`) VALUES (129,'Presidente Quintana');
INSERT INTO `Calle` (`idCalle`,`Nombre`) VALUES (130,'Quartino, Ingeniero');
INSERT INTO `Calle` (`idCalle`,`Nombre`) VALUES (131,'Ramallo');
INSERT INTO `Calle` (`idCalle`,`Nombre`) VALUES (132,'Dr. José Ramos Mejía');
INSERT INTO `Calle` (`idCalle`,`Nombre`) VALUES (133,'Rawson de Dellepiane, Elvira');
INSERT INTO `Calle` (`idCalle`,`Nombre`) VALUES (134,'Remedios');
INSERT INTO `Calle` (`idCalle`,`Nombre`) VALUES (135,'Reservistas Argentinos');
INSERT INTO `Calle` (`idCalle`,`Nombre`) VALUES (136,'Riestra');
INSERT INTO `Calle` (`idCalle`,`Nombre`) VALUES (137,'Rivadavia');
INSERT INTO `Calle` (`idCalle`,`Nombre`) VALUES (138,'Rivadavia, Comodoro Martín');
INSERT INTO `Calle` (`idCalle`,`Nombre`) VALUES (139,'Roca, Presidente Julio Argentino');
INSERT INTO `Calle` (`idCalle`,`Nombre`) VALUES (140,'Roldán, Belisario');
INSERT INTO `Calle` (`idCalle`,`Nombre`) VALUES (141,'Rosales');
INSERT INTO `Calle` (`idCalle`,`Nombre`) VALUES (142,'Ruiz Huidobro');
INSERT INTO `Calle` (`idCalle`,`Nombre`) VALUES (143,'Sáenz');
INSERT INTO `Calle` (`idCalle`,`Nombre`) VALUES (144,'Sáenz Peña, Presidente Roque');
INSERT INTO `Calle` (`idCalle`,`Nombre`) VALUES (145,'San Isidro');
INSERT INTO `Calle` (`idCalle`,`Nombre`) VALUES (146,'San Juan');
INSERT INTO `Calle` (`idCalle`,`Nombre`) VALUES (147,'San Martín');
INSERT INTO `Calle` (`idCalle`,`Nombre`) VALUES (148,'San Pedrito');
INSERT INTO `Calle` (`idCalle`,`Nombre`) VALUES (149,'Sánchez de Loria');
INSERT INTO `Calle` (`idCalle`,`Nombre`) VALUES (150,'Santa F');
INSERT INTO `Calle` (`idCalle`,`Nombre`) VALUES (151,'Santiago de Compostela');
INSERT INTO `Calle` (`idCalle`,`Nombre`) VALUES (152,'Sarmiento');
INSERT INTO `Calle` (`idCalle`,`Nombre`) VALUES (153,'Sarmiento, General');
INSERT INTO `Calle` (`idCalle`,`Nombre`) VALUES (154,'Scalabrini Ortiz');
INSERT INTO `Calle` (`idCalle`,`Nombre`) VALUES (155,'Segurola');
INSERT INTO `Calle` (`idCalle`,`Nombre`) VALUES (156,'Suárez');
INSERT INTO `Calle` (`idCalle`,`Nombre`) VALUES (157,'Triunvirato');
INSERT INTO `Calle` (`idCalle`,`Nombre`) VALUES (158,'Udaondo');
INSERT INTO `Calle` (`idCalle`,`Nombre`) VALUES (159,'Uruguay');
INSERT INTO `Calle` (`idCalle`,`Nombre`) VALUES (160,'Varela');
INSERT INTO `Calle` (`idCalle`,`Nombre`) VALUES (161,'Vélez Sársfield');
INSERT INTO `Calle` (`idCalle`,`Nombre`) VALUES (162,'Virrey Vértiz');
INSERT INTO `Calle` (`idCalle`,`Nombre`) VALUES (163,'Warnes');
INSERT INTO `Calle` (`idCalle`,`Nombre`) VALUES (164,'White');
INSERT INTO `Calle` (`idCalle`,`Nombre`) VALUES (165,'3 de Febrero');
INSERT INTO `Calle` (`idCalle`,`Nombre`) VALUES (166,'11 de Septiembre');
INSERT INTO `Calle` (`idCalle`,`Nombre`) VALUES (167,'14 de Julio');
INSERT INTO `Calle` (`idCalle`,`Nombre`) VALUES (168,'Acassuso');
INSERT INTO `Calle` (`idCalle`,`Nombre`) VALUES (169,'Acevedo');
INSERT INTO `Calle` (`idCalle`,`Nombre`) VALUES (170,'Aguilar');
INSERT INTO `Calle` (`idCalle`,`Nombre`) VALUES (171,'Aguirre');
INSERT INTO `Calle` (`idCalle`,`Nombre`) VALUES (172,'Agüero');
INSERT INTO `Calle` (`idCalle`,`Nombre`) VALUES (173,'Aizpurúa');
INSERT INTO `Calle` (`idCalle`,`Nombre`) VALUES (174,'Alsina, Adolfo');
INSERT INTO `Calle` (`idCalle`,`Nombre`) VALUES (175,'Álvarez Jonte');
INSERT INTO `Calle` (`idCalle`,`Nombre`) VALUES (176,'Ambrosetti, Juan B.');
INSERT INTO `Calle` (`idCalle`,`Nombre`) VALUES (177,'Amenabar');
INSERT INTO `Calle` (`idCalle`,`Nombre`) VALUES (178,'Ancaste');
INSERT INTO `Calle` (`idCalle`,`Nombre`) VALUES (179,'Aranguren, Dr. F.');
INSERT INTO `Calle` (`idCalle`,`Nombre`) VALUES (180,'Arce');
INSERT INTO `Calle` (`idCalle`,`Nombre`) VALUES (181,'Arcos');
INSERT INTO `Calle` (`idCalle`,`Nombre`) VALUES (182,'Arevalo');
INSERT INTO `Calle` (`idCalle`,`Nombre`) VALUES (183,'Argerich');
INSERT INTO `Calle` (`idCalle`,`Nombre`) VALUES (184,'Arguibel, Andrés');
INSERT INTO `Calle` (`idCalle`,`Nombre`) VALUES (185,'Arias');
INSERT INTO `Calle` (`idCalle`,`Nombre`) VALUES (186,'Arregui');
INSERT INTO `Calle` (`idCalle`,`Nombre`) VALUES (187,'Arribeños');
INSERT INTO `Calle` (`idCalle`,`Nombre`) VALUES (188,'Arroyo');
INSERT INTO `Calle` (`idCalle`,`Nombre`) VALUES (189,'Artigas, General Jose');
INSERT INTO `Calle` (`idCalle`,`Nombre`) VALUES (190,'Ascasubi');
INSERT INTO `Calle` (`idCalle`,`Nombre`) VALUES (191,'Austria');
INSERT INTO `Calle` (`idCalle`,`Nombre`) VALUES (192,'Azurduy, Juana');
INSERT INTO `Calle` (`idCalle`,`Nombre`) VALUES (193,'Bacacay');
INSERT INTO `Calle` (`idCalle`,`Nombre`) VALUES (194,'Baez');
INSERT INTO `Calle` (`idCalle`,`Nombre`) VALUES (195,'Balbastro');
INSERT INTO `Calle` (`idCalle`,`Nombre`) VALUES (196,'Balcarce');
INSERT INTO `Calle` (`idCalle`,`Nombre`) VALUES (197,'Bermúdez');
INSERT INTO `Calle` (`idCalle`,`Nombre`) VALUES (198,'Bogado');
INSERT INTO `Calle` (`idCalle`,`Nombre`) VALUES (199,'Bogotá');
INSERT INTO `Calle` (`idCalle`,`Nombre`) VALUES (200,'Bolaños');
INSERT INTO `Calle` (`idCalle`,`Nombre`) VALUES (201,'Bolivar');
INSERT INTO `Calle` (`idCalle`,`Nombre`) VALUES (202,'Bolivia');
INSERT INTO `Calle` (`idCalle`,`Nombre`) VALUES (203,'Bollini');
INSERT INTO `Calle` (`idCalle`,`Nombre`) VALUES (204,'Bolonia');
INSERT INTO `Calle` (`idCalle`,`Nombre`) VALUES (205,'Bonpland');
INSERT INTO `Calle` (`idCalle`,`Nombre`) VALUES (206,'Boulougne Sur Mer');
INSERT INTO `Calle` (`idCalle`,`Nombre`) VALUES (207,'Brandsen');
INSERT INTO `Calle` (`idCalle`,`Nombre`) VALUES (208,'Bufano, Alfredo R');
INSERT INTO `Calle` (`idCalle`,`Nombre`) VALUES (209,'Bulgaria');
INSERT INTO `Calle` (`idCalle`,`Nombre`) VALUES (210,'Bulnes');
INSERT INTO `Calle` (`idCalle`,`Nombre`) VALUES (211,'Pasaje	Butteler');
INSERT INTO `Calle` (`idCalle`,`Nombre`) VALUES (212,'Butty, Ingeniero E.');
INSERT INTO `Calle` (`idCalle`,`Nombre`) VALUES (213,'Cabrera, José A.');
INSERT INTO `Calle` (`idCalle`,`Nombre`) VALUES (214,'Cachimayo');
INSERT INTO `Calle` (`idCalle`,`Nombre`) VALUES (215,'Caldas');
INSERT INTO `Calle` (`idCalle`,`Nombre`) VALUES (216,'Calderón de la Barca, Pedro');
INSERT INTO `Calle` (`idCalle`,`Nombre`) VALUES (217,'Camargo');
INSERT INTO `Calle` (`idCalle`,`Nombre`) VALUES (218,'Camarones');
INSERT INTO `Calle` (`idCalle`,`Nombre`) VALUES (219,'Campana');
INSERT INTO `Calle` (`idCalle`,`Nombre`) VALUES (220,'Campos Salles');
INSERT INTO `Calle` (`idCalle`,`Nombre`) VALUES (221,'Caracas');
INSERT INTO `Calle` (`idCalle`,`Nombre`) VALUES (222,'Pasaje	Carapachay');
INSERT INTO `Calle` (`idCalle`,`Nombre`) VALUES (223,'Castillo');
INSERT INTO `Calle` (`idCalle`,`Nombre`) VALUES (224,'Centenera, Del Barco');
INSERT INTO `Calle` (`idCalle`,`Nombre`) VALUES (225,'Cervantes');
INSERT INTO `Calle` (`idCalle`,`Nombre`) VALUES (226,'Cespedes');
INSERT INTO `Calle` (`idCalle`,`Nombre`) VALUES (227,'Charcas');
INSERT INTO `Calle` (`idCalle`,`Nombre`) VALUES (228,'Chuttro, Profesor Pedro');
INSERT INTO `Calle` (`idCalle`,`Nombre`) VALUES (229,'Ciudad de la Paz');
INSERT INTO `Calle` (`idCalle`,`Nombre`) VALUES (230,'Colpayo');
INSERT INTO `Calle` (`idCalle`,`Nombre`) VALUES (231,'Concordia');
INSERT INTO `Calle` (`idCalle`,`Nombre`) VALUES (232,'Condarco');
INSERT INTO `Calle` (`idCalle`,`Nombre`) VALUES (233,'Conde');
INSERT INTO `Calle` (`idCalle`,`Nombre`) VALUES (234,'Conesa');
INSERT INTO `Calle` (`idCalle`,`Nombre`) VALUES (235,'Coni, Dr. Emilio R.');
INSERT INTO `Calle` (`idCalle`,`Nombre`) VALUES (236,'Cooke, John W.');
INSERT INTO `Calle` (`idCalle`,`Nombre`) VALUES (237,'Correa');
INSERT INTO `Calle` (`idCalle`,`Nombre`) VALUES (238,'Cortina');
INSERT INTO `Calle` (`idCalle`,`Nombre`) VALUES (239,'Cosquín');
INSERT INTO `Calle` (`idCalle`,`Nombre`) VALUES (240,'Cossio, García de');
INSERT INTO `Calle` (`idCalle`,`Nombre`) VALUES (241,'Costa Rica');
INSERT INTO `Calle` (`idCalle`,`Nombre`) VALUES (242,'Cuba');
INSERT INTO `Calle` (`idCalle`,`Nombre`) VALUES (243,'Cucha Cucha');
INSERT INTO `Calle` (`idCalle`,`Nombre`) VALUES (244,'Cuenca');
INSERT INTO `Calle` (`idCalle`,`Nombre`) VALUES (245,'Darregueyra');
INSERT INTO `Calle` (`idCalle`,`Nombre`) VALUES (246,'Defensa');
INSERT INTO `Calle` (`idCalle`,`Nombre`) VALUES (247,'Deheza');
INSERT INTO `Calle` (`idCalle`,`Nombre`) VALUES (248,'Delgado');
INSERT INTO `Calle` (`idCalle`,`Nombre`) VALUES (249,'Dickmann, Doctor Adolfo');
INSERT INTO `Calle` (`idCalle`,`Nombre`) VALUES (250,'Donado');
INSERT INTO `Calle` (`idCalle`,`Nombre`) VALUES (251,'Dragones');
INSERT INTO `Calle` (`idCalle`,`Nombre`) VALUES (252,'Echeverria');
INSERT INTO `Calle` (`idCalle`,`Nombre`) VALUES (253,'Ecuador');
INSERT INTO `Calle` (`idCalle`,`Nombre`) VALUES (254,'El Salvador');
INSERT INTO `Calle` (`idCalle`,`Nombre`) VALUES (255,'Eslovenia, República de');
INSERT INTO `Calle` (`idCalle`,`Nombre`) VALUES (256,'Esparza');
INSERT INTO `Calle` (`idCalle`,`Nombre`) VALUES (257,'Espinosa');
INSERT INTO `Calle` (`idCalle`,`Nombre`) VALUES (258,'Esquiú');
INSERT INTO `Calle` (`idCalle`,`Nombre`) VALUES (259,'Estados Unidos');
INSERT INTO `Calle` (`idCalle`,`Nombre`) VALUES (260,'Estomba');
INSERT INTO `Calle` (`idCalle`,`Nombre`) VALUES (261,'Esteves Sagui');
INSERT INTO `Calle` (`idCalle`,`Nombre`) VALUES (262,'Falcón, Ramón Lorenz');
INSERT INTO `Calle` (`idCalle`,`Nombre`) VALUES (263,'Ferreyra, Andres	');
INSERT INTO `Calle` (`idCalle`,`Nombre`) VALUES (264,'Florida');


INSERT INTO `Dirección` (`idDireccion`,`Calle_idCalle`,`Altura`,`Barrio_idBarrio`) VALUES (0,19,1304,7);
INSERT INTO `Dirección` (`idDireccion`,`Calle_idCalle`,`Altura`,`Barrio_idBarrio`) VALUES (1,14,2578,9);
INSERT INTO `Dirección` (`idDireccion`,`Calle_idCalle`,`Altura`,`Barrio_idBarrio`) VALUES (2,204,1555,9);
INSERT INTO `Dirección` (`idDireccion`,`Calle_idCalle`,`Altura`,`Barrio_idBarrio`) VALUES (3,231,472,11);
INSERT INTO `Dirección` (`idDireccion`,`Calle_idCalle`,`Altura`,`Barrio_idBarrio`) VALUES (4,262,74,8);
INSERT INTO `Dirección` (`idDireccion`,`Calle_idCalle`,`Altura`,`Barrio_idBarrio`) VALUES (5,114,558,12);
INSERT INTO `Dirección` (`idDireccion`,`Calle_idCalle`,`Altura`,`Barrio_idBarrio`) VALUES (6,212,1635,15);
INSERT INTO `Dirección` (`idDireccion`,`Calle_idCalle`,`Altura`,`Barrio_idBarrio`) VALUES (7,26,2570,9);
INSERT INTO `Dirección` (`idDireccion`,`Calle_idCalle`,`Altura`,`Barrio_idBarrio`) VALUES (8,243,30,1);
INSERT INTO `Dirección` (`idDireccion`,`Calle_idCalle`,`Altura`,`Barrio_idBarrio`) VALUES (9,76,2403,2);
INSERT INTO `Dirección` (`idDireccion`,`Calle_idCalle`,`Altura`,`Barrio_idBarrio`) VALUES (10,28,152,10);
INSERT INTO `Dirección` (`idDireccion`,`Calle_idCalle`,`Altura`,`Barrio_idBarrio`) VALUES (11,215,1050,10);
INSERT INTO `Dirección` (`idDireccion`,`Calle_idCalle`,`Altura`,`Barrio_idBarrio`) VALUES (12,69,1219,14);
INSERT INTO `Dirección` (`idDireccion`,`Calle_idCalle`,`Altura`,`Barrio_idBarrio`) VALUES (13,119,2098,4);
INSERT INTO `Dirección` (`idDireccion`,`Calle_idCalle`,`Altura`,`Barrio_idBarrio`) VALUES (14,31,640,8);
INSERT INTO `Dirección` (`idDireccion`,`Calle_idCalle`,`Altura`,`Barrio_idBarrio`) VALUES (15,209,1404,4);
INSERT INTO `Dirección` (`idDireccion`,`Calle_idCalle`,`Altura`,`Barrio_idBarrio`) VALUES (16,99,1553,9);
INSERT INTO `Dirección` (`idDireccion`,`Calle_idCalle`,`Altura`,`Barrio_idBarrio`) VALUES (17,156,2779,1);
INSERT INTO `Dirección` (`idDireccion`,`Calle_idCalle`,`Altura`,`Barrio_idBarrio`) VALUES (18,108,1732,16);
INSERT INTO `Dirección` (`idDireccion`,`Calle_idCalle`,`Altura`,`Barrio_idBarrio`) VALUES (19,39,1788,14);
INSERT INTO `Dirección` (`idDireccion`,`Calle_idCalle`,`Altura`,`Barrio_idBarrio`) VALUES (20,54,1334,5);
INSERT INTO `Dirección` (`idDireccion`,`Calle_idCalle`,`Altura`,`Barrio_idBarrio`) VALUES (21,150,316,8);
INSERT INTO `Dirección` (`idDireccion`,`Calle_idCalle`,`Altura`,`Barrio_idBarrio`) VALUES (22,231,267,4);
INSERT INTO `Dirección` (`idDireccion`,`Calle_idCalle`,`Altura`,`Barrio_idBarrio`) VALUES (23,130,929,7);
INSERT INTO `Dirección` (`idDireccion`,`Calle_idCalle`,`Altura`,`Barrio_idBarrio`) VALUES (24,114,2552,10);
INSERT INTO `Dirección` (`idDireccion`,`Calle_idCalle`,`Altura`,`Barrio_idBarrio`) VALUES (25,127,2035,3);
INSERT INTO `Dirección` (`idDireccion`,`Calle_idCalle`,`Altura`,`Barrio_idBarrio`) VALUES (26,206,417,3);
INSERT INTO `Dirección` (`idDireccion`,`Calle_idCalle`,`Altura`,`Barrio_idBarrio`) VALUES (27,240,1820,14);
INSERT INTO `Dirección` (`idDireccion`,`Calle_idCalle`,`Altura`,`Barrio_idBarrio`) VALUES (28,112,2556,3);
INSERT INTO `Dirección` (`idDireccion`,`Calle_idCalle`,`Altura`,`Barrio_idBarrio`) VALUES (29,231,2920,9);
INSERT INTO `Dirección` (`idDireccion`,`Calle_idCalle`,`Altura`,`Barrio_idBarrio`) VALUES (30,185,142,10);
INSERT INTO `Dirección` (`idDireccion`,`Calle_idCalle`,`Altura`,`Barrio_idBarrio`) VALUES (31,13,1925,15);
INSERT INTO `Dirección` (`idDireccion`,`Calle_idCalle`,`Altura`,`Barrio_idBarrio`) VALUES (32,79,2302,13);
INSERT INTO `Dirección` (`idDireccion`,`Calle_idCalle`,`Altura`,`Barrio_idBarrio`) VALUES (33,225,606,16);
INSERT INTO `Dirección` (`idDireccion`,`Calle_idCalle`,`Altura`,`Barrio_idBarrio`) VALUES (34,46,904,3);
INSERT INTO `Dirección` (`idDireccion`,`Calle_idCalle`,`Altura`,`Barrio_idBarrio`) VALUES (35,13,1085,9);
INSERT INTO `Dirección` (`idDireccion`,`Calle_idCalle`,`Altura`,`Barrio_idBarrio`) VALUES (36,197,1208,3);
INSERT INTO `Dirección` (`idDireccion`,`Calle_idCalle`,`Altura`,`Barrio_idBarrio`) VALUES (37,85,420,1);
INSERT INTO `Dirección` (`idDireccion`,`Calle_idCalle`,`Altura`,`Barrio_idBarrio`) VALUES (38,240,1221,1);
INSERT INTO `Dirección` (`idDireccion`,`Calle_idCalle`,`Altura`,`Barrio_idBarrio`) VALUES (39,199,656,14);
INSERT INTO `Dirección` (`idDireccion`,`Calle_idCalle`,`Altura`,`Barrio_idBarrio`) VALUES (40,73,4180,9);
INSERT INTO `Dirección` (`idDireccion`,`Calle_idCalle`,`Altura`,`Barrio_idBarrio`) VALUES (41,136,1659,12);
INSERT INTO `Dirección` (`idDireccion`,`Calle_idCalle`,`Altura`,`Barrio_idBarrio`) VALUES (42,176,3229,8);
INSERT INTO `Dirección` (`idDireccion`,`Calle_idCalle`,`Altura`,`Barrio_idBarrio`) VALUES (43,90,1534,0);
INSERT INTO `Dirección` (`idDireccion`,`Calle_idCalle`,`Altura`,`Barrio_idBarrio`) VALUES (44,238,892,11);
INSERT INTO `Dirección` (`idDireccion`,`Calle_idCalle`,`Altura`,`Barrio_idBarrio`) VALUES (45,247,519,15);
INSERT INTO `Dirección` (`idDireccion`,`Calle_idCalle`,`Altura`,`Barrio_idBarrio`) VALUES (46,241,516,2);
INSERT INTO `Dirección` (`idDireccion`,`Calle_idCalle`,`Altura`,`Barrio_idBarrio`) VALUES (47,183,2159,15);
INSERT INTO `Dirección` (`idDireccion`,`Calle_idCalle`,`Altura`,`Barrio_idBarrio`) VALUES (48,44,778,12);
INSERT INTO `Dirección` (`idDireccion`,`Calle_idCalle`,`Altura`,`Barrio_idBarrio`) VALUES (49,151,1618,1);
INSERT INTO `Dirección` (`idDireccion`,`Calle_idCalle`,`Altura`,`Barrio_idBarrio`) VALUES (50,17,2284,3);
INSERT INTO `Dirección` (`idDireccion`,`Calle_idCalle`,`Altura`,`Barrio_idBarrio`) VALUES (51,106,2467,8);
INSERT INTO `Dirección` (`idDireccion`,`Calle_idCalle`,`Altura`,`Barrio_idBarrio`) VALUES (52,235,1695,12);
INSERT INTO `Dirección` (`idDireccion`,`Calle_idCalle`,`Altura`,`Barrio_idBarrio`) VALUES (53,244,2033,5);
INSERT INTO `Dirección` (`idDireccion`,`Calle_idCalle`,`Altura`,`Barrio_idBarrio`) VALUES (54,54,2467,1);
INSERT INTO `Dirección` (`idDireccion`,`Calle_idCalle`,`Altura`,`Barrio_idBarrio`) VALUES (55,194,3477,4);
INSERT INTO `Dirección` (`idDireccion`,`Calle_idCalle`,`Altura`,`Barrio_idBarrio`) VALUES (56,250,2075,2);
INSERT INTO `Dirección` (`idDireccion`,`Calle_idCalle`,`Altura`,`Barrio_idBarrio`) VALUES (57,217,3146,4);
INSERT INTO `Dirección` (`idDireccion`,`Calle_idCalle`,`Altura`,`Barrio_idBarrio`) VALUES (58,42,3175,2);
INSERT INTO `Dirección` (`idDireccion`,`Calle_idCalle`,`Altura`,`Barrio_idBarrio`) VALUES (59,248,2568,12);
INSERT INTO `Dirección` (`idDireccion`,`Calle_idCalle`,`Altura`,`Barrio_idBarrio`) VALUES (60,172,762,2);
INSERT INTO `Dirección` (`idDireccion`,`Calle_idCalle`,`Altura`,`Barrio_idBarrio`) VALUES (61,215,3018,5);
INSERT INTO `Dirección` (`idDireccion`,`Calle_idCalle`,`Altura`,`Barrio_idBarrio`) VALUES (62,190,3674,6);
INSERT INTO `Dirección` (`idDireccion`,`Calle_idCalle`,`Altura`,`Barrio_idBarrio`) VALUES (63,85,3891,6);
INSERT INTO `Dirección` (`idDireccion`,`Calle_idCalle`,`Altura`,`Barrio_idBarrio`) VALUES (64,148,2011,10);
INSERT INTO `Dirección` (`idDireccion`,`Calle_idCalle`,`Altura`,`Barrio_idBarrio`) VALUES (65,97,3901,1);
INSERT INTO `Dirección` (`idDireccion`,`Calle_idCalle`,`Altura`,`Barrio_idBarrio`) VALUES (66,87,3764,8);
INSERT INTO `Dirección` (`idDireccion`,`Calle_idCalle`,`Altura`,`Barrio_idBarrio`) VALUES (67,39,1579,8);
INSERT INTO `Dirección` (`idDireccion`,`Calle_idCalle`,`Altura`,`Barrio_idBarrio`) VALUES (68,253,3446,13);
INSERT INTO `Dirección` (`idDireccion`,`Calle_idCalle`,`Altura`,`Barrio_idBarrio`) VALUES (69,177,3605,14);
INSERT INTO `Dirección` (`idDireccion`,`Calle_idCalle`,`Altura`,`Barrio_idBarrio`) VALUES (70,86,2976,7);
INSERT INTO `Dirección` (`idDireccion`,`Calle_idCalle`,`Altura`,`Barrio_idBarrio`) VALUES (71,164,1610,6);
INSERT INTO `Dirección` (`idDireccion`,`Calle_idCalle`,`Altura`,`Barrio_idBarrio`) VALUES (72,18,1689,6);
INSERT INTO `Dirección` (`idDireccion`,`Calle_idCalle`,`Altura`,`Barrio_idBarrio`) VALUES (73,224,3139,13);
INSERT INTO `Dirección` (`idDireccion`,`Calle_idCalle`,`Altura`,`Barrio_idBarrio`) VALUES (74,48,1168,14);
INSERT INTO `Dirección` (`idDireccion`,`Calle_idCalle`,`Altura`,`Barrio_idBarrio`) VALUES (75,205,1590,4);
INSERT INTO `Dirección` (`idDireccion`,`Calle_idCalle`,`Altura`,`Barrio_idBarrio`) VALUES (76,215,2107,13);
INSERT INTO `Dirección` (`idDireccion`,`Calle_idCalle`,`Altura`,`Barrio_idBarrio`) VALUES (77,151,1227,1);
INSERT INTO `Dirección` (`idDireccion`,`Calle_idCalle`,`Altura`,`Barrio_idBarrio`) VALUES (78,142,125,7);
INSERT INTO `Dirección` (`idDireccion`,`Calle_idCalle`,`Altura`,`Barrio_idBarrio`) VALUES (79,56,2019,3);
INSERT INTO `Dirección` (`idDireccion`,`Calle_idCalle`,`Altura`,`Barrio_idBarrio`) VALUES (80,255,1762,5);
INSERT INTO `Dirección` (`idDireccion`,`Calle_idCalle`,`Altura`,`Barrio_idBarrio`) VALUES (81,0,988,9);
INSERT INTO `Dirección` (`idDireccion`,`Calle_idCalle`,`Altura`,`Barrio_idBarrio`) VALUES (82,200,5050,14);
INSERT INTO `Dirección` (`idDireccion`,`Calle_idCalle`,`Altura`,`Barrio_idBarrio`) VALUES (83,165,3544,8);
INSERT INTO `Dirección` (`idDireccion`,`Calle_idCalle`,`Altura`,`Barrio_idBarrio`) VALUES (84,40,2780,3);
INSERT INTO `Dirección` (`idDireccion`,`Calle_idCalle`,`Altura`,`Barrio_idBarrio`) VALUES (85,259,955,16);
INSERT INTO `Dirección` (`idDireccion`,`Calle_idCalle`,`Altura`,`Barrio_idBarrio`) VALUES (86,86,450,14);
INSERT INTO `Dirección` (`idDireccion`,`Calle_idCalle`,`Altura`,`Barrio_idBarrio`) VALUES (87,210,1615,13);
INSERT INTO `Dirección` (`idDireccion`,`Calle_idCalle`,`Altura`,`Barrio_idBarrio`) VALUES (88,72,384,12);
INSERT INTO `Dirección` (`idDireccion`,`Calle_idCalle`,`Altura`,`Barrio_idBarrio`) VALUES (89,100,1494,8);


INSERT INTO `OrganizacionDelictiva` (`idOrganizacionDelictiva`,`Nombre`) VALUES(0,'Cosa Nostra');
INSERT INTO `OrganizacionDelictiva` (`idOrganizacionDelictiva`,`Nombre`) VALUES(1,'Camorra');
INSERT INTO `OrganizacionDelictiva` (`idOrganizacionDelictiva`,`Nombre`) VALUES(2,'Ndrangheta');
INSERT INTO `OrganizacionDelictiva` (`idOrganizacionDelictiva`,`Nombre`) VALUES(3,'Sacra corona unita');
INSERT INTO `OrganizacionDelictiva` (`idOrganizacionDelictiva`,`Nombre`) VALUES(4,'Familia Bonano');
INSERT INTO `OrganizacionDelictiva` (`idOrganizacionDelictiva`,`Nombre`) VALUES(5,'Familia Colombo');
INSERT INTO `OrganizacionDelictiva` (`idOrganizacionDelictiva`,`Nombre`) VALUES(6,'Familia Genovese');
INSERT INTO `OrganizacionDelictiva` (`idOrganizacionDelictiva`,`Nombre`) VALUES(7,'Familia Gambino');
INSERT INTO `OrganizacionDelictiva` (`idOrganizacionDelictiva`,`Nombre`) VALUES(8,'Familia Lucchese');
INSERT INTO `OrganizacionDelictiva` (`idOrganizacionDelictiva`,`Nombre`) VALUES(9,'Chicago Outfit');
INSERT INTO `OrganizacionDelictiva` (`idOrganizacionDelictiva`,`Nombre`) VALUES(10,'Anillos de Seulpa');
INSERT INTO `OrganizacionDelictiva` (`idOrganizacionDelictiva`,`Nombre`) VALUES(11,'BACRIM');
INSERT INTO `OrganizacionDelictiva` (`idOrganizacionDelictiva`,`Nombre`) VALUES(12,'GAO');
INSERT INTO `OrganizacionDelictiva` (`idOrganizacionDelictiva`,`Nombre`) VALUES(13,'Cartel de Medellín');
INSERT INTO `OrganizacionDelictiva` (`idOrganizacionDelictiva`,`Nombre`) VALUES(14,'Cartel de Cali');
INSERT INTO `OrganizacionDelictiva` (`idOrganizacionDelictiva`,`Nombre`) VALUES(15,'Cartel del Norte del Valle');
INSERT INTO `OrganizacionDelictiva` (`idOrganizacionDelictiva`,`Nombre`) VALUES(16,'Cartel de la Costa Atlántica');
INSERT INTO `OrganizacionDelictiva` (`idOrganizacionDelictiva`,`Nombre`) VALUES(17,'Los Mungiki');
INSERT INTO `OrganizacionDelictiva` (`idOrganizacionDelictiva`,`Nombre`) VALUES(18,'Las Triadas');
INSERT INTO `OrganizacionDelictiva` (`idOrganizacionDelictiva`,`Nombre`) VALUES(19,'Los Yakuza');
INSERT INTO `OrganizacionDelictiva` (`idOrganizacionDelictiva`,`Nombre`) VALUES(20,'Cartel de Sinaloa');
INSERT INTO `OrganizacionDelictiva` (`idOrganizacionDelictiva`,`Nombre`) VALUES(21,'Cartel Jalisco');
INSERT INTO `OrganizacionDelictiva` (`idOrganizacionDelictiva`,`Nombre`) VALUES(22,'Los Mata Zetas');
INSERT INTO `OrganizacionDelictiva` (`idOrganizacionDelictiva`,`Nombre`) VALUES(23,'Cartel del Noreste');
INSERT INTO `OrganizacionDelictiva` (`idOrganizacionDelictiva`,`Nombre`) VALUES(24,'Cartel del Golfo');
INSERT INTO `OrganizacionDelictiva` (`idOrganizacionDelictiva`,`Nombre`) VALUES(25,'Los Zetas');
INSERT INTO `OrganizacionDelictiva` (`idOrganizacionDelictiva`,`Nombre`) VALUES(26,'Cartel de Tijuana');
INSERT INTO `OrganizacionDelictiva` (`idOrganizacionDelictiva`,`Nombre`) VALUES(27,'Cártel de Juárez');
INSERT INTO `OrganizacionDelictiva` (`idOrganizacionDelictiva`,`Nombre`) VALUES(28,'Cártel de los Beltrán Leyva');
INSERT INTO `OrganizacionDelictiva` (`idOrganizacionDelictiva`,`Nombre`) VALUES(29,'La Mano con Ojos');
INSERT INTO `OrganizacionDelictiva` (`idOrganizacionDelictiva`,`Nombre`) VALUES(30,'Los Negros');
INSERT INTO `OrganizacionDelictiva` (`idOrganizacionDelictiva`,`Nombre`) VALUES(31,'Familia Michoacana');
INSERT INTO `OrganizacionDelictiva` (`idOrganizacionDelictiva`,`Nombre`) VALUES(32,'Cartel de Colima');
INSERT INTO `OrganizacionDelictiva` (`idOrganizacionDelictiva`,`Nombre`) VALUES(33,'Cartel de Guadalajara');
INSERT INTO `OrganizacionDelictiva` (`idOrganizacionDelictiva`,`Nombre`) VALUES(34,'Las Maras');
INSERT INTO `OrganizacionDelictiva` (`idOrganizacionDelictiva`,`Nombre`) VALUES(35,'Cártel de los Soles');


INSERT INTO `Superheroe` (`idSuperheroe`,`Nombre`,`ColorDisfraz`)VALUES(0,'Aquaman','Verde');
INSERT INTO `Superheroe` (`idSuperheroe`,`Nombre`,`ColorDisfraz`)VALUES(1,'Batman','Gris');
INSERT INTO `Superheroe` (`idSuperheroe`,`Nombre`,`ColorDisfraz`)VALUES(2,'Flash','Rojo');
INSERT INTO `Superheroe` (`idSuperheroe`,`Nombre`,`ColorDisfraz`)VALUES(3,'Linterna Verde','Verde');
INSERT INTO `Superheroe` (`idSuperheroe`,`Nombre`,`ColorDisfraz`)VALUES(4,'Superman','Rojo');
INSERT INTO `Superheroe` (`idSuperheroe`,`Nombre`,`ColorDisfraz`)VALUES(5,'Wonder Woman','Rojo');
INSERT INTO `Superheroe` (`idSuperheroe`,`Nombre`,`ColorDisfraz`)VALUES(6,'Bluebird','Azul');
INSERT INTO `Superheroe` (`idSuperheroe`,`Nombre`,`ColorDisfraz`)VALUES(7,'Buzz Lightyear','Blanco/Verde');
INSERT INTO `Superheroe` (`idSuperheroe`,`Nombre`,`ColorDisfraz`)VALUES(8,'Chapulín Colorado','Rojo');
INSERT INTO `Superheroe` (`idSuperheroe`,`Nombre`,`ColorDisfraz`)VALUES(9,'Thundercats','Varios');
INSERT INTO `Superheroe` (`idSuperheroe`,`Nombre`,`ColorDisfraz`)VALUES(10,'Capitán América','Rojo/Azul');
INSERT INTO `Superheroe` (`idSuperheroe`,`Nombre`,`ColorDisfraz`)VALUES(11,'Hulk','Verde');
INSERT INTO `Superheroe` (`idSuperheroe`,`Nombre`,`ColorDisfraz`)VALUES(12,'Iron Man','Gris');
INSERT INTO `Superheroe` (`idSuperheroe`,`Nombre`,`ColorDisfraz`)VALUES(13,'Spiderman','Rojo/Azul');
INSERT INTO `Superheroe` (`idSuperheroe`,`Nombre`,`ColorDisfraz`)VALUES(14,'Caballero Luna','Blanco');
INSERT INTO `Superheroe` (`idSuperheroe`,`Nombre`,`ColorDisfraz`)VALUES(15,'Capitán Britania','Azul/Rojo');
INSERT INTO `Superheroe` (`idSuperheroe`,`Nombre`,`ColorDisfraz`)VALUES(16,'Caballero Rojo','Rojo');
INSERT INTO `Superheroe` (`idSuperheroe`,`Nombre`,`ColorDisfraz`)VALUES(17,'Superhijitus','Azul');
INSERT INTO `Superheroe` (`idSuperheroe`,`Nombre`,`ColorDisfraz`)VALUES(18,'Power Rangers','');
INSERT INTO `Superheroe` (`idSuperheroe`,`Nombre`,`ColorDisfraz`)VALUES(19,'El Zorro','Negro');
INSERT INTO `Superheroe` (`idSuperheroe`,`Nombre`,`ColorDisfraz`)VALUES(20,'Robocop','Gris');
INSERT INTO `Superheroe` (`idSuperheroe`,`Nombre`,`ColorDisfraz`)VALUES(21,'Molten Man','Rojo');
INSERT INTO `Superheroe` (`idSuperheroe`,`Nombre`,`ColorDisfraz`)VALUES(22,'Iceman','Azul/Blanco');
INSERT INTO `Superheroe` (`idSuperheroe`,`Nombre`,`ColorDisfraz`)VALUES(23,'Hombre Elástico','Negro/Rojo');
INSERT INTO `Superheroe` (`idSuperheroe`,`Nombre`,`ColorDisfraz`)VALUES(24,'El Dorado','Amarillo/Rojo');
INSERT INTO `Superheroe` (`idSuperheroe`,`Nombre`,`ColorDisfraz`)VALUES(25,'Firestorm','Amarillo/Rojo');
INSERT INTO `Superheroe` (`idSuperheroe`,`Nombre`,`ColorDisfraz`)VALUES(26,'Powergirl','Blanco');
INSERT INTO `Superheroe` (`idSuperheroe`,`Nombre`,`ColorDisfraz`)VALUES(27,'Red Star','Rojo');
INSERT INTO `Superheroe` (`idSuperheroe`,`Nombre`,`ColorDisfraz`)VALUES(28,'Striker Z','Blanco/Rojo');
INSERT INTO `Superheroe` (`idSuperheroe`,`Nombre`,`ColorDisfraz`)VALUES(29,'Air Wave','Verde');

INSERT INTO `Persona`(`idPersona`,`Nombre`,`Apellido`,`idBarrio`,`idOrganizacionDelictiva`) VALUES(0,'Laura','Franco',4,2);
INSERT INTO `Persona`(`idPersona`,`Nombre`,`Apellido`,`idBarrio`,`idOrganizacionDelictiva`) VALUES(1,'Consuela','Armando',8,NULL);
INSERT INTO `Persona`(`idPersona`,`Nombre`,`Apellido`,`idBarrio`,`idOrganizacionDelictiva`) VALUES(2,'Pío','Aiza',13,35);
INSERT INTO `Persona`(`idPersona`,`Nombre`,`Apellido`,`idBarrio`,`idOrganizacionDelictiva`) VALUES(3,'Bethania','Alvarado',1,35);
INSERT INTO `Persona`(`idPersona`,`Nombre`,`Apellido`,`idBarrio`,`idOrganizacionDelictiva`) VALUES(4,'Nicolás','Villar',2,17);
INSERT INTO `Persona`(`idPersona`,`Nombre`,`Apellido`,`idBarrio`,`idOrganizacionDelictiva`) VALUES(5,'Benigna','Santos',3,8);
INSERT INTO `Persona`(`idPersona`,`Nombre`,`Apellido`,`idBarrio`,`idOrganizacionDelictiva`) VALUES(6,'Román','Aiza',9,NULL);
INSERT INTO `Persona`(`idPersona`,`Nombre`,`Apellido`,`idBarrio`,`idOrganizacionDelictiva`) VALUES(7,'Armida','Giménez',13,13);
INSERT INTO `Persona`(`idPersona`,`Nombre`,`Apellido`,`idBarrio`,`idOrganizacionDelictiva`) VALUES(8,'Ofelia','Flores',9,10);
INSERT INTO `Persona`(`idPersona`,`Nombre`,`Apellido`,`idBarrio`,`idOrganizacionDelictiva`) VALUES(9,'Luciano','Flores',7,3);
INSERT INTO `Persona`(`idPersona`,`Nombre`,`Apellido`,`idBarrio`,`idOrganizacionDelictiva`) VALUES(10,'Moisés','Núñez',11,29);
INSERT INTO `Persona`(`idPersona`,`Nombre`,`Apellido`,`idBarrio`,`idOrganizacionDelictiva`) VALUES(11,'Fátima','Ojeda',11,17);
INSERT INTO `Persona`(`idPersona`,`Nombre`,`Apellido`,`idBarrio`,`idOrganizacionDelictiva`) VALUES(12,'Salomón','Cuesta',10,20);
INSERT INTO `Persona`(`idPersona`,`Nombre`,`Apellido`,`idBarrio`,`idOrganizacionDelictiva`) VALUES(13,'José','Espino',1,35);
INSERT INTO `Persona`(`idPersona`,`Nombre`,`Apellido`,`idBarrio`,`idOrganizacionDelictiva`) VALUES(14,'Lorenza','Santos',10,30);
INSERT INTO `Persona`(`idPersona`,`Nombre`,`Apellido`,`idBarrio`,`idOrganizacionDelictiva`) VALUES(15,'Miguel','Zamorano',7,30);
INSERT INTO `Persona`(`idPersona`,`Nombre`,`Apellido`,`idBarrio`,`idOrganizacionDelictiva`) VALUES(16,'Bibiana','Velázquez',2,25);
INSERT INTO `Persona`(`idPersona`,`Nombre`,`Apellido`,`idBarrio`,`idOrganizacionDelictiva`) VALUES(17,'Saturnina','Ibáñez',15,20);
INSERT INTO `Persona`(`idPersona`,`Nombre`,`Apellido`,`idBarrio`,`idOrganizacionDelictiva`) VALUES(18,'Salomé','Campos',9,9);
INSERT INTO `Persona`(`idPersona`,`Nombre`,`Apellido`,`idBarrio`,`idOrganizacionDelictiva`) VALUES(19,'Gracia','Mendoza',6,1);
INSERT INTO `Persona`(`idPersona`,`Nombre`,`Apellido`,`idBarrio`,`idOrganizacionDelictiva`) VALUES(20,'Florentina','De León',0,27);
INSERT INTO `Persona`(`idPersona`,`Nombre`,`Apellido`,`idBarrio`,`idOrganizacionDelictiva`) VALUES(21,'Felicidad','Quirós',2,18);
INSERT INTO `Persona`(`idPersona`,`Nombre`,`Apellido`,`idBarrio`,`idOrganizacionDelictiva`) VALUES(22,'Marta','De La Fuente',11,33);
INSERT INTO `Persona`(`idPersona`,`Nombre`,`Apellido`,`idBarrio`,`idOrganizacionDelictiva`) VALUES(23,'Prudencio','Abarca',6,3);
INSERT INTO `Persona`(`idPersona`,`Nombre`,`Apellido`,`idBarrio`,`idOrganizacionDelictiva`) VALUES(24,'Inés','Bello',3,8);
INSERT INTO `Persona`(`idPersona`,`Nombre`,`Apellido`,`idBarrio`,`idOrganizacionDelictiva`) VALUES(25,'Marisol','Bautista',16,14);
INSERT INTO `Persona`(`idPersona`,`Nombre`,`Apellido`,`idBarrio`,`idOrganizacionDelictiva`) VALUES(26,'Julián','Fernández',11,NULL);
INSERT INTO `Persona`(`idPersona`,`Nombre`,`Apellido`,`idBarrio`,`idOrganizacionDelictiva`) VALUES(27,'Isaac','Catalán',15,32);
INSERT INTO `Persona`(`idPersona`,`Nombre`,`Apellido`,`idBarrio`,`idOrganizacionDelictiva`) VALUES(28,'Julio','Vega',14,2);
INSERT INTO `Persona`(`idPersona`,`Nombre`,`Apellido`,`idBarrio`,`idOrganizacionDelictiva`) VALUES(29,'Adelina','Medina',9,18);
INSERT INTO `Persona`(`idPersona`,`Nombre`,`Apellido`,`idBarrio`,`idOrganizacionDelictiva`) VALUES(20,'Jaime','Blanco',3,5);
INSERT INTO `Persona`(`idPersona`,`Nombre`,`Apellido`,`idBarrio`,`idOrganizacionDelictiva`) VALUES(31,'Marco','Franco',4,10);
INSERT INTO `Persona`(`idPersona`,`Nombre`,`Apellido`,`idBarrio`,`idOrganizacionDelictiva`) VALUES(32,'Valeria','Sastre',15,NULL);
INSERT INTO `Persona`(`idPersona`,`Nombre`,`Apellido`,`idBarrio`,`idOrganizacionDelictiva`) VALUES(33,'Odalys','Cuéllar',0,22);
INSERT INTO `Persona`(`idPersona`,`Nombre`,`Apellido`,`idBarrio`,`idOrganizacionDelictiva`) VALUES(34,'Martín','Santana',14,5);
INSERT INTO `Persona`(`idPersona`,`Nombre`,`Apellido`,`idBarrio`,`idOrganizacionDelictiva`) VALUES(35,'Baudelio','Ibáñez',15,7);
INSERT INTO `Persona`(`idPersona`,`Nombre`,`Apellido`,`idBarrio`,`idOrganizacionDelictiva`) VALUES(36,'Reina','Trujillo',13,6);
INSERT INTO `Persona`(`idPersona`,`Nombre`,`Apellido`,`idBarrio`,`idOrganizacionDelictiva`) VALUES(37,'Efraín','Alfaro',8,NULL);
INSERT INTO `Persona`(`idPersona`,`Nombre`,`Apellido`,`idBarrio`,`idOrganizacionDelictiva`) VALUES(38,'Hortensia','Echeverría',13,NULL);
INSERT INTO `Persona`(`idPersona`,`Nombre`,`Apellido`,`idBarrio`,`idOrganizacionDelictiva`) VALUES(39,'Encarnación','Elizondo',10,24);
INSERT INTO `Persona`(`idPersona`,`Nombre`,`Apellido`,`idBarrio`,`idOrganizacionDelictiva`) VALUES(30,'África','Ola',6,NULL);
INSERT INTO `Persona`(`idPersona`,`Nombre`,`Apellido`,`idBarrio`,`idOrganizacionDelictiva`) VALUES(41,'Fabián','Caro',6,4);
INSERT INTO `Persona`(`idPersona`,`Nombre`,`Apellido`,`idBarrio`,`idOrganizacionDelictiva`) VALUES(42,'Milagros','Garza',4,0);
INSERT INTO `Persona`(`idPersona`,`Nombre`,`Apellido`,`idBarrio`,`idOrganizacionDelictiva`) VALUES(43,'Roberto','Cantú',1,15);
INSERT INTO `Persona`(`idPersona`,`Nombre`,`Apellido`,`idBarrio`,`idOrganizacionDelictiva`) VALUES(44,'Emilia','Vázquez',7,NULL);
INSERT INTO `Persona`(`idPersona`,`Nombre`,`Apellido`,`idBarrio`,`idOrganizacionDelictiva`) VALUES(45,'Amancio','Rosario',6,NULL);
INSERT INTO `Persona`(`idPersona`,`Nombre`,`Apellido`,`idBarrio`,`idOrganizacionDelictiva`) VALUES(46,'Elvira','Sepúlveda',12,6);
INSERT INTO `Persona`(`idPersona`,`Nombre`,`Apellido`,`idBarrio`,`idOrganizacionDelictiva`) VALUES(47,'Marcial','Rojo',0,3);
INSERT INTO `Persona`(`idPersona`,`Nombre`,`Apellido`,`idBarrio`,`idOrganizacionDelictiva`) VALUES(48,'Nuria','Estrada',0,19);
INSERT INTO `Persona`(`idPersona`,`Nombre`,`Apellido`,`idBarrio`,`idOrganizacionDelictiva`) VALUES(49,'Bethania','Mingo',2,13);
INSERT INTO `Persona`(`idPersona`,`Nombre`,`Apellido`,`idBarrio`,`idOrganizacionDelictiva`) VALUES(50,'Eulalia','Medina',7,9);
INSERT INTO `Persona`(`idPersona`,`Nombre`,`Apellido`,`idBarrio`,`idOrganizacionDelictiva`) VALUES(51,'Cayetana','Velázquez',15,NULL);
INSERT INTO `Persona`(`idPersona`,`Nombre`,`Apellido`,`idBarrio`,`idOrganizacionDelictiva`) VALUES(52,'Hermenegildo','Varela',14,NULL);
INSERT INTO `Persona`(`idPersona`,`Nombre`,`Apellido`,`idBarrio`,`idOrganizacionDelictiva`) VALUES(53,'Marina','Maradona',11,7);
INSERT INTO `Persona`(`idPersona`,`Nombre`,`Apellido`,`idBarrio`,`idOrganizacionDelictiva`) VALUES(54,'Vinicio','Reyes',5,20);
INSERT INTO `Persona`(`idPersona`,`Nombre`,`Apellido`,`idBarrio`,`idOrganizacionDelictiva`) VALUES(55,'Josefa','Lucas',10,9);
INSERT INTO `Persona`(`idPersona`,`Nombre`,`Apellido`,`idBarrio`,`idOrganizacionDelictiva`) VALUES(56,'Griselda','Viteri',10,NULL);
INSERT INTO `Persona`(`idPersona`,`Nombre`,`Apellido`,`idBarrio`,`idOrganizacionDelictiva`) VALUES(57,'Ariadna','Olguin',9,NULL);
INSERT INTO `Persona`(`idPersona`,`Nombre`,`Apellido`,`idBarrio`,`idOrganizacionDelictiva`) VALUES(58,'Anselmo','Iñíguez',6,21);
INSERT INTO `Persona`(`idPersona`,`Nombre`,`Apellido`,`idBarrio`,`idOrganizacionDelictiva`) VALUES(59,'Modesto','Martínez',6,26);
INSERT INTO `Persona`(`idPersona`,`Nombre`,`Apellido`,`idBarrio`,`idOrganizacionDelictiva`) VALUES(60,'Íñigo','Moreno',11,NULL);
INSERT INTO `Persona`(`idPersona`,`Nombre`,`Apellido`,`idBarrio`,`idOrganizacionDelictiva`) VALUES(61,'Donato','Molina',12,25);
INSERT INTO `Persona`(`idPersona`,`Nombre`,`Apellido`,`idBarrio`,`idOrganizacionDelictiva`) VALUES(62,'Rosalina','Cabrera',7,30);
INSERT INTO `Persona`(`idPersona`,`Nombre`,`Apellido`,`idBarrio`,`idOrganizacionDelictiva`) VALUES(63,'Rosalina','Terrazas',0,NULL);
INSERT INTO `Persona`(`idPersona`,`Nombre`,`Apellido`,`idBarrio`,`idOrganizacionDelictiva`) VALUES(64,'Benjamín','Peláez',13,NULL);
INSERT INTO `Persona`(`idPersona`,`Nombre`,`Apellido`,`idBarrio`,`idOrganizacionDelictiva`) VALUES(65,'Edmundo','Toledano',0,18);
INSERT INTO `Persona`(`idPersona`,`Nombre`,`Apellido`,`idBarrio`,`idOrganizacionDelictiva`) VALUES(66,'Flavio','Gallego',3,30);
INSERT INTO `Persona`(`idPersona`,`Nombre`,`Apellido`,`idBarrio`,`idOrganizacionDelictiva`) VALUES(67,'Alejo','García',9,NULL);
INSERT INTO `Persona`(`idPersona`,`Nombre`,`Apellido`,`idBarrio`,`idOrganizacionDelictiva`) VALUES(68,'Loreto','Arechavaleta',1,NULL);
INSERT INTO `Persona`(`idPersona`,`Nombre`,`Apellido`,`idBarrio`,`idOrganizacionDelictiva`) VALUES(69,'Angélica','Velásquez',5,29);
INSERT INTO `Persona`(`idPersona`,`Nombre`,`Apellido`,`idBarrio`,`idOrganizacionDelictiva`) VALUES(70,'Bruno','Espina',8,30);
INSERT INTO `Persona`(`idPersona`,`Nombre`,`Apellido`,`idBarrio`,`idOrganizacionDelictiva`) VALUES(71,'Venceslás','Reyes',4,NULL);
INSERT INTO `Persona`(`idPersona`,`Nombre`,`Apellido`,`idBarrio`,`idOrganizacionDelictiva`) VALUES(72,'Dulce','Varela',1,17);
INSERT INTO `Persona`(`idPersona`,`Nombre`,`Apellido`,`idBarrio`,`idOrganizacionDelictiva`) VALUES(73,'Ivette','Basurto',13,21);
INSERT INTO `Persona`(`idPersona`,`Nombre`,`Apellido`,`idBarrio`,`idOrganizacionDelictiva`) VALUES(74,'Florentino','Nieves',8,30);
INSERT INTO `Persona`(`idPersona`,`Nombre`,`Apellido`,`idBarrio`,`idOrganizacionDelictiva`) VALUES(75,'Mirta','Mingo',16,29);
INSERT INTO `Persona`(`idPersona`,`Nombre`,`Apellido`,`idBarrio`,`idOrganizacionDelictiva`) VALUES(76,'Marina','Rana',16,NULL);
INSERT INTO `Persona`(`idPersona`,`Nombre`,`Apellido`,`idBarrio`,`idOrganizacionDelictiva`) VALUES(77,'Alonso','Velásquez',2,NULL);
INSERT INTO `Persona`(`idPersona`,`Nombre`,`Apellido`,`idBarrio`,`idOrganizacionDelictiva`) VALUES(78,'Judith','Narváez',3,26);
INSERT INTO `Persona`(`idPersona`,`Nombre`,`Apellido`,`idBarrio`,`idOrganizacionDelictiva`) VALUES(79,'Crescencia','Quintana',11,20);
INSERT INTO `Persona`(`idPersona`,`Nombre`,`Apellido`,`idBarrio`,`idOrganizacionDelictiva`) VALUES(80,'Álvaro','Suárez',12,28);
INSERT INTO `Persona`(`idPersona`,`Nombre`,`Apellido`,`idBarrio`,`idOrganizacionDelictiva`) VALUES(81,'Jaime','Noguera',10,28);
INSERT INTO `Persona`(`idPersona`,`Nombre`,`Apellido`,`idBarrio`,`idOrganizacionDelictiva`) VALUES(82,'Marisol','Ortega',2,NULL);
INSERT INTO `Persona`(`idPersona`,`Nombre`,`Apellido`,`idBarrio`,`idOrganizacionDelictiva`) VALUES(83,'Miguel','Cardozo',12,NULL);
INSERT INTO `Persona`(`idPersona`,`Nombre`,`Apellido`,`idBarrio`,`idOrganizacionDelictiva`) VALUES(84,'Tomás','Cantú',4,NULL);
INSERT INTO `Persona`(`idPersona`,`Nombre`,`Apellido`,`idBarrio`,`idOrganizacionDelictiva`) VALUES(85,'Natalio','Ramírez',5,22);
INSERT INTO `Persona`(`idPersona`,`Nombre`,`Apellido`,`idBarrio`,`idOrganizacionDelictiva`) VALUES(86,'Moisés','Quirós',6,18);
INSERT INTO `Persona`(`idPersona`,`Nombre`,`Apellido`,`idBarrio`,`idOrganizacionDelictiva`) VALUES(87,'Lucía','Iglesias',3,22);
INSERT INTO `Persona`(`idPersona`,`Nombre`,`Apellido`,`idBarrio`,`idOrganizacionDelictiva`) VALUES(88,'Demetrio','Valdez',10,19);
INSERT INTO `Persona`(`idPersona`,`Nombre`,`Apellido`,`idBarrio`,`idOrganizacionDelictiva`) VALUES(89,'Norberto','Santiago',9,20);
INSERT INTO `Persona`(`idPersona`,`Nombre`,`Apellido`,`idBarrio`,`idOrganizacionDelictiva`) VALUES(90,'Rómulo','Jasso',10,24);
INSERT INTO `Persona`(`idPersona`,`Nombre`,`Apellido`,`idBarrio`,`idOrganizacionDelictiva`) VALUES(91,'Rafaela','Bosque',2,NULL);
INSERT INTO `Persona`(`idPersona`,`Nombre`,`Apellido`,`idBarrio`,`idOrganizacionDelictiva`) VALUES(92,'Godofredo','Cabrera',11,NULL);
INSERT INTO `Persona`(`idPersona`,`Nombre`,`Apellido`,`idBarrio`,`idOrganizacionDelictiva`) VALUES(93,'Melisa','Gómez',12,25);
INSERT INTO `Persona`(`idPersona`,`Nombre`,`Apellido`,`idBarrio`,`idOrganizacionDelictiva`) VALUES(94,'Martina','Ojeda',8,19);
INSERT INTO `Persona`(`idPersona`,`Nombre`,`Apellido`,`idBarrio`,`idOrganizacionDelictiva`) VALUES(95,'Valeria','Robles',3,6);
INSERT INTO `Persona`(`idPersona`,`Nombre`,`Apellido`,`idBarrio`,`idOrganizacionDelictiva`) VALUES(96,'Lorenza','Esparza',16,1);
INSERT INTO `Persona`(`idPersona`,`Nombre`,`Apellido`,`idBarrio`,`idOrganizacionDelictiva`) VALUES(97,'Marcio','Muñoz',10,1);
INSERT INTO `Persona`(`idPersona`,`Nombre`,`Apellido`,`idBarrio`,`idOrganizacionDelictiva`) VALUES(98,'Renata','Del Bosque',11,14);
INSERT INTO `Persona`(`idPersona`,`Nombre`,`Apellido`,`idBarrio`,`idOrganizacionDelictiva`) VALUES(99,'Olivia','De León',8,11);


INSERT INTO `Incidente`(`idIncidente`,`idDireccion`,`Numero`,`Descripcion`,`Fecha`) VALUES (0,51,NULL,NULL,'2018-7-12');
INSERT INTO `Incidente`(`idIncidente`,`idDireccion`,`Numero`,`Descripcion`,`Fecha`) VALUES (1,28,NULL,NULL,'2018-2-17');
INSERT INTO `Incidente`(`idIncidente`,`idDireccion`,`Numero`,`Descripcion`,`Fecha`) VALUES (2,40,NULL,NULL,'2018-4-12');
INSERT INTO `Incidente`(`idIncidente`,`idDireccion`,`Numero`,`Descripcion`,`Fecha`) VALUES (3,89,NULL,NULL,'2018-2-29');
INSERT INTO `Incidente`(`idIncidente`,`idDireccion`,`Numero`,`Descripcion`,`Fecha`) VALUES (4,88,NULL,NULL,'2018-4-2');
INSERT INTO `Incidente`(`idIncidente`,`idDireccion`,`Numero`,`Descripcion`,`Fecha`) VALUES (5,1,NULL,NULL,'2018-8-20');
INSERT INTO `Incidente`(`idIncidente`,`idDireccion`,`Numero`,`Descripcion`,`Fecha`) VALUES (6,54,NULL,NULL,'2018-6-13');
INSERT INTO `Incidente`(`idIncidente`,`idDireccion`,`Numero`,`Descripcion`,`Fecha`) VALUES (7,76,NULL,NULL,'2018-6-8');
INSERT INTO `Incidente`(`idIncidente`,`idDireccion`,`Numero`,`Descripcion`,`Fecha`) VALUES (8,44,NULL,NULL,'2018-11-28');
INSERT INTO `Incidente`(`idIncidente`,`idDireccion`,`Numero`,`Descripcion`,`Fecha`) VALUES (9,33,NULL,NULL,'2018-5-18');
INSERT INTO `Incidente`(`idIncidente`,`idDireccion`,`Numero`,`Descripcion`,`Fecha`) VALUES (10,26,NULL,NULL,'2018-9-20');
INSERT INTO `Incidente`(`idIncidente`,`idDireccion`,`Numero`,`Descripcion`,`Fecha`) VALUES (11,41,NULL,NULL,'2018-1-30');
INSERT INTO `Incidente`(`idIncidente`,`idDireccion`,`Numero`,`Descripcion`,`Fecha`) VALUES (12,60,NULL,NULL,'2018-4-13');
INSERT INTO `Incidente`(`idIncidente`,`idDireccion`,`Numero`,`Descripcion`,`Fecha`) VALUES (13,31,NULL,NULL,'2018-12-2');
INSERT INTO `Incidente`(`idIncidente`,`idDireccion`,`Numero`,`Descripcion`,`Fecha`) VALUES (14,40,NULL,NULL,'2018-3-26');
INSERT INTO `Incidente`(`idIncidente`,`idDireccion`,`Numero`,`Descripcion`,`Fecha`) VALUES (15,73,NULL,NULL,'2018-10-9');
INSERT INTO `Incidente`(`idIncidente`,`idDireccion`,`Numero`,`Descripcion`,`Fecha`) VALUES (16,40,NULL,NULL,'2018-12-19');
INSERT INTO `Incidente`(`idIncidente`,`idDireccion`,`Numero`,`Descripcion`,`Fecha`) VALUES (17,85,NULL,NULL,'2018-11-13');
INSERT INTO `Incidente`(`idIncidente`,`idDireccion`,`Numero`,`Descripcion`,`Fecha`) VALUES (18,6,NULL,NULL,'2018-11-1');
INSERT INTO `Incidente`(`idIncidente`,`idDireccion`,`Numero`,`Descripcion`,`Fecha`) VALUES (19,87,NULL,NULL,'2018-12-23');
INSERT INTO `Incidente`(`idIncidente`,`idDireccion`,`Numero`,`Descripcion`,`Fecha`) VALUES (20,33,NULL,NULL,'2018-11-17');
INSERT INTO `Incidente`(`idIncidente`,`idDireccion`,`Numero`,`Descripcion`,`Fecha`) VALUES (21,19,NULL,NULL,'2018-8-4');
INSERT INTO `Incidente`(`idIncidente`,`idDireccion`,`Numero`,`Descripcion`,`Fecha`) VALUES (22,56,NULL,NULL,'2018-12-11');
INSERT INTO `Incidente`(`idIncidente`,`idDireccion`,`Numero`,`Descripcion`,`Fecha`) VALUES (23,20,NULL,NULL,'2018-10-21');
INSERT INTO `Incidente`(`idIncidente`,`idDireccion`,`Numero`,`Descripcion`,`Fecha`) VALUES (24,86,NULL,NULL,'2018-11-4');
INSERT INTO `Incidente`(`idIncidente`,`idDireccion`,`Numero`,`Descripcion`,`Fecha`) VALUES (25,3,NULL,NULL,'2018-1-18');
INSERT INTO `Incidente`(`idIncidente`,`idDireccion`,`Numero`,`Descripcion`,`Fecha`) VALUES (26,52,NULL,NULL,'2018-10-22');
INSERT INTO `Incidente`(`idIncidente`,`idDireccion`,`Numero`,`Descripcion`,`Fecha`) VALUES (27,49,NULL,NULL,'2018-9-28');
INSERT INTO `Incidente`(`idIncidente`,`idDireccion`,`Numero`,`Descripcion`,`Fecha`) VALUES (28,33,NULL,NULL,'2018-1-18');
INSERT INTO `Incidente`(`idIncidente`,`idDireccion`,`Numero`,`Descripcion`,`Fecha`) VALUES (29,23,NULL,NULL,'2018-7-6');
INSERT INTO `Incidente`(`idIncidente`,`idDireccion`,`Numero`,`Descripcion`,`Fecha`) VALUES (30,9,NULL,NULL,'2018-5-21');
INSERT INTO `Incidente`(`idIncidente`,`idDireccion`,`Numero`,`Descripcion`,`Fecha`) VALUES (31,60,NULL,NULL,'2018-11-9');
INSERT INTO `Incidente`(`idIncidente`,`idDireccion`,`Numero`,`Descripcion`,`Fecha`) VALUES (32,5,NULL,NULL,'2018-7-28');
INSERT INTO `Incidente`(`idIncidente`,`idDireccion`,`Numero`,`Descripcion`,`Fecha`) VALUES (33,65,NULL,NULL,'2018-11-12');
INSERT INTO `Incidente`(`idIncidente`,`idDireccion`,`Numero`,`Descripcion`,`Fecha`) VALUES (34,20,NULL,NULL,'2018-4-10');
INSERT INTO `Incidente`(`idIncidente`,`idDireccion`,`Numero`,`Descripcion`,`Fecha`) VALUES (35,89,NULL,NULL,'2018-2-7');
INSERT INTO `Incidente`(`idIncidente`,`idDireccion`,`Numero`,`Descripcion`,`Fecha`) VALUES (36,22,NULL,NULL,'2018-7-19');
INSERT INTO `Incidente`(`idIncidente`,`idDireccion`,`Numero`,`Descripcion`,`Fecha`) VALUES (37,33,NULL,NULL,'2018-11-29');
INSERT INTO `Incidente`(`idIncidente`,`idDireccion`,`Numero`,`Descripcion`,`Fecha`) VALUES (38,1,NULL,NULL,'2018-4-6');
INSERT INTO `Incidente`(`idIncidente`,`idDireccion`,`Numero`,`Descripcion`,`Fecha`) VALUES (39,68,NULL,NULL,'2018-3-28');
INSERT INTO `Incidente`(`idIncidente`,`idDireccion`,`Numero`,`Descripcion`,`Fecha`) VALUES (40,88,NULL,NULL,'2018-5-22');
INSERT INTO `Incidente`(`idIncidente`,`idDireccion`,`Numero`,`Descripcion`,`Fecha`) VALUES (41,61,NULL,NULL,'2018-3-18');
INSERT INTO `Incidente`(`idIncidente`,`idDireccion`,`Numero`,`Descripcion`,`Fecha`) VALUES (42,72,NULL,NULL,'2018-12-19');
INSERT INTO `Incidente`(`idIncidente`,`idDireccion`,`Numero`,`Descripcion`,`Fecha`) VALUES (43,33,NULL,NULL,'2018-6-30');
INSERT INTO `Incidente`(`idIncidente`,`idDireccion`,`Numero`,`Descripcion`,`Fecha`) VALUES (44,62,NULL,NULL,'2018-11-28');
INSERT INTO `Incidente`(`idIncidente`,`idDireccion`,`Numero`,`Descripcion`,`Fecha`) VALUES (45,17,NULL,NULL,'2018-2-1');
INSERT INTO `Incidente`(`idIncidente`,`idDireccion`,`Numero`,`Descripcion`,`Fecha`) VALUES (46,17,NULL,NULL,'2018-1-18');
INSERT INTO `Incidente`(`idIncidente`,`idDireccion`,`Numero`,`Descripcion`,`Fecha`) VALUES (47,71,NULL,NULL,'2018-12-11');
INSERT INTO `Incidente`(`idIncidente`,`idDireccion`,`Numero`,`Descripcion`,`Fecha`) VALUES (48,10,NULL,NULL,'2018-9-16');
INSERT INTO `Incidente`(`idIncidente`,`idDireccion`,`Numero`,`Descripcion`,`Fecha`) VALUES (49,60,NULL,NULL,'2018-3-29');
INSERT INTO `Incidente`(`idIncidente`,`idDireccion`,`Numero`,`Descripcion`,`Fecha`) VALUES (50,86,NULL,NULL,'2018-12-2');
INSERT INTO `Incidente`(`idIncidente`,`idDireccion`,`Numero`,`Descripcion`,`Fecha`) VALUES (51,5,NULL,NULL,'2018-6-16');
INSERT INTO `Incidente`(`idIncidente`,`idDireccion`,`Numero`,`Descripcion`,`Fecha`) VALUES (52,80,NULL,NULL,'2018-2-21');
INSERT INTO `Incidente`(`idIncidente`,`idDireccion`,`Numero`,`Descripcion`,`Fecha`) VALUES (53,0,NULL,NULL,'2018-8-24');
INSERT INTO `Incidente`(`idIncidente`,`idDireccion`,`Numero`,`Descripcion`,`Fecha`) VALUES (54,62,NULL,NULL,'2018-12-19');
INSERT INTO `Incidente`(`idIncidente`,`idDireccion`,`Numero`,`Descripcion`,`Fecha`) VALUES (55,24,NULL,NULL,'2018-3-24');
INSERT INTO `Incidente`(`idIncidente`,`idDireccion`,`Numero`,`Descripcion`,`Fecha`) VALUES (56,38,NULL,NULL,'2018-8-30');
INSERT INTO `Incidente`(`idIncidente`,`idDireccion`,`Numero`,`Descripcion`,`Fecha`) VALUES (57,86,NULL,NULL,'2018-1-14');
INSERT INTO `Incidente`(`idIncidente`,`idDireccion`,`Numero`,`Descripcion`,`Fecha`) VALUES (58,82,NULL,NULL,'2018-5-22');
INSERT INTO `Incidente`(`idIncidente`,`idDireccion`,`Numero`,`Descripcion`,`Fecha`) VALUES (59,5,NULL,NULL,'2018-4-29');
INSERT INTO `Incidente`(`idIncidente`,`idDireccion`,`Numero`,`Descripcion`,`Fecha`) VALUES (60,0,NULL,NULL,'2018-4-27');
INSERT INTO `Incidente`(`idIncidente`,`idDireccion`,`Numero`,`Descripcion`,`Fecha`) VALUES (61,40,NULL,NULL,'2018-10-21');
INSERT INTO `Incidente`(`idIncidente`,`idDireccion`,`Numero`,`Descripcion`,`Fecha`) VALUES (62,6,NULL,NULL,'2018-2-18');
INSERT INTO `Incidente`(`idIncidente`,`idDireccion`,`Numero`,`Descripcion`,`Fecha`) VALUES (63,52,NULL,NULL,'2018-9-20');
INSERT INTO `Incidente`(`idIncidente`,`idDireccion`,`Numero`,`Descripcion`,`Fecha`) VALUES (64,46,NULL,NULL,'2018-4-30');
INSERT INTO `Incidente`(`idIncidente`,`idDireccion`,`Numero`,`Descripcion`,`Fecha`) VALUES (65,11,NULL,NULL,'2018-4-14');
INSERT INTO `Incidente`(`idIncidente`,`idDireccion`,`Numero`,`Descripcion`,`Fecha`) VALUES (66,25,NULL,NULL,'2018-4-13');
INSERT INTO `Incidente`(`idIncidente`,`idDireccion`,`Numero`,`Descripcion`,`Fecha`) VALUES (67,31,NULL,NULL,'2018-12-28');
INSERT INTO `Incidente`(`idIncidente`,`idDireccion`,`Numero`,`Descripcion`,`Fecha`) VALUES (68,31,NULL,NULL,'2018-5-27');
INSERT INTO `Incidente`(`idIncidente`,`idDireccion`,`Numero`,`Descripcion`,`Fecha`) VALUES (69,44,NULL,NULL,'2018-5-16');
INSERT INTO `Incidente`(`idIncidente`,`idDireccion`,`Numero`,`Descripcion`,`Fecha`) VALUES (70,39,NULL,NULL,'2018-4-24');
INSERT INTO `Incidente`(`idIncidente`,`idDireccion`,`Numero`,`Descripcion`,`Fecha`) VALUES (71,89,NULL,NULL,'2018-8-22');
INSERT INTO `Incidente`(`idIncidente`,`idDireccion`,`Numero`,`Descripcion`,`Fecha`) VALUES (72,66,NULL,NULL,'2018-11-9');
INSERT INTO `Incidente`(`idIncidente`,`idDireccion`,`Numero`,`Descripcion`,`Fecha`) VALUES (73,29,NULL,NULL,'2018-3-30');
INSERT INTO `Incidente`(`idIncidente`,`idDireccion`,`Numero`,`Descripcion`,`Fecha`) VALUES (74,7,NULL,NULL,'2018-9-18');
INSERT INTO `Incidente`(`idIncidente`,`idDireccion`,`Numero`,`Descripcion`,`Fecha`) VALUES (75,59,NULL,NULL,'2018-12-4');
INSERT INTO `Incidente`(`idIncidente`,`idDireccion`,`Numero`,`Descripcion`,`Fecha`) VALUES (76,34,NULL,NULL,'2018-2-29');
INSERT INTO `Incidente`(`idIncidente`,`idDireccion`,`Numero`,`Descripcion`,`Fecha`) VALUES (77,88,NULL,NULL,'2018-10-6');
INSERT INTO `Incidente`(`idIncidente`,`idDireccion`,`Numero`,`Descripcion`,`Fecha`) VALUES (78,54,NULL,NULL,'2018-11-16');
INSERT INTO `Incidente`(`idIncidente`,`idDireccion`,`Numero`,`Descripcion`,`Fecha`) VALUES (79,21,NULL,NULL,'2018-6-11');
INSERT INTO `Incidente`(`idIncidente`,`idDireccion`,`Numero`,`Descripcion`,`Fecha`) VALUES (80,3,NULL,NULL,'2018-5-11');
INSERT INTO `Incidente`(`idIncidente`,`idDireccion`,`Numero`,`Descripcion`,`Fecha`) VALUES (81,45,NULL,NULL,'2018-2-9');
INSERT INTO `Incidente`(`idIncidente`,`idDireccion`,`Numero`,`Descripcion`,`Fecha`) VALUES (82,79,NULL,NULL,'2018-1-18');
INSERT INTO `Incidente`(`idIncidente`,`idDireccion`,`Numero`,`Descripcion`,`Fecha`) VALUES (83,0,NULL,NULL,'2018-5-23');
INSERT INTO `Incidente`(`idIncidente`,`idDireccion`,`Numero`,`Descripcion`,`Fecha`) VALUES (84,14,NULL,NULL,'2018-9-11');
INSERT INTO `Incidente`(`idIncidente`,`idDireccion`,`Numero`,`Descripcion`,`Fecha`) VALUES (85,5,NULL,NULL,'2018-4-8');
INSERT INTO `Incidente`(`idIncidente`,`idDireccion`,`Numero`,`Descripcion`,`Fecha`) VALUES (86,49,NULL,NULL,'2018-9-26');
INSERT INTO `Incidente`(`idIncidente`,`idDireccion`,`Numero`,`Descripcion`,`Fecha`) VALUES (87,36,NULL,NULL,'2018-3-17');
INSERT INTO `Incidente`(`idIncidente`,`idDireccion`,`Numero`,`Descripcion`,`Fecha`) VALUES (88,47,NULL,NULL,'2018-4-29');
INSERT INTO `Incidente`(`idIncidente`,`idDireccion`,`Numero`,`Descripcion`,`Fecha`) VALUES (89,78,NULL,NULL,'2018-12-18');
INSERT INTO `Incidente`(`idIncidente`,`idDireccion`,`Numero`,`Descripcion`,`Fecha`) VALUES (90,35,NULL,NULL,'2018-7-18');
INSERT INTO `Incidente`(`idIncidente`,`idDireccion`,`Numero`,`Descripcion`,`Fecha`) VALUES (91,2,NULL,NULL,'2018-10-16');
INSERT INTO `Incidente`(`idIncidente`,`idDireccion`,`Numero`,`Descripcion`,`Fecha`) VALUES (92,26,NULL,NULL,'2018-7-29');
INSERT INTO `Incidente`(`idIncidente`,`idDireccion`,`Numero`,`Descripcion`,`Fecha`) VALUES (93,73,NULL,NULL,'2018-2-22');
INSERT INTO `Incidente`(`idIncidente`,`idDireccion`,`Numero`,`Descripcion`,`Fecha`) VALUES (94,76,NULL,NULL,'2018-10-10');
INSERT INTO `Incidente`(`idIncidente`,`idDireccion`,`Numero`,`Descripcion`,`Fecha`) VALUES (95,25,NULL,NULL,'2018-2-1');
INSERT INTO `Incidente`(`idIncidente`,`idDireccion`,`Numero`,`Descripcion`,`Fecha`) VALUES (96,13,NULL,NULL,'2018-10-12');
INSERT INTO `Incidente`(`idIncidente`,`idDireccion`,`Numero`,`Descripcion`,`Fecha`) VALUES (97,56,NULL,NULL,'2018-8-18');
INSERT INTO `Incidente`(`idIncidente`,`idDireccion`,`Numero`,`Descripcion`,`Fecha`) VALUES (98,15,NULL,NULL,'2018-10-29');
INSERT INTO `Incidente`(`idIncidente`,`idDireccion`,`Numero`,`Descripcion`,`Fecha`) VALUES (99,62,NULL,NULL,'2018-7-3');
INSERT INTO `Incidente`(`idIncidente`,`idDireccion`,`Numero`,`Descripcion`,`Fecha`) VALUES (100,46,NULL,NULL,'2018-4-14');
INSERT INTO `Incidente`(`idIncidente`,`idDireccion`,`Numero`,`Descripcion`,`Fecha`) VALUES (101,4,NULL,NULL,'2018-11-9');
INSERT INTO `Incidente`(`idIncidente`,`idDireccion`,`Numero`,`Descripcion`,`Fecha`) VALUES (102,68,NULL,NULL,'2018-8-3');
INSERT INTO `Incidente`(`idIncidente`,`idDireccion`,`Numero`,`Descripcion`,`Fecha`) VALUES (103,10,NULL,NULL,'2018-6-8');
INSERT INTO `Incidente`(`idIncidente`,`idDireccion`,`Numero`,`Descripcion`,`Fecha`) VALUES (104,64,NULL,NULL,'2018-11-2');
INSERT INTO `Incidente`(`idIncidente`,`idDireccion`,`Numero`,`Descripcion`,`Fecha`) VALUES (105,88,NULL,NULL,'2018-8-26');
INSERT INTO `Incidente`(`idIncidente`,`idDireccion`,`Numero`,`Descripcion`,`Fecha`) VALUES (106,76,NULL,NULL,'2018-1-10');
INSERT INTO `Incidente`(`idIncidente`,`idDireccion`,`Numero`,`Descripcion`,`Fecha`) VALUES (107,59,NULL,NULL,'2018-6-16');
INSERT INTO `Incidente`(`idIncidente`,`idDireccion`,`Numero`,`Descripcion`,`Fecha`) VALUES (108,44,NULL,NULL,'2018-11-23');
INSERT INTO `Incidente`(`idIncidente`,`idDireccion`,`Numero`,`Descripcion`,`Fecha`) VALUES (109,22,NULL,NULL,'2018-3-2');
INSERT INTO `Incidente`(`idIncidente`,`idDireccion`,`Numero`,`Descripcion`,`Fecha`) VALUES (110,28,NULL,NULL,'2018-9-13');
INSERT INTO `Incidente`(`idIncidente`,`idDireccion`,`Numero`,`Descripcion`,`Fecha`) VALUES (111,57,NULL,NULL,'2018-4-20');
INSERT INTO `Incidente`(`idIncidente`,`idDireccion`,`Numero`,`Descripcion`,`Fecha`) VALUES (112,23,NULL,NULL,'2018-9-18');
INSERT INTO `Incidente`(`idIncidente`,`idDireccion`,`Numero`,`Descripcion`,`Fecha`) VALUES (113,52,NULL,NULL,'2018-5-27');
INSERT INTO `Incidente`(`idIncidente`,`idDireccion`,`Numero`,`Descripcion`,`Fecha`) VALUES (114,6,NULL,NULL,'2018-7-11');
INSERT INTO `Incidente`(`idIncidente`,`idDireccion`,`Numero`,`Descripcion`,`Fecha`) VALUES (115,52,NULL,NULL,'2018-10-24');
INSERT INTO `Incidente`(`idIncidente`,`idDireccion`,`Numero`,`Descripcion`,`Fecha`) VALUES (116,17,NULL,NULL,'2018-12-14');
INSERT INTO `Incidente`(`idIncidente`,`idDireccion`,`Numero`,`Descripcion`,`Fecha`) VALUES (117,22,NULL,NULL,'2018-11-9');
INSERT INTO `Incidente`(`idIncidente`,`idDireccion`,`Numero`,`Descripcion`,`Fecha`) VALUES (118,51,NULL,NULL,'2018-2-25');
INSERT INTO `Incidente`(`idIncidente`,`idDireccion`,`Numero`,`Descripcion`,`Fecha`) VALUES (119,85,NULL,NULL,'2018-7-10');
INSERT INTO `Incidente`(`idIncidente`,`idDireccion`,`Numero`,`Descripcion`,`Fecha`) VALUES (120,32,NULL,NULL,'2018-6-2');
INSERT INTO `Incidente`(`idIncidente`,`idDireccion`,`Numero`,`Descripcion`,`Fecha`) VALUES (121,69,NULL,NULL,'2018-3-6');
INSERT INTO `Incidente`(`idIncidente`,`idDireccion`,`Numero`,`Descripcion`,`Fecha`) VALUES (122,10,NULL,NULL,'2018-8-18');
INSERT INTO `Incidente`(`idIncidente`,`idDireccion`,`Numero`,`Descripcion`,`Fecha`) VALUES (123,54,NULL,NULL,'2018-3-13');
INSERT INTO `Incidente`(`idIncidente`,`idDireccion`,`Numero`,`Descripcion`,`Fecha`) VALUES (124,1,NULL,NULL,'2018-10-24');
INSERT INTO `Incidente`(`idIncidente`,`idDireccion`,`Numero`,`Descripcion`,`Fecha`) VALUES (125,77,NULL,NULL,'2018-2-21');
INSERT INTO `Incidente`(`idIncidente`,`idDireccion`,`Numero`,`Descripcion`,`Fecha`) VALUES (126,89,NULL,NULL,'2018-12-15');
INSERT INTO `Incidente`(`idIncidente`,`idDireccion`,`Numero`,`Descripcion`,`Fecha`) VALUES (127,64,NULL,NULL,'2018-7-11');
INSERT INTO `Incidente`(`idIncidente`,`idDireccion`,`Numero`,`Descripcion`,`Fecha`) VALUES (128,24,NULL,NULL,'2018-10-30');
INSERT INTO `Incidente`(`idIncidente`,`idDireccion`,`Numero`,`Descripcion`,`Fecha`) VALUES (129,58,NULL,NULL,'2018-5-10');
INSERT INTO `Incidente`(`idIncidente`,`idDireccion`,`Numero`,`Descripcion`,`Fecha`) VALUES (130,6,NULL,NULL,'2018-3-25');
INSERT INTO `Incidente`(`idIncidente`,`idDireccion`,`Numero`,`Descripcion`,`Fecha`) VALUES (131,27,NULL,NULL,'2018-4-28');
INSERT INTO `Incidente`(`idIncidente`,`idDireccion`,`Numero`,`Descripcion`,`Fecha`) VALUES (132,70,NULL,NULL,'2018-6-29');
INSERT INTO `Incidente`(`idIncidente`,`idDireccion`,`Numero`,`Descripcion`,`Fecha`) VALUES (133,80,NULL,NULL,'2018-2-8');
INSERT INTO `Incidente`(`idIncidente`,`idDireccion`,`Numero`,`Descripcion`,`Fecha`) VALUES (134,81,NULL,NULL,'2018-12-18');
INSERT INTO `Incidente`(`idIncidente`,`idDireccion`,`Numero`,`Descripcion`,`Fecha`) VALUES (135,72,NULL,NULL,'2018-6-14');
INSERT INTO `Incidente`(`idIncidente`,`idDireccion`,`Numero`,`Descripcion`,`Fecha`) VALUES (136,47,NULL,NULL,'2018-11-22');
INSERT INTO `Incidente`(`idIncidente`,`idDireccion`,`Numero`,`Descripcion`,`Fecha`) VALUES (137,74,NULL,NULL,'2018-5-1');
INSERT INTO `Incidente`(`idIncidente`,`idDireccion`,`Numero`,`Descripcion`,`Fecha`) VALUES (138,4,NULL,NULL,'2018-1-29');
INSERT INTO `Incidente`(`idIncidente`,`idDireccion`,`Numero`,`Descripcion`,`Fecha`) VALUES (139,21,NULL,NULL,'2018-8-16');
INSERT INTO `Incidente`(`idIncidente`,`idDireccion`,`Numero`,`Descripcion`,`Fecha`) VALUES (140,59,NULL,NULL,'2018-2-17');
INSERT INTO `Incidente`(`idIncidente`,`idDireccion`,`Numero`,`Descripcion`,`Fecha`) VALUES (141,20,NULL,NULL,'2018-11-20');
INSERT INTO `Incidente`(`idIncidente`,`idDireccion`,`Numero`,`Descripcion`,`Fecha`) VALUES (142,17,NULL,NULL,'2018-1-23');
INSERT INTO `Incidente`(`idIncidente`,`idDireccion`,`Numero`,`Descripcion`,`Fecha`) VALUES (143,80,NULL,NULL,'2018-4-20');
INSERT INTO `Incidente`(`idIncidente`,`idDireccion`,`Numero`,`Descripcion`,`Fecha`) VALUES (144,60,NULL,NULL,'2018-7-16');
INSERT INTO `Incidente`(`idIncidente`,`idDireccion`,`Numero`,`Descripcion`,`Fecha`) VALUES (145,70,NULL,NULL,'2018-8-14');
INSERT INTO `Incidente`(`idIncidente`,`idDireccion`,`Numero`,`Descripcion`,`Fecha`) VALUES (146,26,NULL,NULL,'2018-10-25');
INSERT INTO `Incidente`(`idIncidente`,`idDireccion`,`Numero`,`Descripcion`,`Fecha`) VALUES (147,65,NULL,NULL,'2018-2-1');
INSERT INTO `Incidente`(`idIncidente`,`idDireccion`,`Numero`,`Descripcion`,`Fecha`) VALUES (148,82,NULL,NULL,'2018-8-29');


INSERT INTO `Interviene`(`num`,`idIncidente`) VALUES(39,135);
INSERT INTO `Interviene`(`num`,`idIncidente`) VALUES(43,68);
INSERT INTO `Interviene`(`num`,`idIncidente`) VALUES(8,106);
INSERT INTO `Interviene`(`num`,`idIncidente`) VALUES(60,1);
INSERT INTO `Interviene`(`num`,`idIncidente`) VALUES(48,113);
INSERT INTO `Interviene`(`num`,`idIncidente`) VALUES(21,103);
INSERT INTO `Interviene`(`num`,`idIncidente`) VALUES(55,13);
INSERT INTO `Interviene`(`num`,`idIncidente`) VALUES(0,27);
INSERT INTO `Interviene`(`num`,`idIncidente`) VALUES(42,17);
INSERT INTO `Interviene`(`num`,`idIncidente`) VALUES(29,74);
INSERT INTO `Interviene`(`num`,`idIncidente`) VALUES(30,114);
INSERT INTO `Interviene`(`num`,`idIncidente`) VALUES(23,74);
INSERT INTO `Interviene`(`num`,`idIncidente`) VALUES(7,80);
INSERT INTO `Interviene`(`num`,`idIncidente`) VALUES(66,113);
INSERT INTO `Interviene`(`num`,`idIncidente`) VALUES(35,99);
INSERT INTO `Interviene`(`num`,`idIncidente`) VALUES(28,101);
INSERT INTO `Interviene`(`num`,`idIncidente`) VALUES(24,116);
INSERT INTO `Interviene`(`num`,`idIncidente`) VALUES(8,114);
INSERT INTO `Interviene`(`num`,`idIncidente`) VALUES(39,20);
INSERT INTO `Interviene`(`num`,`idIncidente`) VALUES(42,76);
INSERT INTO `Interviene`(`num`,`idIncidente`) VALUES(22,38);
INSERT INTO `Interviene`(`num`,`idIncidente`) VALUES(58,116);
INSERT INTO `Interviene`(`num`,`idIncidente`) VALUES(41,82);
INSERT INTO `Interviene`(`num`,`idIncidente`) VALUES(66,104);
INSERT INTO `Interviene`(`num`,`idIncidente`) VALUES(29,88);
INSERT INTO `Interviene`(`num`,`idIncidente`) VALUES(43,98);
INSERT INTO `Interviene`(`num`,`idIncidente`) VALUES(44,146);
INSERT INTO `Interviene`(`num`,`idIncidente`) VALUES(6,110);
INSERT INTO `Interviene`(`num`,`idIncidente`) VALUES(39,87);
INSERT INTO `Interviene`(`num`,`idIncidente`) VALUES(4,52);
INSERT INTO `Interviene`(`num`,`idIncidente`) VALUES(60,85);
INSERT INTO `Interviene`(`num`,`idIncidente`) VALUES(31,23);
INSERT INTO `Interviene`(`num`,`idIncidente`) VALUES(27,88);
INSERT INTO `Interviene`(`num`,`idIncidente`) VALUES(53,94);
INSERT INTO `Interviene`(`num`,`idIncidente`) VALUES(31,126);
INSERT INTO `Interviene`(`num`,`idIncidente`) VALUES(15,133);
INSERT INTO `Interviene`(`num`,`idIncidente`) VALUES(2,11);
INSERT INTO `Interviene`(`num`,`idIncidente`) VALUES(6,28);
INSERT INTO `Interviene`(`num`,`idIncidente`) VALUES(0,102);
INSERT INTO `Interviene`(`num`,`idIncidente`) VALUES(31,108);
INSERT INTO `Interviene`(`num`,`idIncidente`) VALUES(40,28);
INSERT INTO `Interviene`(`num`,`idIncidente`) VALUES(62,106);
INSERT INTO `Interviene`(`num`,`idIncidente`) VALUES(46,50);
INSERT INTO `Interviene`(`num`,`idIncidente`) VALUES(7,19);
INSERT INTO `Interviene`(`num`,`idIncidente`) VALUES(18,94);
INSERT INTO `Interviene`(`num`,`idIncidente`) VALUES(56,132);
INSERT INTO `Interviene`(`num`,`idIncidente`) VALUES(57,60);
INSERT INTO `Interviene`(`num`,`idIncidente`) VALUES(67,5);
INSERT INTO `Interviene`(`num`,`idIncidente`) VALUES(50,95);
INSERT INTO `Interviene`(`num`,`idIncidente`) VALUES(25,35);
INSERT INTO `Interviene`(`num`,`idIncidente`) VALUES(4,84);
INSERT INTO `Interviene`(`num`,`idIncidente`) VALUES(61,55);
INSERT INTO `Interviene`(`num`,`idIncidente`) VALUES(25,14);
INSERT INTO `Interviene`(`num`,`idIncidente`) VALUES(55,114);
INSERT INTO `Interviene`(`num`,`idIncidente`) VALUES(69,34);
INSERT INTO `Interviene`(`num`,`idIncidente`) VALUES(21,20);
INSERT INTO `Interviene`(`num`,`idIncidente`) VALUES(37,34);
INSERT INTO `Interviene`(`num`,`idIncidente`) VALUES(43,125);
INSERT INTO `Interviene`(`num`,`idIncidente`) VALUES(27,111);
INSERT INTO `Interviene`(`num`,`idIncidente`) VALUES(34,72);
INSERT INTO `Interviene`(`num`,`idIncidente`) VALUES(53,42);
INSERT INTO `Interviene`(`num`,`idIncidente`) VALUES(7,85);
INSERT INTO `Interviene`(`num`,`idIncidente`) VALUES(55,75);
INSERT INTO `Interviene`(`num`,`idIncidente`) VALUES(18,134);
INSERT INTO `Interviene`(`num`,`idIncidente`) VALUES(46,72);
INSERT INTO `Interviene`(`num`,`idIncidente`) VALUES(14,67);
INSERT INTO `Interviene`(`num`,`idIncidente`) VALUES(19,3);
INSERT INTO `Interviene`(`num`,`idIncidente`) VALUES(43,138);
INSERT INTO `Interviene`(`num`,`idIncidente`) VALUES(5,127);
INSERT INTO `Interviene`(`num`,`idIncidente`) VALUES(28,11);
INSERT INTO `Interviene`(`num`,`idIncidente`) VALUES(35,35);
INSERT INTO `Interviene`(`num`,`idIncidente`) VALUES(34,57);
INSERT INTO `Interviene`(`num`,`idIncidente`) VALUES(22,15);
INSERT INTO `Interviene`(`num`,`idIncidente`) VALUES(7,112);
INSERT INTO `Interviene`(`num`,`idIncidente`) VALUES(44,5);
INSERT INTO `Interviene`(`num`,`idIncidente`) VALUES(42,15);
INSERT INTO `Interviene`(`num`,`idIncidente`) VALUES(6,97);
INSERT INTO `Interviene`(`num`,`idIncidente`) VALUES(44,55);
INSERT INTO `Interviene`(`num`,`idIncidente`) VALUES(35,35);
INSERT INTO `Interviene`(`num`,`idIncidente`) VALUES(46,25);
INSERT INTO `Interviene`(`num`,`idIncidente`) VALUES(44,28);
INSERT INTO `Interviene`(`num`,`idIncidente`) VALUES(3,4);
INSERT INTO `Interviene`(`num`,`idIncidente`) VALUES(0,136);
INSERT INTO `Interviene`(`num`,`idIncidente`) VALUES(44,128);
INSERT INTO `Interviene`(`num`,`idIncidente`) VALUES(67,117);
INSERT INTO `Interviene`(`num`,`idIncidente`) VALUES(40,29);
INSERT INTO `Interviene`(`num`,`idIncidente`) VALUES(56,48);
INSERT INTO `Interviene`(`num`,`idIncidente`) VALUES(43,110);
INSERT INTO `Interviene`(`num`,`idIncidente`) VALUES(69,88);
INSERT INTO `Interviene`(`num`,`idIncidente`) VALUES(36,88);
INSERT INTO `Interviene`(`num`,`idIncidente`) VALUES(41,106);
INSERT INTO `Interviene`(`num`,`idIncidente`) VALUES(54,11);
INSERT INTO `Interviene`(`num`,`idIncidente`) VALUES(2,53);
INSERT INTO `Interviene`(`num`,`idIncidente`) VALUES(14,43);
INSERT INTO `Interviene`(`num`,`idIncidente`) VALUES(25,132);
INSERT INTO `Interviene`(`num`,`idIncidente`) VALUES(66,104);
INSERT INTO `Interviene`(`num`,`idIncidente`) VALUES(44,65);
INSERT INTO `Interviene`(`num`,`idIncidente`) VALUES(63,73);
INSERT INTO `Interviene`(`num`,`idIncidente`) VALUES(60,136);
INSERT INTO `Interviene`(`num`,`idIncidente`) VALUES(49,24);
INSERT INTO `Interviene`(`num`,`idIncidente`) VALUES(34,28);
INSERT INTO `Interviene`(`num`,`idIncidente`) VALUES(8,64);
INSERT INTO `Interviene`(`num`,`idIncidente`) VALUES(23,40);
INSERT INTO `Interviene`(`num`,`idIncidente`) VALUES(31,67);
INSERT INTO `Interviene`(`num`,`idIncidente`) VALUES(61,145);
INSERT INTO `Interviene`(`num`,`idIncidente`) VALUES(12,63);
INSERT INTO `Interviene`(`num`,`idIncidente`) VALUES(10,126);
INSERT INTO `Interviene`(`num`,`idIncidente`) VALUES(43,105);
INSERT INTO `Interviene`(`num`,`idIncidente`) VALUES(40,139);
INSERT INTO `Interviene`(`num`,`idIncidente`) VALUES(14,87);
INSERT INTO `Interviene`(`num`,`idIncidente`) VALUES(4,87);
INSERT INTO `Interviene`(`num`,`idIncidente`) VALUES(66,69);
INSERT INTO `Interviene`(`num`,`idIncidente`) VALUES(4,111);
INSERT INTO `Interviene`(`num`,`idIncidente`) VALUES(68,82);
INSERT INTO `Interviene`(`num`,`idIncidente`) VALUES(26,57);
INSERT INTO `Interviene`(`num`,`idIncidente`) VALUES(19,5);
INSERT INTO `Interviene`(`num`,`idIncidente`) VALUES(62,8);
INSERT INTO `Interviene`(`num`,`idIncidente`) VALUES(10,48);
INSERT INTO `Interviene`(`num`,`idIncidente`) VALUES(68,54);
INSERT INTO `Interviene`(`num`,`idIncidente`) VALUES(50,41);
INSERT INTO `Interviene`(`num`,`idIncidente`) VALUES(49,39);
INSERT INTO `Interviene`(`num`,`idIncidente`) VALUES(68,88);
INSERT INTO `Interviene`(`num`,`idIncidente`) VALUES(42,61);
INSERT INTO `Interviene`(`num`,`idIncidente`) VALUES(10,135);
INSERT INTO `Interviene`(`num`,`idIncidente`) VALUES(1,58);
INSERT INTO `Interviene`(`num`,`idIncidente`) VALUES(16,73);
INSERT INTO `Interviene`(`num`,`idIncidente`) VALUES(67,23);
INSERT INTO `Interviene`(`num`,`idIncidente`) VALUES(56,69);
INSERT INTO `Interviene`(`num`,`idIncidente`) VALUES(17,9);
INSERT INTO `Interviene`(`num`,`idIncidente`) VALUES(7,120);
INSERT INTO `Interviene`(`num`,`idIncidente`) VALUES(9,135);
INSERT INTO `Interviene`(`num`,`idIncidente`) VALUES(1,105);
INSERT INTO `Interviene`(`num`,`idIncidente`) VALUES(15,20);
INSERT INTO `Interviene`(`num`,`idIncidente`) VALUES(54,112);
INSERT INTO `Interviene`(`num`,`idIncidente`) VALUES(42,36);
INSERT INTO `Interviene`(`num`,`idIncidente`) VALUES(25,112);
INSERT INTO `Interviene`(`num`,`idIncidente`) VALUES(55,22);
INSERT INTO `Interviene`(`num`,`idIncidente`) VALUES(24,37);
INSERT INTO `Interviene`(`num`,`idIncidente`) VALUES(25,4);
INSERT INTO `Interviene`(`num`,`idIncidente`) VALUES(69,73);
INSERT INTO `Interviene`(`num`,`idIncidente`) VALUES(17,1);
INSERT INTO `Interviene`(`num`,`idIncidente`) VALUES(12,75);
INSERT INTO `Interviene`(`num`,`idIncidente`) VALUES(54,42);
INSERT INTO `Interviene`(`num`,`idIncidente`) VALUES(12,33);
INSERT INTO `Interviene`(`num`,`idIncidente`) VALUES(22,106);
INSERT INTO `Interviene`(`num`,`idIncidente`) VALUES(10,19);
INSERT INTO `Interviene`(`num`,`idIncidente`) VALUES(16,141);
INSERT INTO `Interviene`(`num`,`idIncidente`) VALUES(1,20);
INSERT INTO `Interviene`(`num`,`idIncidente`) VALUES(48,38);
INSERT INTO `Interviene`(`num`,`idIncidente`) VALUES(27,79);
INSERT INTO `Interviene`(`num`,`idIncidente`) VALUES(31,100);
INSERT INTO `Interviene`(`num`,`idIncidente`) VALUES(0,99);
INSERT INTO `Interviene`(`num`,`idIncidente`) VALUES(69,55);
INSERT INTO `Interviene`(`num`,`idIncidente`) VALUES(21,122);
INSERT INTO `Interviene`(`num`,`idIncidente`) VALUES(45,68);
INSERT INTO `Interviene`(`num`,`idIncidente`) VALUES(7,115);
INSERT INTO `Interviene`(`num`,`idIncidente`) VALUES(3,80);
INSERT INTO `Interviene`(`num`,`idIncidente`) VALUES(49,134);
INSERT INTO `Interviene`(`num`,`idIncidente`) VALUES(44,51);
INSERT INTO `Interviene`(`num`,`idIncidente`) VALUES(65,30);
INSERT INTO `Interviene`(`num`,`idIncidente`) VALUES(34,34);
INSERT INTO `Interviene`(`num`,`idIncidente`) VALUES(0,101);
INSERT INTO `Interviene`(`num`,`idIncidente`) VALUES(52,30);
INSERT INTO `Interviene`(`num`,`idIncidente`) VALUES(49,94);
INSERT INTO `Interviene`(`num`,`idIncidente`) VALUES(4,86);
INSERT INTO `Interviene`(`num`,`idIncidente`) VALUES(16,48);
INSERT INTO `Interviene`(`num`,`idIncidente`) VALUES(42,78);
INSERT INTO `Interviene`(`num`,`idIncidente`) VALUES(54,11);
INSERT INTO `Interviene`(`num`,`idIncidente`) VALUES(56,29);
INSERT INTO `Interviene`(`num`,`idIncidente`) VALUES(44,85);
INSERT INTO `Interviene`(`num`,`idIncidente`) VALUES(18,63);
INSERT INTO `Interviene`(`num`,`idIncidente`) VALUES(56,77);
INSERT INTO `Interviene`(`num`,`idIncidente`) VALUES(15,94);
INSERT INTO `Interviene`(`num`,`idIncidente`) VALUES(1,35);
INSERT INTO `Interviene`(`num`,`idIncidente`) VALUES(55,94);
INSERT INTO `Interviene`(`num`,`idIncidente`) VALUES(31,56);
INSERT INTO `Interviene`(`num`,`idIncidente`) VALUES(69,16);
INSERT INTO `Interviene`(`num`,`idIncidente`) VALUES(12,60);
INSERT INTO `Interviene`(`num`,`idIncidente`) VALUES(33,30);
INSERT INTO `Interviene`(`num`,`idIncidente`) VALUES(36,1);
INSERT INTO `Interviene`(`num`,`idIncidente`) VALUES(6,134);
INSERT INTO `Interviene`(`num`,`idIncidente`) VALUES(0,55);
INSERT INTO `Interviene`(`num`,`idIncidente`) VALUES(50,114);
INSERT INTO `Interviene`(`num`,`idIncidente`) VALUES(11,29);
INSERT INTO `Interviene`(`num`,`idIncidente`) VALUES(8,126);
INSERT INTO `Interviene`(`num`,`idIncidente`) VALUES(30,121);
INSERT INTO `Interviene`(`num`,`idIncidente`) VALUES(3,14);
INSERT INTO `Interviene`(`num`,`idIncidente`) VALUES(69,58);
INSERT INTO `Interviene`(`num`,`idIncidente`) VALUES(7,80);
INSERT INTO `Interviene`(`num`,`idIncidente`) VALUES(46,146);
INSERT INTO `Interviene`(`num`,`idIncidente`) VALUES(18,96);
INSERT INTO `Interviene`(`num`,`idIncidente`) VALUES(35,85);
INSERT INTO `Interviene`(`num`,`idIncidente`) VALUES(27,117);
INSERT INTO `Interviene`(`num`,`idIncidente`) VALUES(56,43);
INSERT INTO `Interviene`(`num`,`idIncidente`) VALUES(21,13);
INSERT INTO `Interviene`(`num`,`idIncidente`) VALUES(11,110);
INSERT INTO `Interviene`(`num`,`idIncidente`) VALUES(64,70);
INSERT INTO `Interviene`(`num`,`idIncidente`) VALUES(59,68);
INSERT INTO `Interviene`(`num`,`idIncidente`) VALUES(53,13);
INSERT INTO `Interviene`(`num`,`idIncidente`) VALUES(50,13);
INSERT INTO `Interviene`(`num`,`idIncidente`) VALUES(61,118);
INSERT INTO `Interviene`(`num`,`idIncidente`) VALUES(21,20);
INSERT INTO `Interviene`(`num`,`idIncidente`) VALUES(58,113);
INSERT INTO `Interviene`(`num`,`idIncidente`) VALUES(43,118);
INSERT INTO `Interviene`(`num`,`idIncidente`) VALUES(26,71);
INSERT INTO `Interviene`(`num`,`idIncidente`) VALUES(9,75);
INSERT INTO `Interviene`(`num`,`idIncidente`) VALUES(26,73);
INSERT INTO `Interviene`(`num`,`idIncidente`) VALUES(6,72);
INSERT INTO `Interviene`(`num`,`idIncidente`) VALUES(59,32);
INSERT INTO `Interviene`(`num`,`idIncidente`) VALUES(49,10);
INSERT INTO `Interviene`(`num`,`idIncidente`) VALUES(22,145);
INSERT INTO `Interviene`(`num`,`idIncidente`) VALUES(2,121);
INSERT INTO `Interviene`(`num`,`idIncidente`) VALUES(58,13);
INSERT INTO `Interviene`(`num`,`idIncidente`) VALUES(11,103);
INSERT INTO `Interviene`(`num`,`idIncidente`) VALUES(12,14);
INSERT INTO `Interviene`(`num`,`idIncidente`) VALUES(13,116);
INSERT INTO `Interviene`(`num`,`idIncidente`) VALUES(28,78);
INSERT INTO `Interviene`(`num`,`idIncidente`) VALUES(29,32);
INSERT INTO `Interviene`(`num`,`idIncidente`) VALUES(8,1);
INSERT INTO `Interviene`(`num`,`idIncidente`) VALUES(53,79);
INSERT INTO `Interviene`(`num`,`idIncidente`) VALUES(15,102);
INSERT INTO `Interviene`(`num`,`idIncidente`) VALUES(37,74);
INSERT INTO `Interviene`(`num`,`idIncidente`) VALUES(34,22);
INSERT INTO `Interviene`(`num`,`idIncidente`) VALUES(39,148);
INSERT INTO `Interviene`(`num`,`idIncidente`) VALUES(54,1);
INSERT INTO `Interviene`(`num`,`idIncidente`) VALUES(21,6);
INSERT INTO `Interviene`(`num`,`idIncidente`) VALUES(25,142);
INSERT INTO `Interviene`(`num`,`idIncidente`) VALUES(29,0);
INSERT INTO `Interviene`(`num`,`idIncidente`) VALUES(19,96);
INSERT INTO `Interviene`(`num`,`idIncidente`) VALUES(32,23);
INSERT INTO `Interviene`(`num`,`idIncidente`) VALUES(0,90);
INSERT INTO `Interviene`(`num`,`idIncidente`) VALUES(49,130);
INSERT INTO `Interviene`(`num`,`idIncidente`) VALUES(66,11);
INSERT INTO `Interviene`(`num`,`idIncidente`) VALUES(40,30);
INSERT INTO `Interviene`(`num`,`idIncidente`) VALUES(1,55);
INSERT INTO `Interviene`(`num`,`idIncidente`) VALUES(5,116);
INSERT INTO `Interviene`(`num`,`idIncidente`) VALUES(33,55);
INSERT INTO `Interviene`(`num`,`idIncidente`) VALUES(7,65);
INSERT INTO `Interviene`(`num`,`idIncidente`) VALUES(50,148);
INSERT INTO `Interviene`(`num`,`idIncidente`) VALUES(19,10);
INSERT INTO `Interviene`(`num`,`idIncidente`) VALUES(30,36);
INSERT INTO `Interviene`(`num`,`idIncidente`) VALUES(34,5);
INSERT INTO `Interviene`(`num`,`idIncidente`) VALUES(58,135);
INSERT INTO `Interviene`(`num`,`idIncidente`) VALUES(55,89);
INSERT INTO `Interviene`(`num`,`idIncidente`) VALUES(47,132);
INSERT INTO `Interviene`(`num`,`idIncidente`) VALUES(56,114);
INSERT INTO `Interviene`(`num`,`idIncidente`) VALUES(30,53);
INSERT INTO `Interviene`(`num`,`idIncidente`) VALUES(1,102);
INSERT INTO `Interviene`(`num`,`idIncidente`) VALUES(45,87);
INSERT INTO `Interviene`(`num`,`idIncidente`) VALUES(69,90);


INSERT INTO `Archienemigo`(`idSuperheroe`,`idPersona`) VALUES(4,68);
INSERT INTO `Archienemigo`(`idSuperheroe`,`idPersona`) VALUES(26,67);
INSERT INTO `Archienemigo`(`idSuperheroe`,`idPersona`) VALUES(9,6);
INSERT INTO `Archienemigo`(`idSuperheroe`,`idPersona`) VALUES(13,57);
INSERT INTO `Archienemigo`(`idSuperheroe`,`idPersona`) VALUES(0,84);
INSERT INTO `Archienemigo`(`idSuperheroe`,`idPersona`) VALUES(28,41);
INSERT INTO `Archienemigo`(`idSuperheroe`,`idPersona`) VALUES(22,72);
INSERT INTO `Archienemigo`(`idSuperheroe`,`idPersona`) VALUES(10,7);
INSERT INTO `Archienemigo`(`idSuperheroe`,`idPersona`) VALUES(28,78);
INSERT INTO `Archienemigo`(`idSuperheroe`,`idPersona`) VALUES(7,33);
INSERT INTO `Archienemigo`(`idSuperheroe`,`idPersona`) VALUES(17,36);
INSERT INTO `Archienemigo`(`idSuperheroe`,`idPersona`) VALUES(23,88);
INSERT INTO `Archienemigo`(`idSuperheroe`,`idPersona`) VALUES(11,73);
INSERT INTO `Archienemigo`(`idSuperheroe`,`idPersona`) VALUES(28,98);
INSERT INTO `Archienemigo`(`idSuperheroe`,`idPersona`) VALUES(13,34);
INSERT INTO `Archienemigo`(`idSuperheroe`,`idPersona`) VALUES(20,90);
INSERT INTO `Archienemigo`(`idSuperheroe`,`idPersona`) VALUES(25,41);
INSERT INTO `Archienemigo`(`idSuperheroe`,`idPersona`) VALUES(2,85);
INSERT INTO `Archienemigo`(`idSuperheroe`,`idPersona`) VALUES(5,54);
INSERT INTO `Archienemigo`(`idSuperheroe`,`idPersona`) VALUES(20,59);
INSERT INTO `Archienemigo`(`idSuperheroe`,`idPersona`) VALUES(29,94);
INSERT INTO `Archienemigo`(`idSuperheroe`,`idPersona`) VALUES(26,84);
INSERT INTO `Archienemigo`(`idSuperheroe`,`idPersona`) VALUES(22,14);
INSERT INTO `Archienemigo`(`idSuperheroe`,`idPersona`) VALUES(23,6);
INSERT INTO `Archienemigo`(`idSuperheroe`,`idPersona`) VALUES(5,21);
INSERT INTO `Archienemigo`(`idSuperheroe`,`idPersona`) VALUES(0,5);
INSERT INTO `Archienemigo`(`idSuperheroe`,`idPersona`) VALUES(24,96);
INSERT INTO `Archienemigo`(`idSuperheroe`,`idPersona`) VALUES(19,87);
INSERT INTO `Archienemigo`(`idSuperheroe`,`idPersona`) VALUES(1,99);
INSERT INTO `Archienemigo`(`idSuperheroe`,`idPersona`) VALUES(22,12);
INSERT INTO `Archienemigo`(`idSuperheroe`,`idPersona`) VALUES(16,67);
INSERT INTO `Archienemigo`(`idSuperheroe`,`idPersona`) VALUES(19,36);
INSERT INTO `Archienemigo`(`idSuperheroe`,`idPersona`) VALUES(0,48);
INSERT INTO `Archienemigo`(`idSuperheroe`,`idPersona`) VALUES(7,96);
INSERT INTO `Archienemigo`(`idSuperheroe`,`idPersona`) VALUES(2,87);
INSERT INTO `Archienemigo`(`idSuperheroe`,`idPersona`) VALUES(26,69);
INSERT INTO `Archienemigo`(`idSuperheroe`,`idPersona`) VALUES(25,83);
INSERT INTO `Archienemigo`(`idSuperheroe`,`idPersona`) VALUES(3,36);
INSERT INTO `Archienemigo`(`idSuperheroe`,`idPersona`) VALUES(14,38);
INSERT INTO `Archienemigo`(`idSuperheroe`,`idPersona`) VALUES(10,13);
INSERT INTO `Archienemigo`(`idSuperheroe`,`idPersona`) VALUES(5,77);
INSERT INTO `Archienemigo`(`idSuperheroe`,`idPersona`) VALUES(24,52);
INSERT INTO `Archienemigo`(`idSuperheroe`,`idPersona`) VALUES(12,83);
INSERT INTO `Archienemigo`(`idSuperheroe`,`idPersona`) VALUES(25,31);
INSERT INTO `Archienemigo`(`idSuperheroe`,`idPersona`) VALUES(1,8);
INSERT INTO `Archienemigo`(`idSuperheroe`,`idPersona`) VALUES(16,10);
INSERT INTO `Archienemigo`(`idSuperheroe`,`idPersona`) VALUES(26,45);
INSERT INTO `Archienemigo`(`idSuperheroe`,`idPersona`) VALUES(7,41);
INSERT INTO `Archienemigo`(`idSuperheroe`,`idPersona`) VALUES(10,38);
INSERT INTO `Archienemigo`(`idSuperheroe`,`idPersona`) VALUES(15,18);
INSERT INTO `Archienemigo`(`idSuperheroe`,`idPersona`) VALUES(13,81);
INSERT INTO `Archienemigo`(`idSuperheroe`,`idPersona`) VALUES(26,90);
INSERT INTO `Archienemigo`(`idSuperheroe`,`idPersona`) VALUES(19,89);
INSERT INTO `Archienemigo`(`idSuperheroe`,`idPersona`) VALUES(25,59);
INSERT INTO `Archienemigo`(`idSuperheroe`,`idPersona`) VALUES(17,14);
INSERT INTO `Archienemigo`(`idSuperheroe`,`idPersona`) VALUES(25,12);
INSERT INTO `Archienemigo`(`idSuperheroe`,`idPersona`) VALUES(12,19);
INSERT INTO `Archienemigo`(`idSuperheroe`,`idPersona`) VALUES(13,6);
INSERT INTO `Archienemigo`(`idSuperheroe`,`idPersona`) VALUES(4,55);
INSERT INTO `Archienemigo`(`idSuperheroe`,`idPersona`) VALUES(7,76);
INSERT INTO `Archienemigo`(`idSuperheroe`,`idPersona`) VALUES(12,82);
INSERT INTO `Archienemigo`(`idSuperheroe`,`idPersona`) VALUES(20,9);
INSERT INTO `Archienemigo`(`idSuperheroe`,`idPersona`) VALUES(6,92);
INSERT INTO `Archienemigo`(`idSuperheroe`,`idPersona`) VALUES(28,36);
INSERT INTO `Archienemigo`(`idSuperheroe`,`idPersona`) VALUES(1,73);
INSERT INTO `Archienemigo`(`idSuperheroe`,`idPersona`) VALUES(27,60);
INSERT INTO `Archienemigo`(`idSuperheroe`,`idPersona`) VALUES(19,70);
INSERT INTO `Archienemigo`(`idSuperheroe`,`idPersona`) VALUES(14,17);
INSERT INTO `Archienemigo`(`idSuperheroe`,`idPersona`) VALUES(27,41);
INSERT INTO `Archienemigo`(`idSuperheroe`,`idPersona`) VALUES(6,32);
INSERT INTO `Archienemigo`(`idSuperheroe`,`idPersona`) VALUES(14,66);
INSERT INTO `Archienemigo`(`idSuperheroe`,`idPersona`) VALUES(17,91);
INSERT INTO `Archienemigo`(`idSuperheroe`,`idPersona`) VALUES(27,32);
INSERT INTO `Archienemigo`(`idSuperheroe`,`idPersona`) VALUES(0,28);
INSERT INTO `Archienemigo`(`idSuperheroe`,`idPersona`) VALUES(17,13);
INSERT INTO `Archienemigo`(`idSuperheroe`,`idPersona`) VALUES(21,29);
INSERT INTO `Archienemigo`(`idSuperheroe`,`idPersona`) VALUES(20,75);
INSERT INTO `Archienemigo`(`idSuperheroe`,`idPersona`) VALUES(25,63);
INSERT INTO `Archienemigo`(`idSuperheroe`,`idPersona`) VALUES(12,28);
INSERT INTO `Archienemigo`(`idSuperheroe`,`idPersona`) VALUES(27,21);
INSERT INTO `Archienemigo`(`idSuperheroe`,`idPersona`) VALUES(4,13);
INSERT INTO `Archienemigo`(`idSuperheroe`,`idPersona`) VALUES(19,90);
INSERT INTO `Archienemigo`(`idSuperheroe`,`idPersona`) VALUES(11,27);
INSERT INTO `Archienemigo`(`idSuperheroe`,`idPersona`) VALUES(22,23);
INSERT INTO `Archienemigo`(`idSuperheroe`,`idPersona`) VALUES(14,36);
INSERT INTO `Archienemigo`(`idSuperheroe`,`idPersona`) VALUES(28,10);
INSERT INTO `Archienemigo`(`idSuperheroe`,`idPersona`) VALUES(7,31);
INSERT INTO `Archienemigo`(`idSuperheroe`,`idPersona`) VALUES(1,88);
INSERT INTO `Archienemigo`(`idSuperheroe`,`idPersona`) VALUES(10,44);
INSERT INTO `Archienemigo`(`idSuperheroe`,`idPersona`) VALUES(11,1);
INSERT INTO `Archienemigo`(`idSuperheroe`,`idPersona`) VALUES(8,38);
INSERT INTO `Archienemigo`(`idSuperheroe`,`idPersona`) VALUES(14,36);
INSERT INTO `Archienemigo`(`idSuperheroe`,`idPersona`) VALUES(22,67);
INSERT INTO `Archienemigo`(`idSuperheroe`,`idPersona`) VALUES(16,51);
INSERT INTO `Archienemigo`(`idSuperheroe`,`idPersona`) VALUES(21,55);
INSERT INTO `Archienemigo`(`idSuperheroe`,`idPersona`) VALUES(28,22);
INSERT INTO `Archienemigo`(`idSuperheroe`,`idPersona`) VALUES(28,74);
INSERT INTO `Archienemigo`(`idSuperheroe`,`idPersona`) VALUES(4,54);
INSERT INTO `Archienemigo`(`idSuperheroe`,`idPersona`) VALUES(22,92);
INSERT INTO `Archienemigo`(`idSuperheroe`,`idPersona`) VALUES(21,);


INSERT INTO `Contacta`(`idSuperheroe`,`idPersona`) VALUES(0,13);
INSERT INTO `Contacta`(`idSuperheroe`,`idPersona`) VALUES(3,35);
INSERT INTO `Contacta`(`idSuperheroe`,`idPersona`) VALUES(9,59);
INSERT INTO `Contacta`(`idSuperheroe`,`idPersona`) VALUES(11,4);
INSERT INTO `Contacta`(`idSuperheroe`,`idPersona`) VALUES(16,72);
INSERT INTO `Contacta`(`idSuperheroe`,`idPersona`) VALUES(10,15);
INSERT INTO `Contacta`(`idSuperheroe`,`idPersona`) VALUES(0,58);
INSERT INTO `Contacta`(`idSuperheroe`,`idPersona`) VALUES(8,22);
INSERT INTO `Contacta`(`idSuperheroe`,`idPersona`) VALUES(23,80);
INSERT INTO `Contacta`(`idSuperheroe`,`idPersona`) VALUES(1,95);
INSERT INTO `Contacta`(`idSuperheroe`,`idPersona`) VALUES(17,47);
INSERT INTO `Contacta`(`idSuperheroe`,`idPersona`) VALUES(10,79);
INSERT INTO `Contacta`(`idSuperheroe`,`idPersona`) VALUES(0,33);
INSERT INTO `Contacta`(`idSuperheroe`,`idPersona`) VALUES(27,84);
INSERT INTO `Contacta`(`idSuperheroe`,`idPersona`) VALUES(7,53);
INSERT INTO `Contacta`(`idSuperheroe`,`idPersona`) VALUES(2,32);
INSERT INTO `Contacta`(`idSuperheroe`,`idPersona`) VALUES(24,60);
INSERT INTO `Contacta`(`idSuperheroe`,`idPersona`) VALUES(20,99);
INSERT INTO `Contacta`(`idSuperheroe`,`idPersona`) VALUES(8,77);
INSERT INTO `Contacta`(`idSuperheroe`,`idPersona`) VALUES(0,9);
INSERT INTO `Contacta`(`idSuperheroe`,`idPersona`) VALUES(18,92);
INSERT INTO `Contacta`(`idSuperheroe`,`idPersona`) VALUES(5,72);
INSERT INTO `Contacta`(`idSuperheroe`,`idPersona`) VALUES(13,87);
INSERT INTO `Contacta`(`idSuperheroe`,`idPersona`) VALUES(6,40);
INSERT INTO `Contacta`(`idSuperheroe`,`idPersona`) VALUES(7,23);
INSERT INTO `Contacta`(`idSuperheroe`,`idPersona`) VALUES(22,9);
INSERT INTO `Contacta`(`idSuperheroe`,`idPersona`) VALUES(23,69);
INSERT INTO `Contacta`(`idSuperheroe`,`idPersona`) VALUES(16,55);
INSERT INTO `Contacta`(`idSuperheroe`,`idPersona`) VALUES(14,75);
INSERT INTO `Contacta`(`idSuperheroe`,`idPersona`) VALUES(1,42);
INSERT INTO `Contacta`(`idSuperheroe`,`idPersona`) VALUES(8,46);
INSERT INTO `Contacta`(`idSuperheroe`,`idPersona`) VALUES(9,93);
INSERT INTO `Contacta`(`idSuperheroe`,`idPersona`) VALUES(28,21);
INSERT INTO `Contacta`(`idSuperheroe`,`idPersona`) VALUES(3,46);
INSERT INTO `Contacta`(`idSuperheroe`,`idPersona`) VALUES(20,78);
INSERT INTO `Contacta`(`idSuperheroe`,`idPersona`) VALUES(7,24);
INSERT INTO `Contacta`(`idSuperheroe`,`idPersona`) VALUES(2,12);
INSERT INTO `Contacta`(`idSuperheroe`,`idPersona`) VALUES(20,28);
INSERT INTO `Contacta`(`idSuperheroe`,`idPersona`) VALUES(0,45);
INSERT INTO `Contacta`(`idSuperheroe`,`idPersona`) VALUES(8,89);
INSERT INTO `Contacta`(`idSuperheroe`,`idPersona`) VALUES(2,87);
INSERT INTO `Contacta`(`idSuperheroe`,`idPersona`) VALUES(7,86);
INSERT INTO `Contacta`(`idSuperheroe`,`idPersona`) VALUES(0,26);
INSERT INTO `Contacta`(`idSuperheroe`,`idPersona`) VALUES(21,46);
INSERT INTO `Contacta`(`idSuperheroe`,`idPersona`) VALUES(29,95);
INSERT INTO `Contacta`(`idSuperheroe`,`idPersona`) VALUES(17,75);
INSERT INTO `Contacta`(`idSuperheroe`,`idPersona`) VALUES(6,83);
INSERT INTO `Contacta`(`idSuperheroe`,`idPersona`) VALUES(14,23);
INSERT INTO `Contacta`(`idSuperheroe`,`idPersona`) VALUES(0,39);
INSERT INTO `Contacta`(`idSuperheroe`,`idPersona`) VALUES(25,35);
INSERT INTO `Contacta`(`idSuperheroe`,`idPersona`) VALUES(21,58);
INSERT INTO `Contacta`(`idSuperheroe`,`idPersona`) VALUES(4,6);
INSERT INTO `Contacta`(`idSuperheroe`,`idPersona`) VALUES(29,76);
INSERT INTO `Contacta`(`idSuperheroe`,`idPersona`) VALUES(27,2);
INSERT INTO `Contacta`(`idSuperheroe`,`idPersona`) VALUES(16,15);
INSERT INTO `Contacta`(`idSuperheroe`,`idPersona`) VALUES(14,23);
INSERT INTO `Contacta`(`idSuperheroe`,`idPersona`) VALUES(4,65);
INSERT INTO `Contacta`(`idSuperheroe`,`idPersona`) VALUES(15,81);
INSERT INTO `Contacta`(`idSuperheroe`,`idPersona`) VALUES(15,6);
INSERT INTO `Contacta`(`idSuperheroe`,`idPersona`) VALUES(8,96);
INSERT INTO `Contacta`(`idSuperheroe`,`idPersona`) VALUES(8,73);
INSERT INTO `Contacta`(`idSuperheroe`,`idPersona`) VALUES(14,74);
INSERT INTO `Contacta`(`idSuperheroe`,`idPersona`) VALUES(18,52);
INSERT INTO `Contacta`(`idSuperheroe`,`idPersona`) VALUES(6,88);
INSERT INTO `Contacta`(`idSuperheroe`,`idPersona`) VALUES(13,5);
INSERT INTO `Contacta`(`idSuperheroe`,`idPersona`) VALUES(16,94);
INSERT INTO `Contacta`(`idSuperheroe`,`idPersona`) VALUES(20,77);
INSERT INTO `Contacta`(`idSuperheroe`,`idPersona`) VALUES(19,3);
INSERT INTO `Contacta`(`idSuperheroe`,`idPersona`) VALUES(21,44);
INSERT INTO `Contacta`(`idSuperheroe`,`idPersona`) VALUES(27,75);
INSERT INTO `Contacta`(`idSuperheroe`,`idPersona`) VALUES(21,33);
INSERT INTO `Contacta`(`idSuperheroe`,`idPersona`) VALUES(21,32);
INSERT INTO `Contacta`(`idSuperheroe`,`idPersona`) VALUES(13,5);
INSERT INTO `Contacta`(`idSuperheroe`,`idPersona`) VALUES(26,91);
INSERT INTO `Contacta`(`idSuperheroe`,`idPersona`) VALUES(6,75);
INSERT INTO `Contacta`(`idSuperheroe`,`idPersona`) VALUES(1,17);
INSERT INTO `Contacta`(`idSuperheroe`,`idPersona`) VALUES(28,85);
INSERT INTO `Contacta`(`idSuperheroe`,`idPersona`) VALUES(10,10);
INSERT INTO `Contacta`(`idSuperheroe`,`idPersona`) VALUES(4,61);
INSERT INTO `Contacta`(`idSuperheroe`,`idPersona`) VALUES(28,69);
INSERT INTO `Contacta`(`idSuperheroe`,`idPersona`) VALUES(12,99);
INSERT INTO `Contacta`(`idSuperheroe`,`idPersona`) VALUES(27,72);
INSERT INTO `Contacta`(`idSuperheroe`,`idPersona`) VALUES(6,11);
INSERT INTO `Contacta`(`idSuperheroe`,`idPersona`) VALUES(24,18);
INSERT INTO `Contacta`(`idSuperheroe`,`idPersona`) VALUES(17,48);
INSERT INTO `Contacta`(`idSuperheroe`,`idPersona`) VALUES(25,50);
INSERT INTO `Contacta`(`idSuperheroe`,`idPersona`) VALUES(16,44);
INSERT INTO `Contacta`(`idSuperheroe`,`idPersona`) VALUES(6,45);
INSERT INTO `Contacta`(`idSuperheroe`,`idPersona`) VALUES(27,21);
INSERT INTO `Contacta`(`idSuperheroe`,`idPersona`) VALUES(11,60);
INSERT INTO `Contacta`(`idSuperheroe`,`idPersona`) VALUES(27,65);
INSERT INTO `Contacta`(`idSuperheroe`,`idPersona`) VALUES(16,7);
INSERT INTO `Contacta`(`idSuperheroe`,`idPersona`) VALUES(20,74);
INSERT INTO `Contacta`(`idSuperheroe`,`idPersona`) VALUES(22,67);
INSERT INTO `Contacta`(`idSuperheroe`,`idPersona`) VALUES(28,66);
INSERT INTO `Contacta`(`idSuperheroe`,`idPersona`) VALUES(9,2);
INSERT INTO `Contacta`(`idSuperheroe`,`idPersona`) VALUES(8,68);
INSERT INTO `Contacta`(`idSuperheroe`,`idPersona`) VALUES(22,97);
INSERT INTO `Contacta`(`idSuperheroe`,`idPersona`) VALUES(24,4);
INSERT INTO `Contacta`(`idSuperheroe`,`idPersona`) VALUES(16,);


INSERT INTO `Conocido`(`idSuperheroe`,`idPersona`) VALUES(29,97);
INSERT INTO `Conocido`(`idSuperheroe`,`idPersona`) VALUES(10,91);
INSERT INTO `Conocido`(`idSuperheroe`,`idPersona`) VALUES(26,87);
INSERT INTO `Conocido`(`idSuperheroe`,`idPersona`) VALUES(9,28);
INSERT INTO `Conocido`(`idSuperheroe`,`idPersona`) VALUES(18,64);
INSERT INTO `Conocido`(`idSuperheroe`,`idPersona`) VALUES(17,17);
INSERT INTO `Conocido`(`idSuperheroe`,`idPersona`) VALUES(5,56);
INSERT INTO `Conocido`(`idSuperheroe`,`idPersona`) VALUES(24,22);
INSERT INTO `Conocido`(`idSuperheroe`,`idPersona`) VALUES(12,72);
INSERT INTO `Conocido`(`idSuperheroe`,`idPersona`) VALUES(13,95);
INSERT INTO `Conocido`(`idSuperheroe`,`idPersona`) VALUES(29,62);
INSERT INTO `Conocido`(`idSuperheroe`,`idPersona`) VALUES(25,97);
INSERT INTO `Conocido`(`idSuperheroe`,`idPersona`) VALUES(4,6);
INSERT INTO `Conocido`(`idSuperheroe`,`idPersona`) VALUES(3,87);
INSERT INTO `Conocido`(`idSuperheroe`,`idPersona`) VALUES(25,92);
INSERT INTO `Conocido`(`idSuperheroe`,`idPersona`) VALUES(10,82);
INSERT INTO `Conocido`(`idSuperheroe`,`idPersona`) VALUES(4,67);
INSERT INTO `Conocido`(`idSuperheroe`,`idPersona`) VALUES(24,66);
INSERT INTO `Conocido`(`idSuperheroe`,`idPersona`) VALUES(25,2);
INSERT INTO `Conocido`(`idSuperheroe`,`idPersona`) VALUES(15,71);
INSERT INTO `Conocido`(`idSuperheroe`,`idPersona`) VALUES(7,11);
INSERT INTO `Conocido`(`idSuperheroe`,`idPersona`) VALUES(6,69);
INSERT INTO `Conocido`(`idSuperheroe`,`idPersona`) VALUES(8,23);
INSERT INTO `Conocido`(`idSuperheroe`,`idPersona`) VALUES(25,19);
INSERT INTO `Conocido`(`idSuperheroe`,`idPersona`) VALUES(2,28);
INSERT INTO `Conocido`(`idSuperheroe`,`idPersona`) VALUES(20,17);
INSERT INTO `Conocido`(`idSuperheroe`,`idPersona`) VALUES(21,6);
INSERT INTO `Conocido`(`idSuperheroe`,`idPersona`) VALUES(0,72);
INSERT INTO `Conocido`(`idSuperheroe`,`idPersona`) VALUES(13,60);
INSERT INTO `Conocido`(`idSuperheroe`,`idPersona`) VALUES(3,1);
INSERT INTO `Conocido`(`idSuperheroe`,`idPersona`) VALUES(24,14);
INSERT INTO `Conocido`(`idSuperheroe`,`idPersona`) VALUES(22,62);
INSERT INTO `Conocido`(`idSuperheroe`,`idPersona`) VALUES(9,88);
INSERT INTO `Conocido`(`idSuperheroe`,`idPersona`) VALUES(15,93);
INSERT INTO `Conocido`(`idSuperheroe`,`idPersona`) VALUES(19,58);
INSERT INTO `Conocido`(`idSuperheroe`,`idPersona`) VALUES(18,51);
INSERT INTO `Conocido`(`idSuperheroe`,`idPersona`) VALUES(11,73);
INSERT INTO `Conocido`(`idSuperheroe`,`idPersona`) VALUES(25,59);
INSERT INTO `Conocido`(`idSuperheroe`,`idPersona`) VALUES(7,63);
INSERT INTO `Conocido`(`idSuperheroe`,`idPersona`) VALUES(16,78);
INSERT INTO `Conocido`(`idSuperheroe`,`idPersona`) VALUES(20,30);
INSERT INTO `Conocido`(`idSuperheroe`,`idPersona`) VALUES(26,46);
INSERT INTO `Conocido`(`idSuperheroe`,`idPersona`) VALUES(28,35);
INSERT INTO `Conocido`(`idSuperheroe`,`idPersona`) VALUES(4,49);
INSERT INTO `Conocido`(`idSuperheroe`,`idPersona`) VALUES(19,3);
INSERT INTO `Conocido`(`idSuperheroe`,`idPersona`) VALUES(6,53);
INSERT INTO `Conocido`(`idSuperheroe`,`idPersona`) VALUES(4,44);
INSERT INTO `Conocido`(`idSuperheroe`,`idPersona`) VALUES(11,82);
INSERT INTO `Conocido`(`idSuperheroe`,`idPersona`) VALUES(9,8);
INSERT INTO `Conocido`(`idSuperheroe`,`idPersona`) VALUES(28,2);
INSERT INTO `Conocido`(`idSuperheroe`,`idPersona`) VALUES(18,71);
INSERT INTO `Conocido`(`idSuperheroe`,`idPersona`) VALUES(3,32);
INSERT INTO `Conocido`(`idSuperheroe`,`idPersona`) VALUES(14,82);
INSERT INTO `Conocido`(`idSuperheroe`,`idPersona`) VALUES(4,78);
INSERT INTO `Conocido`(`idSuperheroe`,`idPersona`) VALUES(26,74);
INSERT INTO `Conocido`(`idSuperheroe`,`idPersona`) VALUES(24,17);
INSERT INTO `Conocido`(`idSuperheroe`,`idPersona`) VALUES(14,49);
INSERT INTO `Conocido`(`idSuperheroe`,`idPersona`) VALUES(18,53);
INSERT INTO `Conocido`(`idSuperheroe`,`idPersona`) VALUES(11,91);
INSERT INTO `Conocido`(`idSuperheroe`,`idPersona`) VALUES(29,62);
INSERT INTO `Conocido`(`idSuperheroe`,`idPersona`) VALUES(29,67);
INSERT INTO `Conocido`(`idSuperheroe`,`idPersona`) VALUES(9,84);
INSERT INTO `Conocido`(`idSuperheroe`,`idPersona`) VALUES(5,55);
INSERT INTO `Conocido`(`idSuperheroe`,`idPersona`) VALUES(16,23);
INSERT INTO `Conocido`(`idSuperheroe`,`idPersona`) VALUES(11,10);
INSERT INTO `Conocido`(`idSuperheroe`,`idPersona`) VALUES(1,22);
INSERT INTO `Conocido`(`idSuperheroe`,`idPersona`) VALUES(23,12);
INSERT INTO `Conocido`(`idSuperheroe`,`idPersona`) VALUES(3,64);
INSERT INTO `Conocido`(`idSuperheroe`,`idPersona`) VALUES(28,45);
INSERT INTO `Conocido`(`idSuperheroe`,`idPersona`) VALUES(18,90);
INSERT INTO `Conocido`(`idSuperheroe`,`idPersona`) VALUES(7,87);
INSERT INTO `Conocido`(`idSuperheroe`,`idPersona`) VALUES(4,27);
INSERT INTO `Conocido`(`idSuperheroe`,`idPersona`) VALUES(12,36);
INSERT INTO `Conocido`(`idSuperheroe`,`idPersona`) VALUES(9,80);
INSERT INTO `Conocido`(`idSuperheroe`,`idPersona`) VALUES(10,2);
INSERT INTO `Conocido`(`idSuperheroe`,`idPersona`) VALUES(26,46);
INSERT INTO `Conocido`(`idSuperheroe`,`idPersona`) VALUES(14,79);
INSERT INTO `Conocido`(`idSuperheroe`,`idPersona`) VALUES(6,58);
INSERT INTO `Conocido`(`idSuperheroe`,`idPersona`) VALUES(8,77);
INSERT INTO `Conocido`(`idSuperheroe`,`idPersona`) VALUES(25,97);
INSERT INTO `Conocido`(`idSuperheroe`,`idPersona`) VALUES(15,21);
INSERT INTO `Conocido`(`idSuperheroe`,`idPersona`) VALUES(21,78);
INSERT INTO `Conocido`(`idSuperheroe`,`idPersona`) VALUES(8,33);
INSERT INTO `Conocido`(`idSuperheroe`,`idPersona`) VALUES(6,92);
INSERT INTO `Conocido`(`idSuperheroe`,`idPersona`) VALUES(11,73);
INSERT INTO `Conocido`(`idSuperheroe`,`idPersona`) VALUES(6,71);
INSERT INTO `Conocido`(`idSuperheroe`,`idPersona`) VALUES(22,46);
INSERT INTO `Conocido`(`idSuperheroe`,`idPersona`) VALUES(14,31);
INSERT INTO `Conocido`(`idSuperheroe`,`idPersona`) VALUES(19,82);
INSERT INTO `Conocido`(`idSuperheroe`,`idPersona`) VALUES(21,98);
INSERT INTO `Conocido`(`idSuperheroe`,`idPersona`) VALUES(22,58);
INSERT INTO `Conocido`(`idSuperheroe`,`idPersona`) VALUES(8,40);
INSERT INTO `Conocido`(`idSuperheroe`,`idPersona`) VALUES(22,76);
INSERT INTO `Conocido`(`idSuperheroe`,`idPersona`) VALUES(1,16);
INSERT INTO `Conocido`(`idSuperheroe`,`idPersona`) VALUES(12,71);
INSERT INTO `Conocido`(`idSuperheroe`,`idPersona`) VALUES(17,49);
INSERT INTO `Conocido`(`idSuperheroe`,`idPersona`) VALUES(16,36);
INSERT INTO `Conocido`(`idSuperheroe`,`idPersona`) VALUES(2,42);
INSERT INTO `Conocido`(`idSuperheroe`,`idPersona`) VALUES(18,31);
INSERT INTO `Conocido`(`idSuperheroe`,`idPersona`) VALUES(20,30);


INSERT INTO `Serelacionacon`(`idPersona`,`idPersona`,`Tipo`) VALUES(82,72,Ex-Compañero de colegio);
INSERT INTO `Serelacionacon`(`idPersona`,`idPersona`,`Tipo`) VALUES(5,8,Conocido);
INSERT INTO `Serelacionacon`(`idPersona`,`idPersona`,`Tipo`) VALUES(53,75,Ex-Compañero de colegio);
INSERT INTO `Serelacionacon`(`idPersona`,`idPersona`,`Tipo`) VALUES(15,0,Conocido);
INSERT INTO `Serelacionacon`(`idPersona`,`idPersona`,`Tipo`) VALUES(27,9,Socio del mismo club);
INSERT INTO `Serelacionacon`(`idPersona`,`idPersona`,`Tipo`) VALUES(72,2,Afiliación política común);
INSERT INTO `Serelacionacon`(`idPersona`,`idPersona`,`Tipo`) VALUES(85,40,Socio del mismo club);
INSERT INTO `Serelacionacon`(`idPersona`,`idPersona`,`Tipo`) VALUES(40,27,Familiar);
INSERT INTO `Serelacionacon`(`idPersona`,`idPersona`,`Tipo`) VALUES(76,71,Amigo);
INSERT INTO `Serelacionacon`(`idPersona`,`idPersona`,`Tipo`) VALUES(67,24,Indeterminado);
INSERT INTO `Serelacionacon`(`idPersona`,`idPersona`,`Tipo`) VALUES(35,98,Vecino);
INSERT INTO `Serelacionacon`(`idPersona`,`idPersona`,`Tipo`) VALUES(12,73,Indeterminado);
INSERT INTO `Serelacionacon`(`idPersona`,`idPersona`,`Tipo`) VALUES(17,88,Ex-Compañero de colegio);
INSERT INTO `Serelacionacon`(`idPersona`,`idPersona`,`Tipo`) VALUES(93,66,Socio del mismo club);
INSERT INTO `Serelacionacon`(`idPersona`,`idPersona`,`Tipo`) VALUES(5,65,Ex-Compañero de colegio);
INSERT INTO `Serelacionacon`(`idPersona`,`idPersona`,`Tipo`) VALUES(15,90,Familiar);
INSERT INTO `Serelacionacon`(`idPersona`,`idPersona`,`Tipo`) VALUES(16,55,Socio del mismo club);
INSERT INTO `Serelacionacon`(`idPersona`,`idPersona`,`Tipo`) VALUES(26,46,Familiar);
INSERT INTO `Serelacionacon`(`idPersona`,`idPersona`,`Tipo`) VALUES(5,69,Amigo);
INSERT INTO `Serelacionacon`(`idPersona`,`idPersona`,`Tipo`) VALUES(77,93,Indeterminado);
INSERT INTO `Serelacionacon`(`idPersona`,`idPersona`,`Tipo`) VALUES(84,58,Familiar);
INSERT INTO `Serelacionacon`(`idPersona`,`idPersona`,`Tipo`) VALUES(65,96,Afiliación política común);
INSERT INTO `Serelacionacon`(`idPersona`,`idPersona`,`Tipo`) VALUES(49,99,Indeterminado);
INSERT INTO `Serelacionacon`(`idPersona`,`idPersona`,`Tipo`) VALUES(26,90,Indeterminado);
INSERT INTO `Serelacionacon`(`idPersona`,`idPersona`,`Tipo`) VALUES(67,53,Socio del mismo club);
INSERT INTO `Serelacionacon`(`idPersona`,`idPersona`,`Tipo`) VALUES(50,86,Amigo);
INSERT INTO `Serelacionacon`(`idPersona`,`idPersona`,`Tipo`) VALUES(15,46,Amigo);
INSERT INTO `Serelacionacon`(`idPersona`,`idPersona`,`Tipo`) VALUES(87,3,Ex-Compañero de colegio);
INSERT INTO `Serelacionacon`(`idPersona`,`idPersona`,`Tipo`) VALUES(60,57,Amigo);
INSERT INTO `Serelacionacon`(`idPersona`,`idPersona`,`Tipo`) VALUES(20,13,Vecino);
INSERT INTO `Serelacionacon`(`idPersona`,`idPersona`,`Tipo`) VALUES(37,85,Vecino);
INSERT INTO `Serelacionacon`(`idPersona`,`idPersona`,`Tipo`) VALUES(76,59,Vecino);
INSERT INTO `Serelacionacon`(`idPersona`,`idPersona`,`Tipo`) VALUES(88,59,Amigo);
INSERT INTO `Serelacionacon`(`idPersona`,`idPersona`,`Tipo`) VALUES(97,70,Indeterminado);
INSERT INTO `Serelacionacon`(`idPersona`,`idPersona`,`Tipo`) VALUES(31,11,Amigo);
INSERT INTO `Serelacionacon`(`idPersona`,`idPersona`,`Tipo`) VALUES(76,75,Ex-Compañero de colegio);
INSERT INTO `Serelacionacon`(`idPersona`,`idPersona`,`Tipo`) VALUES(58,74,Conocido);
INSERT INTO `Serelacionacon`(`idPersona`,`idPersona`,`Tipo`) VALUES(90,99,Indeterminado);
INSERT INTO `Serelacionacon`(`idPersona`,`idPersona`,`Tipo`) VALUES(67,94,Indeterminado);
INSERT INTO `Serelacionacon`(`idPersona`,`idPersona`,`Tipo`) VALUES(91,81,Indeterminado);
INSERT INTO `Serelacionacon`(`idPersona`,`idPersona`,`Tipo`) VALUES(53,20,Indeterminado);
INSERT INTO `Serelacionacon`(`idPersona`,`idPersona`,`Tipo`) VALUES(21,61,Ex-Compañero de colegio);
INSERT INTO `Serelacionacon`(`idPersona`,`idPersona`,`Tipo`) VALUES(9,87,Ex-Compañero de colegio);
INSERT INTO `Serelacionacon`(`idPersona`,`idPersona`,`Tipo`) VALUES(35,15,Amigo);
INSERT INTO `Serelacionacon`(`idPersona`,`idPersona`,`Tipo`) VALUES(22,66,Ex-Compañero de colegio);
INSERT INTO `Serelacionacon`(`idPersona`,`idPersona`,`Tipo`) VALUES(10,72,Indeterminado);
INSERT INTO `Serelacionacon`(`idPersona`,`idPersona`,`Tipo`) VALUES(49,17,Vecino);
INSERT INTO `Serelacionacon`(`idPersona`,`idPersona`,`Tipo`) VALUES(68,40,Socio del mismo club);
INSERT INTO `Serelacionacon`(`idPersona`,`idPersona`,`Tipo`) VALUES(21,81,Vecino);
INSERT INTO `Serelacionacon`(`idPersona`,`idPersona`,`Tipo`) VALUES(34,77,Afiliación política común);
INSERT INTO `Serelacionacon`(`idPersona`,`idPersona`,`Tipo`) VALUES(57,49,Ex-Compañero de colegio);
INSERT INTO `Serelacionacon`(`idPersona`,`idPersona`,`Tipo`) VALUES(19,16,Socio del mismo club);
INSERT INTO `Serelacionacon`(`idPersona`,`idPersona`,`Tipo`) VALUES(90,18,Indeterminado);
INSERT INTO `Serelacionacon`(`idPersona`,`idPersona`,`Tipo`) VALUES(2,20,Familiar);
INSERT INTO `Serelacionacon`(`idPersona`,`idPersona`,`Tipo`) VALUES(81,91,Conocido);
INSERT INTO `Serelacionacon`(`idPersona`,`idPersona`,`Tipo`) VALUES(9,29,Vecino);
INSERT INTO `Serelacionacon`(`idPersona`,`idPersona`,`Tipo`) VALUES(20,24,Conocido);
INSERT INTO `Serelacionacon`(`idPersona`,`idPersona`,`Tipo`) VALUES(91,37,Vecino);
INSERT INTO `Serelacionacon`(`idPersona`,`idPersona`,`Tipo`) VALUES(94,48,Amigo);
INSERT INTO `Serelacionacon`(`idPersona`,`idPersona`,`Tipo`) VALUES(70,86,Socio del mismo club);
INSERT INTO `Serelacionacon`(`idPersona`,`idPersona`,`Tipo`) VALUES(53,20,Familiar);
INSERT INTO `Serelacionacon`(`idPersona`,`idPersona`,`Tipo`) VALUES(70,18,Conocido);
INSERT INTO `Serelacionacon`(`idPersona`,`idPersona`,`Tipo`) VALUES(58,17,Conocido);
INSERT INTO `Serelacionacon`(`idPersona`,`idPersona`,`Tipo`) VALUES(46,37,Socio del mismo club);
INSERT INTO `Serelacionacon`(`idPersona`,`idPersona`,`Tipo`) VALUES(86,13,Afiliación política común);
INSERT INTO `Serelacionacon`(`idPersona`,`idPersona`,`Tipo`) VALUES(14,83,Familiar);
INSERT INTO `Serelacionacon`(`idPersona`,`idPersona`,`Tipo`) VALUES(45,82,Afiliación política común);
INSERT INTO `Serelacionacon`(`idPersona`,`idPersona`,`Tipo`) VALUES(51,13,Conocido);
INSERT INTO `Serelacionacon`(`idPersona`,`idPersona`,`Tipo`) VALUES(9,51,Familiar);
INSERT INTO `Serelacionacon`(`idPersona`,`idPersona`,`Tipo`) VALUES(59,49,Amigo);
INSERT INTO `Serelacionacon`(`idPersona`,`idPersona`,`Tipo`) VALUES(95,72,Socio del mismo club);
INSERT INTO `Serelacionacon`(`idPersona`,`idPersona`,`Tipo`) VALUES(12,60,Familiar);
INSERT INTO `Serelacionacon`(`idPersona`,`idPersona`,`Tipo`) VALUES(34,95,Vecino);
INSERT INTO `Serelacionacon`(`idPersona`,`idPersona`,`Tipo`) VALUES(23,10,Conocido);
INSERT INTO `Serelacionacon`(`idPersona`,`idPersona`,`Tipo`) VALUES(67,27,Socio del mismo club);
INSERT INTO `Serelacionacon`(`idPersona`,`idPersona`,`Tipo`) VALUES(96,24,Vecino);
INSERT INTO `Serelacionacon`(`idPersona`,`idPersona`,`Tipo`) VALUES(94,97,Indeterminado);
INSERT INTO `Serelacionacon`(`idPersona`,`idPersona`,`Tipo`) VALUES(98,21,Conocido);
INSERT INTO `Serelacionacon`(`idPersona`,`idPersona`,`Tipo`) VALUES(63,57,Indeterminado);
INSERT INTO `Serelacionacon`(`idPersona`,`idPersona`,`Tipo`) VALUES(7,35,Conocido);
INSERT INTO `Serelacionacon`(`idPersona`,`idPersona`,`Tipo`) VALUES(78,51,Afiliación política común);
INSERT INTO `Serelacionacon`(`idPersona`,`idPersona`,`Tipo`) VALUES(45,58,Afiliación política común);
INSERT INTO `Serelacionacon`(`idPersona`,`idPersona`,`Tipo`) VALUES(63,94,Indeterminado);
INSERT INTO `Serelacionacon`(`idPersona`,`idPersona`,`Tipo`) VALUES(98,75,Ex-Compañero de colegio);
INSERT INTO `Serelacionacon`(`idPersona`,`idPersona`,`Tipo`) VALUES(71,99,Conocido);
INSERT INTO `Serelacionacon`(`idPersona`,`idPersona`,`Tipo`) VALUES(79,10,Familiar);
INSERT INTO `Serelacionacon`(`idPersona`,`idPersona`,`Tipo`) VALUES(39,46,Socio del mismo club);
INSERT INTO `Serelacionacon`(`idPersona`,`idPersona`,`Tipo`) VALUES(79,69,Vecino);
INSERT INTO `Serelacionacon`(`idPersona`,`idPersona`,`Tipo`) VALUES(31,77,Familiar);
INSERT INTO `Serelacionacon`(`idPersona`,`idPersona`,`Tipo`) VALUES(42,71,Conocido);
INSERT INTO `Serelacionacon`(`idPersona`,`idPersona`,`Tipo`) VALUES(4,91,Ex-Compañero de colegio);
INSERT INTO `Serelacionacon`(`idPersona`,`idPersona`,`Tipo`) VALUES(95,10,Amigo);
INSERT INTO `Serelacionacon`(`idPersona`,`idPersona`,`Tipo`) VALUES(84,53,Familiar);
INSERT INTO `Serelacionacon`(`idPersona`,`idPersona`,`Tipo`) VALUES(67,73,Conocido);
INSERT INTO `Serelacionacon`(`idPersona`,`idPersona`,`Tipo`) VALUES(73,66,Vecino);
INSERT INTO `Serelacionacon`(`idPersona`,`idPersona`,`Tipo`) VALUES(90,41,Conocido);
INSERT INTO `Serelacionacon`(`idPersona`,`idPersona`,`Tipo`) VALUES(76,92,Socio del mismo club);
INSERT INTO `Serelacionacon`(`idPersona`,`idPersona`,`Tipo`) VALUES(3,56,Ex-Compañero de colegio);
INSERT INTO `Serelacionacon`(`idPersona`,`idPersona`,`Tipo`) VALUES(76,55,Socio del mismo club);
INSERT INTO `Serelacionacon`(`idPersona`,`idPersona`,`Tipo`) VALUES(11,41,Socio del mismo club);
INSERT INTO `Serelacionacon`(`idPersona`,`idPersona`,`Tipo`) VALUES(3,54,Amigo);
INSERT INTO `Serelacionacon`(`idPersona`,`idPersona`,`Tipo`) VALUES(34,65,Amigo);
INSERT INTO `Serelacionacon`(`idPersona`,`idPersona`,`Tipo`) VALUES(32,45,Familiar);
INSERT INTO `Serelacionacon`(`idPersona`,`idPersona`,`Tipo`) VALUES(82,35,Amigo);
INSERT INTO `Serelacionacon`(`idPersona`,`idPersona`,`Tipo`) VALUES(47,27,Afiliación política común);
INSERT INTO `Serelacionacon`(`idPersona`,`idPersona`,`Tipo`) VALUES(5,47,Vecino);
INSERT INTO `Serelacionacon`(`idPersona`,`idPersona`,`Tipo`) VALUES(39,35,Indeterminado);
INSERT INTO `Serelacionacon`(`idPersona`,`idPersona`,`Tipo`) VALUES(17,86,Amigo);
INSERT INTO `Serelacionacon`(`idPersona`,`idPersona`,`Tipo`) VALUES(63,84,Vecino);
INSERT INTO `Serelacionacon`(`idPersona`,`idPersona`,`Tipo`) VALUES(79,63,Indeterminado);
INSERT INTO `Serelacionacon`(`idPersona`,`idPersona`,`Tipo`) VALUES(99,19,Vecino);
INSERT INTO `Serelacionacon`(`idPersona`,`idPersona`,`Tipo`) VALUES(69,7,Familiar);
INSERT INTO `Serelacionacon`(`idPersona`,`idPersona`,`Tipo`) VALUES(92,89,Conocido);
INSERT INTO `Serelacionacon`(`idPersona`,`idPersona`,`Tipo`) VALUES(97,49,Conocido);
INSERT INTO `Serelacionacon`(`idPersona`,`idPersona`,`Tipo`) VALUES(79,18,Conocido);
INSERT INTO `Serelacionacon`(`idPersona`,`idPersona`,`Tipo`) VALUES(60,42,Familiar);
INSERT INTO `Serelacionacon`(`idPersona`,`idPersona`,`Tipo`) VALUES(14,8,Indeterminado);
INSERT INTO `Serelacionacon`(`idPersona`,`idPersona`,`Tipo`) VALUES(49,43,Afiliación política común);
INSERT INTO `Serelacionacon`(`idPersona`,`idPersona`,`Tipo`) VALUES(53,37,Conocido);
INSERT INTO `Serelacionacon`(`idPersona`,`idPersona`,`Tipo`) VALUES(48,22,Familiar);
INSERT INTO `Serelacionacon`(`idPersona`,`idPersona`,`Tipo`) VALUES(98,87,Socio del mismo club);
INSERT INTO `Serelacionacon`(`idPersona`,`idPersona`,`Tipo`) VALUES(27,86,Amigo);
INSERT INTO `Serelacionacon`(`idPersona`,`idPersona`,`Tipo`) VALUES(78,86,Conocido);
INSERT INTO `Serelacionacon`(`idPersona`,`idPersona`,`Tipo`) VALUES(79,28,Familiar);
INSERT INTO `Serelacionacon`(`idPersona`,`idPersona`,`Tipo`) VALUES(97,62,Indeterminado);
INSERT INTO `Serelacionacon`(`idPersona`,`idPersona`,`Tipo`) VALUES(97,63,Ex-Compañero de colegio);
INSERT INTO `Serelacionacon`(`idPersona`,`idPersona`,`Tipo`) VALUES(35,68,Vecino);
INSERT INTO `Serelacionacon`(`idPersona`,`idPersona`,`Tipo`) VALUES(27,83,Amigo);
INSERT INTO `Serelacionacon`(`idPersona`,`idPersona`,`Tipo`) VALUES(34,66,Socio del mismo club);
INSERT INTO `Serelacionacon`(`idPersona`,`idPersona`,`Tipo`) VALUES(62,4,Amigo);
INSERT INTO `Serelacionacon`(`idPersona`,`idPersona`,`Tipo`) VALUES(62,31,Familiar);
INSERT INTO `Serelacionacon`(`idPersona`,`idPersona`,`Tipo`) VALUES(24,96,Vecino);
INSERT INTO `Serelacionacon`(`idPersona`,`idPersona`,`Tipo`) VALUES(98,90,Ex-Compañero de colegio);
INSERT INTO `Serelacionacon`(`idPersona`,`idPersona`,`Tipo`) VALUES(25,69,Familiar);
INSERT INTO `Serelacionacon`(`idPersona`,`idPersona`,`Tipo`) VALUES(8,99,Indeterminado);
INSERT INTO `Serelacionacon`(`idPersona`,`idPersona`,`Tipo`) VALUES(92,14,Conocido);
INSERT INTO `Serelacionacon`(`idPersona`,`idPersona`,`Tipo`) VALUES(10,25,Indeterminado);
INSERT INTO `Serelacionacon`(`idPersona`,`idPersona`,`Tipo`) VALUES(90,73,Indeterminado);
INSERT INTO `Serelacionacon`(`idPersona`,`idPersona`,`Tipo`) VALUES(96,11,Conocido);
INSERT INTO `Serelacionacon`(`idPersona`,`idPersona`,`Tipo`) VALUES(63,78,Vecino);
INSERT INTO `Serelacionacon`(`idPersona`,`idPersona`,`Tipo`) VALUES(76,78,Ex-Compañero de colegio);
INSERT INTO `Serelacionacon`(`idPersona`,`idPersona`,`Tipo`) VALUES(83,18,Conocido);
INSERT INTO `Serelacionacon`(`idPersona`,`idPersona`,`Tipo`) VALUES(26,81,Familiar);
INSERT INTO `Serelacionacon`(`idPersona`,`idPersona`,`Tipo`) VALUES(82,32,Ex-Compañero de colegio);
INSERT INTO `Serelacionacon`(`idPersona`,`idPersona`,`Tipo`) VALUES(50,54,Vecino);
INSERT INTO `Serelacionacon`(`idPersona`,`idPersona`,`Tipo`) VALUES(68,44,Indeterminado);
INSERT INTO `Serelacionacon`(`idPersona`,`idPersona`,`Tipo`) VALUES(42,15,Ex-Compañero de colegio);
INSERT INTO `Serelacionacon`(`idPersona`,`idPersona`,`Tipo`) VALUES(85,23,Indeterminado);
INSERT INTO `Serelacionacon`(`idPersona`,`idPersona`,`Tipo`) VALUES(19,67,Socio del mismo club);
INSERT INTO `Serelacionacon`(`idPersona`,`idPersona`,`Tipo`) VALUES(21,61,Amigo);
INSERT INTO `Serelacionacon`(`idPersona`,`idPersona`,`Tipo`) VALUES(59,40,Ex-Compañero de colegio);
INSERT INTO `Serelacionacon`(`idPersona`,`idPersona`,`Tipo`) VALUES(99,61,Familiar);
INSERT INTO `Serelacionacon`(`idPersona`,`idPersona`,`Tipo`) VALUES(55,8,Conocido);
INSERT INTO `Serelacionacon`(`idPersona`,`idPersona`,`Tipo`) VALUES(29,70,Conocido);
INSERT INTO `Serelacionacon`(`idPersona`,`idPersona`,`Tipo`) VALUES(82,35,Vecino);
INSERT INTO `Serelacionacon`(`idPersona`,`idPersona`,`Tipo`) VALUES(76,27,Vecino);
INSERT INTO `Serelacionacon`(`idPersona`,`idPersona`,`Tipo`) VALUES(83,52,Indeterminado);
INSERT INTO `Serelacionacon`(`idPersona`,`idPersona`,`Tipo`) VALUES(76,31,Conocido);
INSERT INTO `Serelacionacon`(`idPersona`,`idPersona`,`Tipo`) VALUES(48,64,Amigo);
INSERT INTO `Serelacionacon`(`idPersona`,`idPersona`,`Tipo`) VALUES(24,59,Conocido);
INSERT INTO `Serelacionacon`(`idPersona`,`idPersona`,`Tipo`) VALUES(91,97,Socio del mismo club);
INSERT INTO `Serelacionacon`(`idPersona`,`idPersona`,`Tipo`) VALUES(62,98,Vecino);
INSERT INTO `Serelacionacon`(`idPersona`,`idPersona`,`Tipo`) VALUES(67,61,Amigo);
INSERT INTO `Serelacionacon`(`idPersona`,`idPersona`,`Tipo`) VALUES(34,0,Familiar);
INSERT INTO `Serelacionacon`(`idPersona`,`idPersona`,`Tipo`) VALUES(21,83,Familiar);
INSERT INTO `Serelacionacon`(`idPersona`,`idPersona`,`Tipo`) VALUES(75,0,Ex-Compañero de colegio);
INSERT INTO `Serelacionacon`(`idPersona`,`idPersona`,`Tipo`) VALUES(45,90,Conocido);
INSERT INTO `Serelacionacon`(`idPersona`,`idPersona`,`Tipo`) VALUES(0,39,Familiar);
INSERT INTO `Serelacionacon`(`idPersona`,`idPersona`,`Tipo`) VALUES(57,0,Amigo);
INSERT INTO `Serelacionacon`(`idPersona`,`idPersona`,`Tipo`) VALUES(95,87,Conocido);
INSERT INTO `Serelacionacon`(`idPersona`,`idPersona`,`Tipo`) VALUES(76,51,Indeterminado);
INSERT INTO `Serelacionacon`(`idPersona`,`idPersona`,`Tipo`) VALUES(3,10,Conocido);
INSERT INTO `Serelacionacon`(`idPersona`,`idPersona`,`Tipo`) VALUES(53,18,Amigo);
INSERT INTO `Serelacionacon`(`idPersona`,`idPersona`,`Tipo`) VALUES(18,91,Ex-Compañero de colegio);
INSERT INTO `Serelacionacon`(`idPersona`,`idPersona`,`Tipo`) VALUES(34,72,Familiar);
INSERT INTO `Serelacionacon`(`idPersona`,`idPersona`,`Tipo`) VALUES(32,77,Indeterminado);
INSERT INTO `Serelacionacon`(`idPersona`,`idPersona`,`Tipo`) VALUES(96,79,Ex-Compañero de colegio);
INSERT INTO `Serelacionacon`(`idPersona`,`idPersona`,`Tipo`) VALUES(35,76,Conocido);
INSERT INTO `Serelacionacon`(`idPersona`,`idPersona`,`Tipo`) VALUES(19,12,Conocido);
INSERT INTO `Serelacionacon`(`idPersona`,`idPersona`,`Tipo`) VALUES(29,15,Amigo);
INSERT INTO `Serelacionacon`(`idPersona`,`idPersona`,`Tipo`) VALUES(12,59,Indeterminado);
INSERT INTO `Serelacionacon`(`idPersona`,`idPersona`,`Tipo`) VALUES(67,57,Amigo);
INSERT INTO `Serelacionacon`(`idPersona`,`idPersona`,`Tipo`) VALUES(65,98,Familiar);
INSERT INTO `Serelacionacon`(`idPersona`,`idPersona`,`Tipo`) VALUES(25,26,Ex-Compañero de colegio);
INSERT INTO `Serelacionacon`(`idPersona`,`idPersona`,`Tipo`) VALUES(28,72,Ex-Compañero de colegio);
INSERT INTO `Serelacionacon`(`idPersona`,`idPersona`,`Tipo`) VALUES(94,47,Socio del mismo club);
INSERT INTO `Serelacionacon`(`idPersona`,`idPersona`,`Tipo`) VALUES(26,48,Socio del mismo club);
INSERT INTO `Serelacionacon`(`idPersona`,`idPersona`,`Tipo`) VALUES(88,93,Familiar);
INSERT INTO `Serelacionacon`(`idPersona`,`idPersona`,`Tipo`) VALUES(92,88,Afiliación política común);
INSERT INTO `Serelacionacon`(`idPersona`,`idPersona`,`Tipo`) VALUES(77,35,Amigo);
INSERT INTO `Serelacionacon`(`idPersona`,`idPersona`,`Tipo`) VALUES(83,85,Vecino);
INSERT INTO `Serelacionacon`(`idPersona`,`idPersona`,`Tipo`) VALUES(18,15,Afiliación política común);
INSERT INTO `Serelacionacon`(`idPersona`,`idPersona`,`Tipo`) VALUES(6,54,Conocido);
INSERT INTO `Serelacionacon`(`idPersona`,`idPersona`,`Tipo`) VALUES(55,77,Familiar);
INSERT INTO `Serelacionacon`(`idPersona`,`idPersona`,`Tipo`) VALUES(17,88,Conocido);
INSERT INTO `Serelacionacon`(`idPersona`,`idPersona`,`Tipo`) VALUES(21,72,Amigo);
INSERT INTO `Serelacionacon`(`idPersona`,`idPersona`,`Tipo`) VALUES(39,0,Vecino);
INSERT INTO `Serelacionacon`(`idPersona`,`idPersona`,`Tipo`) VALUES(21,77,Conocido);
INSERT INTO `Serelacionacon`(`idPersona`,`idPersona`,`Tipo`) VALUES(34,93,Afiliación política común);
INSERT INTO `Serelacionacon`(`idPersona`,`idPersona`,`Tipo`) VALUES(37,47,Conocido);
INSERT INTO `Serelacionacon`(`idPersona`,`idPersona`,`Tipo`) VALUES(7,76,Ex-Compañero de colegio);
INSERT INTO `Serelacionacon`(`idPersona`,`idPersona`,`Tipo`) VALUES(99,21,Indeterminado);
INSERT INTO `Serelacionacon`(`idPersona`,`idPersona`,`Tipo`) VALUES(7,76,Afiliación política común);
INSERT INTO `Serelacionacon`(`idPersona`,`idPersona`,`Tipo`) VALUES(56,27,Ex-Compañero de colegio);
INSERT INTO `Serelacionacon`(`idPersona`,`idPersona`,`Tipo`) VALUES(17,69,Afiliación política común);
INSERT INTO `Serelacionacon`(`idPersona`,`idPersona`,`Tipo`) VALUES(91,3,Conocido);
INSERT INTO `Serelacionacon`(`idPersona`,`idPersona`,`Tipo`) VALUES(42,37,Indeterminado);
INSERT INTO `Serelacionacon`(`idPersona`,`idPersona`,`Tipo`) VALUES(38,74,Familiar);
INSERT INTO `Serelacionacon`(`idPersona`,`idPersona`,`Tipo`) VALUES(58,27,Ex-Compañero de colegio);
INSERT INTO `Serelacionacon`(`idPersona`,`idPersona`,`Tipo`) VALUES(95,89,Familiar);
INSERT INTO `Serelacionacon`(`idPersona`,`idPersona`,`Tipo`) VALUES(6,98,Afiliación política común);
INSERT INTO `Serelacionacon`(`idPersona`,`idPersona`,`Tipo`) VALUES(35,64,Vecino);
INSERT INTO `Serelacionacon`(`idPersona`,`idPersona`,`Tipo`) VALUES(22,20,Socio del mismo club);
INSERT INTO `Serelacionacon`(`idPersona`,`idPersona`,`Tipo`) VALUES(97,69,Amigo);
INSERT INTO `Serelacionacon`(`idPersona`,`idPersona`,`Tipo`) VALUES(25,66,Vecino);
INSERT INTO `Serelacionacon`(`idPersona`,`idPersona`,`Tipo`) VALUES(12,14,Conocido);
INSERT INTO `Serelacionacon`(`idPersona`,`idPersona`,`Tipo`) VALUES(35,41,Indeterminado);
INSERT INTO `Serelacionacon`(`idPersona`,`idPersona`,`Tipo`) VALUES(97,14,Indeterminado);
INSERT INTO `Serelacionacon`(`idPersona`,`idPersona`,`Tipo`) VALUES(3,50,Familiar);
INSERT INTO `Serelacionacon`(`idPersona`,`idPersona`,`Tipo`) VALUES(58,87,Vecino);
INSERT INTO `Serelacionacon`(`idPersona`,`idPersona`,`Tipo`) VALUES(95,85,Vecino);
INSERT INTO `Serelacionacon`(`idPersona`,`idPersona`,`Tipo`) VALUES(71,73,Afiliación política común);
INSERT INTO `Serelacionacon`(`idPersona`,`idPersona`,`Tipo`) VALUES(55,14,Indeterminado);
INSERT INTO `Serelacionacon`(`idPersona`,`idPersona`,`Tipo`) VALUES(60,40,Conocido);
INSERT INTO `Serelacionacon`(`idPersona`,`idPersona`,`Tipo`) VALUES(14,13,Indeterminado);
INSERT INTO `Serelacionacon`(`idPersona`,`idPersona`,`Tipo`) VALUES(35,42,Vecino);
INSERT INTO `Serelacionacon`(`idPersona`,`idPersona`,`Tipo`) VALUES(39,51,Afiliación política común);
INSERT INTO `Serelacionacon`(`idPersona`,`idPersona`,`Tipo`) VALUES(82,73,Familiar);
INSERT INTO `Serelacionacon`(`idPersona`,`idPersona`,`Tipo`) VALUES(78,44,Socio del mismo club);
INSERT INTO `Serelacionacon`(`idPersona`,`idPersona`,`Tipo`) VALUES(13,2,Ex-Compañero de colegio);
INSERT INTO `Serelacionacon`(`idPersona`,`idPersona`,`Tipo`) VALUES(94,46,Afiliación política común);
INSERT INTO `Serelacionacon`(`idPersona`,`idPersona`,`Tipo`) VALUES(25,1,Vecino);
INSERT INTO `Serelacionacon`(`idPersona`,`idPersona`,`Tipo`) VALUES(7,18,Vecino);
INSERT INTO `Serelacionacon`(`idPersona`,`idPersona`,`Tipo`) VALUES(51,72,Ex-Compañero de colegio);
INSERT INTO `Serelacionacon`(`idPersona`,`idPersona`,`Tipo`) VALUES(1,89,Vecino);
INSERT INTO `Serelacionacon`(`idPersona`,`idPersona`,`Tipo`) VALUES(59,27,Indeterminado);
INSERT INTO `Serelacionacon`(`idPersona`,`idPersona`,`Tipo`) VALUES(41,52,Socio del mismo club);
INSERT INTO `Serelacionacon`(`idPersona`,`idPersona`,`Tipo`) VALUES(48,93,Amigo);
INSERT INTO `Serelacionacon`(`idPersona`,`idPersona`,`Tipo`) VALUES(53,54,Ex-Compañero de colegio);
INSERT INTO `Serelacionacon`(`idPersona`,`idPersona`,`Tipo`) VALUES(78,2,Vecino);
INSERT INTO `Serelacionacon`(`idPersona`,`idPersona`,`Tipo`) VALUES(61,81,Vecino);
INSERT INTO `Serelacionacon`(`idPersona`,`idPersona`,`Tipo`) VALUES(89,92,Ex-Compañero de colegio);
INSERT INTO `Serelacionacon`(`idPersona`,`idPersona`,`Tipo`) VALUES(85,37,Conocido);
INSERT INTO `Serelacionacon`(`idPersona`,`idPersona`,`Tipo`) VALUES(90,97,Afiliación política común);
INSERT INTO `Serelacionacon`(`idPersona`,`idPersona`,`Tipo`) VALUES(61,90,Indeterminado);
INSERT INTO `Serelacionacon`(`idPersona`,`idPersona`,`Tipo`) VALUES(77,30,Socio del mismo club);
INSERT INTO `Serelacionacon`(`idPersona`,`idPersona`,`Tipo`) VALUES(25,84,Vecino);
INSERT INTO `Serelacionacon`(`idPersona`,`idPersona`,`Tipo`) VALUES(53,2,Afiliación política común);
INSERT INTO `Serelacionacon`(`idPersona`,`idPersona`,`Tipo`) VALUES(22,35,Afiliación política común);
INSERT INTO `Serelacionacon`(`idPersona`,`idPersona`,`Tipo`) VALUES(30,28,Vecino);


INSERT INTO `Participa`(`idSuperheroe`,`idIncidente`) VALUES(3,105);
INSERT INTO `Participa`(`idSuperheroe`,`idIncidente`) VALUES(4,118);
INSERT INTO `Participa`(`idSuperheroe`,`idIncidente`) VALUES(12,144);
INSERT INTO `Participa`(`idSuperheroe`,`idIncidente`) VALUES(24,76);
INSERT INTO `Participa`(`idSuperheroe`,`idIncidente`) VALUES(29,35);
INSERT INTO `Participa`(`idSuperheroe`,`idIncidente`) VALUES(24,79);
INSERT INTO `Participa`(`idSuperheroe`,`idIncidente`) VALUES(14,32);
INSERT INTO `Participa`(`idSuperheroe`,`idIncidente`) VALUES(20,21);
INSERT INTO `Participa`(`idSuperheroe`,`idIncidente`) VALUES(20,15);
INSERT INTO `Participa`(`idSuperheroe`,`idIncidente`) VALUES(16,0);
INSERT INTO `Participa`(`idSuperheroe`,`idIncidente`) VALUES(12,38);
INSERT INTO `Participa`(`idSuperheroe`,`idIncidente`) VALUES(15,106);
INSERT INTO `Participa`(`idSuperheroe`,`idIncidente`) VALUES(9,104);
INSERT INTO `Participa`(`idSuperheroe`,`idIncidente`) VALUES(27,77);
INSERT INTO `Participa`(`idSuperheroe`,`idIncidente`) VALUES(18,17);
INSERT INTO `Participa`(`idSuperheroe`,`idIncidente`) VALUES(15,106);
INSERT INTO `Participa`(`idSuperheroe`,`idIncidente`) VALUES(22,71);
INSERT INTO `Participa`(`idSuperheroe`,`idIncidente`) VALUES(12,75);
INSERT INTO `Participa`(`idSuperheroe`,`idIncidente`) VALUES(1,130);
INSERT INTO `Participa`(`idSuperheroe`,`idIncidente`) VALUES(27,71);
INSERT INTO `Participa`(`idSuperheroe`,`idIncidente`) VALUES(16,137);
INSERT INTO `Participa`(`idSuperheroe`,`idIncidente`) VALUES(5,105);
INSERT INTO `Participa`(`idSuperheroe`,`idIncidente`) VALUES(7,23);
INSERT INTO `Participa`(`idSuperheroe`,`idIncidente`) VALUES(12,113);
INSERT INTO `Participa`(`idSuperheroe`,`idIncidente`) VALUES(23,9);
INSERT INTO `Participa`(`idSuperheroe`,`idIncidente`) VALUES(10,128);
INSERT INTO `Participa`(`idSuperheroe`,`idIncidente`) VALUES(6,36);
INSERT INTO `Participa`(`idSuperheroe`,`idIncidente`) VALUES(21,125);
INSERT INTO `Participa`(`idSuperheroe`,`idIncidente`) VALUES(16,126);
INSERT INTO `Participa`(`idSuperheroe`,`idIncidente`) VALUES(11,50);
INSERT INTO `Participa`(`idSuperheroe`,`idIncidente`) VALUES(25,138);
INSERT INTO `Participa`(`idSuperheroe`,`idIncidente`) VALUES(23,141);
INSERT INTO `Participa`(`idSuperheroe`,`idIncidente`) VALUES(6,141);
INSERT INTO `Participa`(`idSuperheroe`,`idIncidente`) VALUES(26,52);
INSERT INTO `Participa`(`idSuperheroe`,`idIncidente`) VALUES(8,134);
INSERT INTO `Participa`(`idSuperheroe`,`idIncidente`) VALUES(22,83);
INSERT INTO `Participa`(`idSuperheroe`,`idIncidente`) VALUES(16,69);
INSERT INTO `Participa`(`idSuperheroe`,`idIncidente`) VALUES(9,139);
INSERT INTO `Participa`(`idSuperheroe`,`idIncidente`) VALUES(0,148);
INSERT INTO `Participa`(`idSuperheroe`,`idIncidente`) VALUES(2,131);
INSERT INTO `Participa`(`idSuperheroe`,`idIncidente`) VALUES(16,65);
INSERT INTO `Participa`(`idSuperheroe`,`idIncidente`) VALUES(10,86);
INSERT INTO `Participa`(`idSuperheroe`,`idIncidente`) VALUES(25,71);
INSERT INTO `Participa`(`idSuperheroe`,`idIncidente`) VALUES(21,123);
INSERT INTO `Participa`(`idSuperheroe`,`idIncidente`) VALUES(8,94);
INSERT INTO `Participa`(`idSuperheroe`,`idIncidente`) VALUES(6,80);
INSERT INTO `Participa`(`idSuperheroe`,`idIncidente`) VALUES(7,18);
INSERT INTO `Participa`(`idSuperheroe`,`idIncidente`) VALUES(1,97);
INSERT INTO `Participa`(`idSuperheroe`,`idIncidente`) VALUES(27,132);
INSERT INTO `Participa`(`idSuperheroe`,`idIncidente`) VALUES(4,119);
INSERT INTO `Participa`(`idSuperheroe`,`idIncidente`) VALUES(8,48);
INSERT INTO `Participa`(`idSuperheroe`,`idIncidente`) VALUES(22,124);
INSERT INTO `Participa`(`idSuperheroe`,`idIncidente`) VALUES(24,30);
INSERT INTO `Participa`(`idSuperheroe`,`idIncidente`) VALUES(27,20);
INSERT INTO `Participa`(`idSuperheroe`,`idIncidente`) VALUES(13,51);
INSERT INTO `Participa`(`idSuperheroe`,`idIncidente`) VALUES(22,18);
INSERT INTO `Participa`(`idSuperheroe`,`idIncidente`) VALUES(25,5);
INSERT INTO `Participa`(`idSuperheroe`,`idIncidente`) VALUES(2,116);
INSERT INTO `Participa`(`idSuperheroe`,`idIncidente`) VALUES(11,17);
INSERT INTO `Participa`(`idSuperheroe`,`idIncidente`) VALUES(12,37);
INSERT INTO `Participa`(`idSuperheroe`,`idIncidente`) VALUES(6,115);
INSERT INTO `Participa`(`idSuperheroe`,`idIncidente`) VALUES(29,143);
INSERT INTO `Participa`(`idSuperheroe`,`idIncidente`) VALUES(16,72);
INSERT INTO `Participa`(`idSuperheroe`,`idIncidente`) VALUES(19,26);
INSERT INTO `Participa`(`idSuperheroe`,`idIncidente`) VALUES(11,51);
INSERT INTO `Participa`(`idSuperheroe`,`idIncidente`) VALUES(21,81);
INSERT INTO `Participa`(`idSuperheroe`,`idIncidente`) VALUES(29,65);
INSERT INTO `Participa`(`idSuperheroe`,`idIncidente`) VALUES(24,17);
INSERT INTO `Participa`(`idSuperheroe`,`idIncidente`) VALUES(17,73);
INSERT INTO `Participa`(`idSuperheroe`,`idIncidente`) VALUES(28,70);
INSERT INTO `Participa`(`idSuperheroe`,`idIncidente`) VALUES(0,132);
INSERT INTO `Participa`(`idSuperheroe`,`idIncidente`) VALUES(0,12);
INSERT INTO `Participa`(`idSuperheroe`,`idIncidente`) VALUES(6,115);
INSERT INTO `Participa`(`idSuperheroe`,`idIncidente`) VALUES(15,21);
INSERT INTO `Participa`(`idSuperheroe`,`idIncidente`) VALUES(5,4);
INSERT INTO `Participa`(`idSuperheroe`,`idIncidente`) VALUES(18,24);
INSERT INTO `Participa`(`idSuperheroe`,`idIncidente`) VALUES(10,54);
INSERT INTO `Participa`(`idSuperheroe`,`idIncidente`) VALUES(23,32);
INSERT INTO `Participa`(`idSuperheroe`,`idIncidente`) VALUES(8,80);
INSERT INTO `Participa`(`idSuperheroe`,`idIncidente`) VALUES(0,90);
INSERT INTO `Participa`(`idSuperheroe`,`idIncidente`) VALUES(6,71);
INSERT INTO `Participa`(`idSuperheroe`,`idIncidente`) VALUES(4,3);
INSERT INTO `Participa`(`idSuperheroe`,`idIncidente`) VALUES(16,99);
INSERT INTO `Participa`(`idSuperheroe`,`idIncidente`) VALUES(13,20);
INSERT INTO `Participa`(`idSuperheroe`,`idIncidente`) VALUES(26,86);
INSERT INTO `Participa`(`idSuperheroe`,`idIncidente`) VALUES(19,128);
INSERT INTO `Participa`(`idSuperheroe`,`idIncidente`) VALUES(20,22);
INSERT INTO `Participa`(`idSuperheroe`,`idIncidente`) VALUES(0,45);
INSERT INTO `Participa`(`idSuperheroe`,`idIncidente`) VALUES(7,143);
INSERT INTO `Participa`(`idSuperheroe`,`idIncidente`) VALUES(5,46);
INSERT INTO `Participa`(`idSuperheroe`,`idIncidente`) VALUES(27,113);
INSERT INTO `Participa`(`idSuperheroe`,`idIncidente`) VALUES(26,44);
INSERT INTO `Participa`(`idSuperheroe`,`idIncidente`) VALUES(5,119);
INSERT INTO `Participa`(`idSuperheroe`,`idIncidente`) VALUES(28,24);
INSERT INTO `Participa`(`idSuperheroe`,`idIncidente`) VALUES(6,125);
INSERT INTO `Participa`(`idSuperheroe`,`idIncidente`) VALUES(24,61);
INSERT INTO `Participa`(`idSuperheroe`,`idIncidente`) VALUES(2,15);
INSERT INTO `Participa`(`idSuperheroe`,`idIncidente`) VALUES(19,130);
INSERT INTO `Participa`(`idSuperheroe`,`idIncidente`) VALUES(4,80);
INSERT INTO `Participa`(`idSuperheroe`,`idIncidente`) VALUES(6,72);
INSERT INTO `Participa`(`idSuperheroe`,`idIncidente`) VALUES(20,105);
INSERT INTO `Participa`(`idSuperheroe`,`idIncidente`) VALUES(6,112);
INSERT INTO `Participa`(`idSuperheroe`,`idIncidente`) VALUES(17,129);
INSERT INTO `Participa`(`idSuperheroe`,`idIncidente`) VALUES(4,62);
INSERT INTO `Participa`(`idSuperheroe`,`idIncidente`) VALUES(10,122);
INSERT INTO `Participa`(`idSuperheroe`,`idIncidente`) VALUES(6,52);
INSERT INTO `Participa`(`idSuperheroe`,`idIncidente`) VALUES(28,66);
INSERT INTO `Participa`(`idSuperheroe`,`idIncidente`) VALUES(11,140);
INSERT INTO `Participa`(`idSuperheroe`,`idIncidente`) VALUES(27,137);
INSERT INTO `Participa`(`idSuperheroe`,`idIncidente`) VALUES(20,33);
INSERT INTO `Participa`(`idSuperheroe`,`idIncidente`) VALUES(12,37);
INSERT INTO `Participa`(`idSuperheroe`,`idIncidente`) VALUES(27,42);
INSERT INTO `Participa`(`idSuperheroe`,`idIncidente`) VALUES(20,30);
INSERT INTO `Participa`(`idSuperheroe`,`idIncidente`) VALUES(2,32);
INSERT INTO `Participa`(`idSuperheroe`,`idIncidente`) VALUES(14,63);
INSERT INTO `Participa`(`idSuperheroe`,`idIncidente`) VALUES(21,115);
INSERT INTO `Participa`(`idSuperheroe`,`idIncidente`) VALUES(9,111);
INSERT INTO `Participa`(`idSuperheroe`,`idIncidente`) VALUES(4,1);
INSERT INTO `Participa`(`idSuperheroe`,`idIncidente`) VALUES(28,5);
INSERT INTO `Participa`(`idSuperheroe`,`idIncidente`) VALUES(5,120);
INSERT INTO `Participa`(`idSuperheroe`,`idIncidente`) VALUES(23,41);
INSERT INTO `Participa`(`idSuperheroe`,`idIncidente`) VALUES(8,25);
INSERT INTO `Participa`(`idSuperheroe`,`idIncidente`) VALUES(26,136);
INSERT INTO `Participa`(`idSuperheroe`,`idIncidente`) VALUES(12,58);
INSERT INTO `Participa`(`idSuperheroe`,`idIncidente`) VALUES(24,6);
INSERT INTO `Participa`(`idSuperheroe`,`idIncidente`) VALUES(9,132);
INSERT INTO `Participa`(`idSuperheroe`,`idIncidente`) VALUES(29,83);
INSERT INTO `Participa`(`idSuperheroe`,`idIncidente`) VALUES(27,5);
INSERT INTO `Participa`(`idSuperheroe`,`idIncidente`) VALUES(2,136);
INSERT INTO `Participa`(`idSuperheroe`,`idIncidente`) VALUES(16,1);
INSERT INTO `Participa`(`idSuperheroe`,`idIncidente`) VALUES(25,116);
INSERT INTO `Participa`(`idSuperheroe`,`idIncidente`) VALUES(3,45);
INSERT INTO `Participa`(`idSuperheroe`,`idIncidente`) VALUES(6,119);
INSERT INTO `Participa`(`idSuperheroe`,`idIncidente`) VALUES(29,47);
INSERT INTO `Participa`(`idSuperheroe`,`idIncidente`) VALUES(0,86);
INSERT INTO `Participa`(`idSuperheroe`,`idIncidente`) VALUES(3,46);
INSERT INTO `Participa`(`idSuperheroe`,`idIncidente`) VALUES(13,15);
INSERT INTO `Participa`(`idSuperheroe`,`idIncidente`) VALUES(23,47);
INSERT INTO `Participa`(`idSuperheroe`,`idIncidente`) VALUES(22,62);
INSERT INTO `Participa`(`idSuperheroe`,`idIncidente`) VALUES(10,33);
INSERT INTO `Participa`(`idSuperheroe`,`idIncidente`) VALUES(6,27);
INSERT INTO `Participa`(`idSuperheroe`,`idIncidente`) VALUES(17,119);
INSERT INTO `Participa`(`idSuperheroe`,`idIncidente`) VALUES(10,32);
INSERT INTO `Participa`(`idSuperheroe`,`idIncidente`) VALUES(11,52);
INSERT INTO `Participa`(`idSuperheroe`,`idIncidente`) VALUES(21,148);
INSERT INTO `Participa`(`idSuperheroe`,`idIncidente`) VALUES(12,13);
INSERT INTO `Participa`(`idSuperheroe`,`idIncidente`) VALUES(8,0);
INSERT INTO `Participa`(`idSuperheroe`,`idIncidente`) VALUES(11,123);
INSERT INTO `Participa`(`idSuperheroe`,`idIncidente`) VALUES(17,24);
INSERT INTO `Participa`(`idSuperheroe`,`idIncidente`) VALUES(6,74);
INSERT INTO `Participa`(`idSuperheroe`,`idIncidente`) VALUES(24,122);
INSERT INTO `Participa`(`idSuperheroe`,`idIncidente`) VALUES(1,19);
INSERT INTO `Participa`(`idSuperheroe`,`idIncidente`) VALUES(16,145);
INSERT INTO `Participa`(`idSuperheroe`,`idIncidente`) VALUES(8,141);
INSERT INTO `Participa`(`idSuperheroe`,`idIncidente`) VALUES(6,0);
INSERT INTO `Participa`(`idSuperheroe`,`idIncidente`) VALUES(4,93);
INSERT INTO `Participa`(`idSuperheroe`,`idIncidente`) VALUES(7,61);
INSERT INTO `Participa`(`idSuperheroe`,`idIncidente`) VALUES(17,53);
INSERT INTO `Participa`(`idSuperheroe`,`idIncidente`) VALUES(5,68);
INSERT INTO `Participa`(`idSuperheroe`,`idIncidente`) VALUES(2,27);
INSERT INTO `Participa`(`idSuperheroe`,`idIncidente`) VALUES(21,46);
INSERT INTO `Participa`(`idSuperheroe`,`idIncidente`) VALUES(16,27);
INSERT INTO `Participa`(`idSuperheroe`,`idIncidente`) VALUES(13,89);
INSERT INTO `Participa`(`idSuperheroe`,`idIncidente`) VALUES(22,73);
INSERT INTO `Participa`(`idSuperheroe`,`idIncidente`) VALUES(17,7);
INSERT INTO `Participa`(`idSuperheroe`,`idIncidente`) VALUES(8,112);
INSERT INTO `Participa`(`idSuperheroe`,`idIncidente`) VALUES(11,121);
INSERT INTO `Participa`(`idSuperheroe`,`idIncidente`) VALUES(15,44);
INSERT INTO `Participa`(`idSuperheroe`,`idIncidente`) VALUES(0,22);
INSERT INTO `Participa`(`idSuperheroe`,`idIncidente`) VALUES(28,36);
INSERT INTO `Participa`(`idSuperheroe`,`idIncidente`) VALUES(7,47);
INSERT INTO `Participa`(`idSuperheroe`,`idIncidente`) VALUES(0,101);
INSERT INTO `Participa`(`idSuperheroe`,`idIncidente`) VALUES(18,123);
INSERT INTO `Participa`(`idSuperheroe`,`idIncidente`) VALUES(24,111);
INSERT INTO `Participa`(`idSuperheroe`,`idIncidente`) VALUES(9,132);
INSERT INTO `Participa`(`idSuperheroe`,`idIncidente`) VALUES(29,76);
INSERT INTO `Participa`(`idSuperheroe`,`idIncidente`) VALUES(28,83);
INSERT INTO `Participa`(`idSuperheroe`,`idIncidente`) VALUES(13,4);
INSERT INTO `Participa`(`idSuperheroe`,`idIncidente`) VALUES(16,64);
INSERT INTO `Participa`(`idSuperheroe`,`idIncidente`) VALUES(11,121);
INSERT INTO `Participa`(`idSuperheroe`,`idIncidente`) VALUES(26,53);
INSERT INTO `Participa`(`idSuperheroe`,`idIncidente`) VALUES(4,63);
INSERT INTO `Participa`(`idSuperheroe`,`idIncidente`) VALUES(17,99);
INSERT INTO `Participa`(`idSuperheroe`,`idIncidente`) VALUES(13,15);
INSERT INTO `Participa`(`idSuperheroe`,`idIncidente`) VALUES(17,16);
INSERT INTO `Participa`(`idSuperheroe`,`idIncidente`) VALUES(23,93);
INSERT INTO `Participa`(`idSuperheroe`,`idIncidente`) VALUES(18,132);
INSERT INTO `Participa`(`idSuperheroe`,`idIncidente`) VALUES(10,111);
INSERT INTO `Participa`(`idSuperheroe`,`idIncidente`) VALUES(20,48);
INSERT INTO `Participa`(`idSuperheroe`,`idIncidente`) VALUES(14,135);
INSERT INTO `Participa`(`idSuperheroe`,`idIncidente`) VALUES(21,30);
INSERT INTO `Participa`(`idSuperheroe`,`idIncidente`) VALUES(8,91);
INSERT INTO `Participa`(`idSuperheroe`,`idIncidente`) VALUES(23,118);
INSERT INTO `Participa`(`idSuperheroe`,`idIncidente`) VALUES(26,71);
INSERT INTO `Participa`(`idSuperheroe`,`idIncidente`) VALUES(12,14);
INSERT INTO `Participa`(`idSuperheroe`,`idIncidente`) VALUES(21,46);
INSERT INTO `Participa`(`idSuperheroe`,`idIncidente`) VALUES(3,102);
INSERT INTO `Participa`(`idSuperheroe`,`idIncidente`) VALUES(23,93);
INSERT INTO `Participa`(`idSuperheroe`,`idIncidente`) VALUES(26,72);
INSERT INTO `Participa`(`idSuperheroe`,`idIncidente`) VALUES(16,14);
INSERT INTO `Participa`(`idSuperheroe`,`idIncidente`) VALUES(15,32);
INSERT INTO `Participa`(`idSuperheroe`,`idIncidente`) VALUES(15,68);
INSERT INTO `Participa`(`idSuperheroe`,`idIncidente`) VALUES(13,56);
INSERT INTO `Participa`(`idSuperheroe`,`idIncidente`) VALUES(21,117);
INSERT INTO `Participa`(`idSuperheroe`,`idIncidente`) VALUES(12,49);
INSERT INTO `Participa`(`idSuperheroe`,`idIncidente`) VALUES(15,98);
INSERT INTO `Participa`(`idSuperheroe`,`idIncidente`) VALUES(13,108);
INSERT INTO `Participa`(`idSuperheroe`,`idIncidente`) VALUES(20,14);
INSERT INTO `Participa`(`idSuperheroe`,`idIncidente`) VALUES(3,92);
INSERT INTO `Participa`(`idSuperheroe`,`idIncidente`) VALUES(15,129);
INSERT INTO `Participa`(`idSuperheroe`,`idIncidente`) VALUES(9,113);
INSERT INTO `Participa`(`idSuperheroe`,`idIncidente`) VALUES(13,15);
INSERT INTO `Participa`(`idSuperheroe`,`idIncidente`) VALUES(2,55);
INSERT INTO `Participa`(`idSuperheroe`,`idIncidente`) VALUES(15,39);
INSERT INTO `Participa`(`idSuperheroe`,`idIncidente`) VALUES(27,57);
INSERT INTO `Participa`(`idSuperheroe`,`idIncidente`) VALUES(1,148);
INSERT INTO `Participa`(`idSuperheroe`,`idIncidente`) VALUES(14,130);
INSERT INTO `Participa`(`idSuperheroe`,`idIncidente`) VALUES(16,38);
INSERT INTO `Participa`(`idSuperheroe`,`idIncidente`) VALUES(13,138);
INSERT INTO `Participa`(`idSuperheroe`,`idIncidente`) VALUES(17,107);
INSERT INTO `Participa`(`idSuperheroe`,`idIncidente`) VALUES(2,142);
INSERT INTO `Participa`(`idSuperheroe`,`idIncidente`) VALUES(27,20);
INSERT INTO `Participa`(`idSuperheroe`,`idIncidente`) VALUES(17,86);
INSERT INTO `Participa`(`idSuperheroe`,`idIncidente`) VALUES(20,88);
INSERT INTO `Participa`(`idSuperheroe`,`idIncidente`) VALUES(21,99);
INSERT INTO `Participa`(`idSuperheroe`,`idIncidente`) VALUES(10,127);
INSERT INTO `Participa`(`idSuperheroe`,`idIncidente`) VALUES(5,104);
INSERT INTO `Participa`(`idSuperheroe`,`idIncidente`) VALUES(4,101);
INSERT INTO `Participa`(`idSuperheroe`,`idIncidente`) VALUES(14,43);
INSERT INTO `Participa`(`idSuperheroe`,`idIncidente`) VALUES(28,144);
INSERT INTO `Participa`(`idSuperheroe`,`idIncidente`) VALUES(12,8);
INSERT INTO `Participa`(`idSuperheroe`,`idIncidente`) VALUES(15,106);
INSERT INTO `Participa`(`idSuperheroe`,`idIncidente`) VALUES(17,73);
INSERT INTO `Participa`(`idSuperheroe`,`idIncidente`) VALUES(27,32);
INSERT INTO `Participa`(`idSuperheroe`,`idIncidente`) VALUES(13,23);
INSERT INTO `Participa`(`idSuperheroe`,`idIncidente`) VALUES(1,47);
INSERT INTO `Participa`(`idSuperheroe`,`idIncidente`) VALUES(0,120);
INSERT INTO `Participa`(`idSuperheroe`,`idIncidente`) VALUES(27,18);
INSERT INTO `Participa`(`idSuperheroe`,`idIncidente`) VALUES(26,113);
INSERT INTO `Participa`(`idSuperheroe`,`idIncidente`) VALUES(11,108);
INSERT INTO `Participa`(`idSuperheroe`,`idIncidente`) VALUES(28,54);
INSERT INTO `Participa`(`idSuperheroe`,`idIncidente`) VALUES(28,147);
INSERT INTO `Participa`(`idSuperheroe`,`idIncidente`) VALUES(29,101);
INSERT INTO `Participa`(`idSuperheroe`,`idIncidente`) VALUES(25,26);
INSERT INTO `Participa`(`idSuperheroe`,`idIncidente`) VALUES(12,119);
INSERT INTO `Participa`(`idSuperheroe`,`idIncidente`) VALUES(19,138);
INSERT INTO `Participa`(`idSuperheroe`,`idIncidente`) VALUES(19,133);
INSERT INTO `Participa`(`idSuperheroe`,`idIncidente`) VALUES(24,64);
INSERT INTO `Participa`(`idSuperheroe`,`idIncidente`) VALUES(11,147);
INSERT INTO `Participa`(`idSuperheroe`,`idIncidente`) VALUES(15,70);


INSERT INTO `Involucra`(`idIncidente`,`idPersona`,`Rol`) VALUES(12,33,Testigo);
INSERT INTO `Involucra`(`idIncidente`,`idPersona`,`Rol`) VALUES(49,12,Víctima);
INSERT INTO `Involucra`(`idIncidente`,`idPersona`,`Rol`) VALUES(70,13,Instigador);
INSERT INTO `Involucra`(`idIncidente`,`idPersona`,`Rol`) VALUES(25,52,Sospechoso);
INSERT INTO `Involucra`(`idIncidente`,`idPersona`,`Rol`) VALUES(139,18,Instigador);
INSERT INTO `Involucra`(`idIncidente`,`idPersona`,`Rol`) VALUES(61,73,Sospechoso);
INSERT INTO `Involucra`(`idIncidente`,`idPersona`,`Rol`) VALUES(93,10,Instigador);
INSERT INTO `Involucra`(`idIncidente`,`idPersona`,`Rol`) VALUES(112,3,Testigo);
INSERT INTO `Involucra`(`idIncidente`,`idPersona`,`Rol`) VALUES(27,44,Víctima);
INSERT INTO `Involucra`(`idIncidente`,`idPersona`,`Rol`) VALUES(30,8,Testigo);
INSERT INTO `Involucra`(`idIncidente`,`idPersona`,`Rol`) VALUES(11,99,Sospechoso);
INSERT INTO `Involucra`(`idIncidente`,`idPersona`,`Rol`) VALUES(60,42,Víctima);
INSERT INTO `Involucra`(`idIncidente`,`idPersona`,`Rol`) VALUES(130,54,Instigador);
INSERT INTO `Involucra`(`idIncidente`,`idPersona`,`Rol`) VALUES(127,4,Instigador);
INSERT INTO `Involucra`(`idIncidente`,`idPersona`,`Rol`) VALUES(106,74,Víctima);
INSERT INTO `Involucra`(`idIncidente`,`idPersona`,`Rol`) VALUES(97,24,Instigador);
INSERT INTO `Involucra`(`idIncidente`,`idPersona`,`Rol`) VALUES(119,36,Instigador);
INSERT INTO `Involucra`(`idIncidente`,`idPersona`,`Rol`) VALUES(130,99,Testigo);
INSERT INTO `Involucra`(`idIncidente`,`idPersona`,`Rol`) VALUES(76,11,Instigador);
INSERT INTO `Involucra`(`idIncidente`,`idPersona`,`Rol`) VALUES(147,35,Víctima);
INSERT INTO `Involucra`(`idIncidente`,`idPersona`,`Rol`) VALUES(13,93,Sospechoso);
INSERT INTO `Involucra`(`idIncidente`,`idPersona`,`Rol`) VALUES(54,6,Instigador);
INSERT INTO `Involucra`(`idIncidente`,`idPersona`,`Rol`) VALUES(103,74,Instigador);
INSERT INTO `Involucra`(`idIncidente`,`idPersona`,`Rol`) VALUES(0,69,Víctima);
INSERT INTO `Involucra`(`idIncidente`,`idPersona`,`Rol`) VALUES(0,64,Sospechoso);
INSERT INTO `Involucra`(`idIncidente`,`idPersona`,`Rol`) VALUES(65,94,Testigo);
INSERT INTO `Involucra`(`idIncidente`,`idPersona`,`Rol`) VALUES(129,21,Víctima);
INSERT INTO `Involucra`(`idIncidente`,`idPersona`,`Rol`) VALUES(115,2,Instigador);
INSERT INTO `Involucra`(`idIncidente`,`idPersona`,`Rol`) VALUES(81,91,Sospechoso);
INSERT INTO `Involucra`(`idIncidente`,`idPersona`,`Rol`) VALUES(46,74,Víctima);
INSERT INTO `Involucra`(`idIncidente`,`idPersona`,`Rol`) VALUES(129,51,Instigador);
INSERT INTO `Involucra`(`idIncidente`,`idPersona`,`Rol`) VALUES(126,17,Instigador);
INSERT INTO `Involucra`(`idIncidente`,`idPersona`,`Rol`) VALUES(36,85,Testigo);
INSERT INTO `Involucra`(`idIncidente`,`idPersona`,`Rol`) VALUES(146,49,Testigo);
INSERT INTO `Involucra`(`idIncidente`,`idPersona`,`Rol`) VALUES(57,13,Instigador);
INSERT INTO `Involucra`(`idIncidente`,`idPersona`,`Rol`) VALUES(113,38,Instigador);
INSERT INTO `Involucra`(`idIncidente`,`idPersona`,`Rol`) VALUES(34,9,Víctima);
INSERT INTO `Involucra`(`idIncidente`,`idPersona`,`Rol`) VALUES(19,19,Testigo);
INSERT INTO `Involucra`(`idIncidente`,`idPersona`,`Rol`) VALUES(44,33,Sospechoso);
INSERT INTO `Involucra`(`idIncidente`,`idPersona`,`Rol`) VALUES(21,95,Sospechoso);
INSERT INTO `Involucra`(`idIncidente`,`idPersona`,`Rol`) VALUES(71,45,Víctima);
INSERT INTO `Involucra`(`idIncidente`,`idPersona`,`Rol`) VALUES(123,55,Víctima);
INSERT INTO `Involucra`(`idIncidente`,`idPersona`,`Rol`) VALUES(137,58,Instigador);
INSERT INTO `Involucra`(`idIncidente`,`idPersona`,`Rol`) VALUES(148,50,Víctima);
INSERT INTO `Involucra`(`idIncidente`,`idPersona`,`Rol`) VALUES(47,94,Testigo);
INSERT INTO `Involucra`(`idIncidente`,`idPersona`,`Rol`) VALUES(31,13,Víctima);
INSERT INTO `Involucra`(`idIncidente`,`idPersona`,`Rol`) VALUES(23,39,Sospechoso);
INSERT INTO `Involucra`(`idIncidente`,`idPersona`,`Rol`) VALUES(103,52,Sospechoso);
INSERT INTO `Involucra`(`idIncidente`,`idPersona`,`Rol`) VALUES(110,21,Instigador);
INSERT INTO `Involucra`(`idIncidente`,`idPersona`,`Rol`) VALUES(80,93,Sospechoso);
INSERT INTO `Involucra`(`idIncidente`,`idPersona`,`Rol`) VALUES(144,95,Instigador);
INSERT INTO `Involucra`(`idIncidente`,`idPersona`,`Rol`) VALUES(0,79,Sospechoso);
INSERT INTO `Involucra`(`idIncidente`,`idPersona`,`Rol`) VALUES(37,95,Víctima);
INSERT INTO `Involucra`(`idIncidente`,`idPersona`,`Rol`) VALUES(77,24,Instigador);
INSERT INTO `Involucra`(`idIncidente`,`idPersona`,`Rol`) VALUES(84,1,Testigo);
INSERT INTO `Involucra`(`idIncidente`,`idPersona`,`Rol`) VALUES(14,71,Víctima);
INSERT INTO `Involucra`(`idIncidente`,`idPersona`,`Rol`) VALUES(130,83,Víctima);
INSERT INTO `Involucra`(`idIncidente`,`idPersona`,`Rol`) VALUES(9,80,Víctima);
INSERT INTO `Involucra`(`idIncidente`,`idPersona`,`Rol`) VALUES(114,49,Sospechoso);
INSERT INTO `Involucra`(`idIncidente`,`idPersona`,`Rol`) VALUES(123,14,Víctima);
INSERT INTO `Involucra`(`idIncidente`,`idPersona`,`Rol`) VALUES(54,7,Víctima);
INSERT INTO `Involucra`(`idIncidente`,`idPersona`,`Rol`) VALUES(135,71,Sospechoso);
INSERT INTO `Involucra`(`idIncidente`,`idPersona`,`Rol`) VALUES(99,88,Instigador);
INSERT INTO `Involucra`(`idIncidente`,`idPersona`,`Rol`) VALUES(133,89,Sospechoso);
INSERT INTO `Involucra`(`idIncidente`,`idPersona`,`Rol`) VALUES(30,89,Testigo);
INSERT INTO `Involucra`(`idIncidente`,`idPersona`,`Rol`) VALUES(81,29,Testigo);
INSERT INTO `Involucra`(`idIncidente`,`idPersona`,`Rol`) VALUES(130,55,Víctima);
INSERT INTO `Involucra`(`idIncidente`,`idPersona`,`Rol`) VALUES(108,39,Instigador);
INSERT INTO `Involucra`(`idIncidente`,`idPersona`,`Rol`) VALUES(91,9,Testigo);
INSERT INTO `Involucra`(`idIncidente`,`idPersona`,`Rol`) VALUES(127,3,Instigador);
INSERT INTO `Involucra`(`idIncidente`,`idPersona`,`Rol`) VALUES(5,43,Sospechoso);
INSERT INTO `Involucra`(`idIncidente`,`idPersona`,`Rol`) VALUES(1,93,Sospechoso);
INSERT INTO `Involucra`(`idIncidente`,`idPersona`,`Rol`) VALUES(17,20,Instigador);
INSERT INTO `Involucra`(`idIncidente`,`idPersona`,`Rol`) VALUES(106,25,Sospechoso);
INSERT INTO `Involucra`(`idIncidente`,`idPersona`,`Rol`) VALUES(28,36,Instigador);
INSERT INTO `Involucra`(`idIncidente`,`idPersona`,`Rol`) VALUES(117,13,Instigador);
INSERT INTO `Involucra`(`idIncidente`,`idPersona`,`Rol`) VALUES(118,8,Instigador);
INSERT INTO `Involucra`(`idIncidente`,`idPersona`,`Rol`) VALUES(10,29,Sospechoso);
INSERT INTO `Involucra`(`idIncidente`,`idPersona`,`Rol`) VALUES(27,87,Víctima);
INSERT INTO `Involucra`(`idIncidente`,`idPersona`,`Rol`) VALUES(5,77,Sospechoso);
INSERT INTO `Involucra`(`idIncidente`,`idPersona`,`Rol`) VALUES(88,5,Instigador);
INSERT INTO `Involucra`(`idIncidente`,`idPersona`,`Rol`) VALUES(81,60,Sospechoso);
INSERT INTO `Involucra`(`idIncidente`,`idPersona`,`Rol`) VALUES(81,0,Instigador);
INSERT INTO `Involucra`(`idIncidente`,`idPersona`,`Rol`) VALUES(67,23,Instigador);
INSERT INTO `Involucra`(`idIncidente`,`idPersona`,`Rol`) VALUES(139,23,Testigo);
INSERT INTO `Involucra`(`idIncidente`,`idPersona`,`Rol`) VALUES(97,11,Sospechoso);
INSERT INTO `Involucra`(`idIncidente`,`idPersona`,`Rol`) VALUES(24,97,Víctima);
INSERT INTO `Involucra`(`idIncidente`,`idPersona`,`Rol`) VALUES(148,23,Instigador);
INSERT INTO `Involucra`(`idIncidente`,`idPersona`,`Rol`) VALUES(90,96,Instigador);
INSERT INTO `Involucra`(`idIncidente`,`idPersona`,`Rol`) VALUES(104,87,Instigador);
INSERT INTO `Involucra`(`idIncidente`,`idPersona`,`Rol`) VALUES(38,74,Testigo);
INSERT INTO `Involucra`(`idIncidente`,`idPersona`,`Rol`) VALUES(30,12,Instigador);
INSERT INTO `Involucra`(`idIncidente`,`idPersona`,`Rol`) VALUES(68,18,Instigador);
INSERT INTO `Involucra`(`idIncidente`,`idPersona`,`Rol`) VALUES(46,42,Testigo);
INSERT INTO `Involucra`(`idIncidente`,`idPersona`,`Rol`) VALUES(69,2,Sospechoso);
INSERT INTO `Involucra`(`idIncidente`,`idPersona`,`Rol`) VALUES(25,93,Testigo);
INSERT INTO `Involucra`(`idIncidente`,`idPersona`,`Rol`) VALUES(70,28,Sospechoso);
INSERT INTO `Involucra`(`idIncidente`,`idPersona`,`Rol`) VALUES(12,62,Víctima);
INSERT INTO `Involucra`(`idIncidente`,`idPersona`,`Rol`) VALUES(63,71,Instigador);
INSERT INTO `Involucra`(`idIncidente`,`idPersona`,`Rol`) VALUES(71,86,Instigador);
INSERT INTO `Involucra`(`idIncidente`,`idPersona`,`Rol`) VALUES(114,27,Testigo);
INSERT INTO `Involucra`(`idIncidente`,`idPersona`,`Rol`) VALUES(60,73,Sospechoso);
INSERT INTO `Involucra`(`idIncidente`,`idPersona`,`Rol`) VALUES(67,26,Instigador);
INSERT INTO `Involucra`(`idIncidente`,`idPersona`,`Rol`) VALUES(130,89,Instigador);
INSERT INTO `Involucra`(`idIncidente`,`idPersona`,`Rol`) VALUES(85,57,Víctima);
INSERT INTO `Involucra`(`idIncidente`,`idPersona`,`Rol`) VALUES(73,54,Testigo);
INSERT INTO `Involucra`(`idIncidente`,`idPersona`,`Rol`) VALUES(101,39,Víctima);
INSERT INTO `Involucra`(`idIncidente`,`idPersona`,`Rol`) VALUES(85,24,Instigador);
INSERT INTO `Involucra`(`idIncidente`,`idPersona`,`Rol`) VALUES(3,78,Sospechoso);
INSERT INTO `Involucra`(`idIncidente`,`idPersona`,`Rol`) VALUES(18,55,Víctima);
INSERT INTO `Involucra`(`idIncidente`,`idPersona`,`Rol`) VALUES(47,16,Víctima);
INSERT INTO `Involucra`(`idIncidente`,`idPersona`,`Rol`) VALUES(97,41,Víctima);
INSERT INTO `Involucra`(`idIncidente`,`idPersona`,`Rol`) VALUES(128,50,Víctima);
INSERT INTO `Involucra`(`idIncidente`,`idPersona`,`Rol`) VALUES(67,16,Sospechoso);
INSERT INTO `Involucra`(`idIncidente`,`idPersona`,`Rol`) VALUES(144,45,Sospechoso);
INSERT INTO `Involucra`(`idIncidente`,`idPersona`,`Rol`) VALUES(17,91,Testigo);
INSERT INTO `Involucra`(`idIncidente`,`idPersona`,`Rol`) VALUES(99,72,Testigo);
INSERT INTO `Involucra`(`idIncidente`,`idPersona`,`Rol`) VALUES(56,64,Testigo);
INSERT INTO `Involucra`(`idIncidente`,`idPersona`,`Rol`) VALUES(59,33,Sospechoso);
INSERT INTO `Involucra`(`idIncidente`,`idPersona`,`Rol`) VALUES(74,42,Testigo);
INSERT INTO `Involucra`(`idIncidente`,`idPersona`,`Rol`) VALUES(89,95,Instigador);
INSERT INTO `Involucra`(`idIncidente`,`idPersona`,`Rol`) VALUES(111,12,Instigador);
INSERT INTO `Involucra`(`idIncidente`,`idPersona`,`Rol`) VALUES(116,46,Sospechoso);
INSERT INTO `Involucra`(`idIncidente`,`idPersona`,`Rol`) VALUES(93,60,Sospechoso);
INSERT INTO `Involucra`(`idIncidente`,`idPersona`,`Rol`) VALUES(139,6,Víctima);
INSERT INTO `Involucra`(`idIncidente`,`idPersona`,`Rol`) VALUES(16,56,Testigo);
INSERT INTO `Involucra`(`idIncidente`,`idPersona`,`Rol`) VALUES(66,17,Instigador);
INSERT INTO `Involucra`(`idIncidente`,`idPersona`,`Rol`) VALUES(121,33,Testigo);
INSERT INTO `Involucra`(`idIncidente`,`idPersona`,`Rol`) VALUES(134,86,Víctima);
INSERT INTO `Involucra`(`idIncidente`,`idPersona`,`Rol`) VALUES(85,82,Testigo);
INSERT INTO `Involucra`(`idIncidente`,`idPersona`,`Rol`) VALUES(144,49,Sospechoso);
INSERT INTO `Involucra`(`idIncidente`,`idPersona`,`Rol`) VALUES(99,48,Instigador);
INSERT INTO `Involucra`(`idIncidente`,`idPersona`,`Rol`) VALUES(7,62,Instigador);
INSERT INTO `Involucra`(`idIncidente`,`idPersona`,`Rol`) VALUES(77,87,Testigo);
INSERT INTO `Involucra`(`idIncidente`,`idPersona`,`Rol`) VALUES(33,52,Instigador);
INSERT INTO `Involucra`(`idIncidente`,`idPersona`,`Rol`) VALUES(129,30,Víctima);
INSERT INTO `Involucra`(`idIncidente`,`idPersona`,`Rol`) VALUES(148,70,Víctima);
INSERT INTO `Involucra`(`idIncidente`,`idPersona`,`Rol`) VALUES(1,27,Testigo);
INSERT INTO `Involucra`(`idIncidente`,`idPersona`,`Rol`) VALUES(67,11,Sospechoso);
INSERT INTO `Involucra`(`idIncidente`,`idPersona`,`Rol`) VALUES(88,3,Víctima);
INSERT INTO `Involucra`(`idIncidente`,`idPersona`,`Rol`) VALUES(55,3,Instigador);
INSERT INTO `Involucra`(`idIncidente`,`idPersona`,`Rol`) VALUES(37,68,Testigo);
INSERT INTO `Involucra`(`idIncidente`,`idPersona`,`Rol`) VALUES(132,15,Víctima);
INSERT INTO `Involucra`(`idIncidente`,`idPersona`,`Rol`) VALUES(74,19,Testigo);
INSERT INTO `Involucra`(`idIncidente`,`idPersona`,`Rol`) VALUES(83,51,Víctima);
INSERT INTO `Involucra`(`idIncidente`,`idPersona`,`Rol`) VALUES(60,25,Instigador);
INSERT INTO `Involucra`(`idIncidente`,`idPersona`,`Rol`) VALUES(110,35,Víctima);
INSERT INTO `Involucra`(`idIncidente`,`idPersona`,`Rol`) VALUES(103,39,Instigador);
INSERT INTO `Involucra`(`idIncidente`,`idPersona`,`Rol`) VALUES(55,40,Instigador);
INSERT INTO `Involucra`(`idIncidente`,`idPersona`,`Rol`) VALUES(56,58,Sospechoso);
INSERT INTO `Involucra`(`idIncidente`,`idPersona`,`Rol`) VALUES(0,69,Instigador);
INSERT INTO `Involucra`(`idIncidente`,`idPersona`,`Rol`) VALUES(51,20,Testigo);
INSERT INTO `Involucra`(`idIncidente`,`idPersona`,`Rol`) VALUES(86,88,Sospechoso);
INSERT INTO `Involucra`(`idIncidente`,`idPersona`,`Rol`) VALUES(36,57,Víctima);
INSERT INTO `Involucra`(`idIncidente`,`idPersona`,`Rol`) VALUES(42,53,Sospechoso);
INSERT INTO `Involucra`(`idIncidente`,`idPersona`,`Rol`) VALUES(98,81,Sospechoso);
INSERT INTO `Involucra`(`idIncidente`,`idPersona`,`Rol`) VALUES(54,32,Sospechoso);
INSERT INTO `Involucra`(`idIncidente`,`idPersona`,`Rol`) VALUES(33,52,Sospechoso);
INSERT INTO `Involucra`(`idIncidente`,`idPersona`,`Rol`) VALUES(131,51,Testigo);
INSERT INTO `Involucra`(`idIncidente`,`idPersona`,`Rol`) VALUES(113,24,Testigo);
INSERT INTO `Involucra`(`idIncidente`,`idPersona`,`Rol`) VALUES(85,89,Víctima);
INSERT INTO `Involucra`(`idIncidente`,`idPersona`,`Rol`) VALUES(36,29,Sospechoso);
INSERT INTO `Involucra`(`idIncidente`,`idPersona`,`Rol`) VALUES(15,66,Víctima);
INSERT INTO `Involucra`(`idIncidente`,`idPersona`,`Rol`) VALUES(0,46,Sospechoso);
INSERT INTO `Involucra`(`idIncidente`,`idPersona`,`Rol`) VALUES(28,29,Víctima);
INSERT INTO `Involucra`(`idIncidente`,`idPersona`,`Rol`) VALUES(140,88,Instigador);
INSERT INTO `Involucra`(`idIncidente`,`idPersona`,`Rol`) VALUES(12,17,Instigador);
INSERT INTO `Involucra`(`idIncidente`,`idPersona`,`Rol`) VALUES(52,40,Testigo);
INSERT INTO `Involucra`(`idIncidente`,`idPersona`,`Rol`) VALUES(109,70,Sospechoso);
INSERT INTO `Involucra`(`idIncidente`,`idPersona`,`Rol`) VALUES(37,89,Sospechoso);
INSERT INTO `Involucra`(`idIncidente`,`idPersona`,`Rol`) VALUES(53,71,Instigador);
INSERT INTO `Involucra`(`idIncidente`,`idPersona`,`Rol`) VALUES(95,59,Víctima);
INSERT INTO `Involucra`(`idIncidente`,`idPersona`,`Rol`) VALUES(8,79,Testigo);
INSERT INTO `Involucra`(`idIncidente`,`idPersona`,`Rol`) VALUES(111,21,Víctima);
INSERT INTO `Involucra`(`idIncidente`,`idPersona`,`Rol`) VALUES(50,12,Víctima);
INSERT INTO `Involucra`(`idIncidente`,`idPersona`,`Rol`) VALUES(1,94,Víctima);
INSERT INTO `Involucra`(`idIncidente`,`idPersona`,`Rol`) VALUES(12,56,Sospechoso);
INSERT INTO `Involucra`(`idIncidente`,`idPersona`,`Rol`) VALUES(63,40,Instigador);
INSERT INTO `Involucra`(`idIncidente`,`idPersona`,`Rol`) VALUES(16,12,Sospechoso);
INSERT INTO `Involucra`(`idIncidente`,`idPersona`,`Rol`) VALUES(70,3,Testigo);
INSERT INTO `Involucra`(`idIncidente`,`idPersona`,`Rol`) VALUES(45,66,Sospechoso);
INSERT INTO `Involucra`(`idIncidente`,`idPersona`,`Rol`) VALUES(115,85,Víctima);
INSERT INTO `Involucra`(`idIncidente`,`idPersona`,`Rol`) VALUES(75,43,Víctima);
INSERT INTO `Involucra`(`idIncidente`,`idPersona`,`Rol`) VALUES(45,98,Testigo);
INSERT INTO `Involucra`(`idIncidente`,`idPersona`,`Rol`) VALUES(17,30,Testigo);
INSERT INTO `Involucra`(`idIncidente`,`idPersona`,`Rol`) VALUES(50,7,Testigo);
INSERT INTO `Involucra`(`idIncidente`,`idPersona`,`Rol`) VALUES(90,78,Testigo);
INSERT INTO `Involucra`(`idIncidente`,`idPersona`,`Rol`) VALUES(74,6,Víctima);
INSERT INTO `Involucra`(`idIncidente`,`idPersona`,`Rol`) VALUES(46,23,Víctima);
INSERT INTO `Involucra`(`idIncidente`,`idPersona`,`Rol`) VALUES(117,73,Sospechoso);
INSERT INTO `Involucra`(`idIncidente`,`idPersona`,`Rol`) VALUES(91,91,Testigo);
INSERT INTO `Involucra`(`idIncidente`,`idPersona`,`Rol`) VALUES(40,25,Sospechoso);
INSERT INTO `Involucra`(`idIncidente`,`idPersona`,`Rol`) VALUES(31,80,Testigo);
INSERT INTO `Involucra`(`idIncidente`,`idPersona`,`Rol`) VALUES(27,97,Testigo);
INSERT INTO `Involucra`(`idIncidente`,`idPersona`,`Rol`) VALUES(88,20,Víctima);
INSERT INTO `Involucra`(`idIncidente`,`idPersona`,`Rol`) VALUES(99,81,Sospechoso);
INSERT INTO `Involucra`(`idIncidente`,`idPersona`,`Rol`) VALUES(76,1,Víctima);
INSERT INTO `Involucra`(`idIncidente`,`idPersona`,`Rol`) VALUES(133,80,Instigador);
INSERT INTO `Involucra`(`idIncidente`,`idPersona`,`Rol`) VALUES(95,84,Sospechoso);
INSERT INTO `Involucra`(`idIncidente`,`idPersona`,`Rol`) VALUES(143,57,Instigador);


INSERT INTO `Cerrado(`idIncidente`) VALUES (0);
INSERT INTO `Proceso(`idIncidente`,`num`,`Fecha`) VALUES (1,33,'2018-1-13');
INSERT INTO `Cerrado(`idIncidente`) VALUES (2);
INSERT INTO `Cerrado(`idIncidente`) VALUES (3);
INSERT INTO `Pendiente(`idIncidente`) VALUES (4);
INSERT INTO `Cerrado(`idIncidente`) VALUES (5);
INSERT INTO `Proceso(`idIncidente`,`num`,`Fecha`) VALUES (6,42,'2018-7-11');
INSERT INTO `Pendiente(`idIncidente`) VALUES (7);
INSERT INTO `Proceso(`idIncidente`,`num`,`Fecha`) VALUES (8,30,'2018-9-24');
INSERT INTO `Proceso(`idIncidente`,`num`,`Fecha`) VALUES (9,57,'2018-2-27');
INSERT INTO `Proceso(`idIncidente`,`num`,`Fecha`) VALUES (10,10,'2018-7-9');
INSERT INTO `Cerrado(`idIncidente`) VALUES (11);
INSERT INTO `Proceso(`idIncidente`,`num`,`Fecha`) VALUES (12,12,'2018-7-10');
INSERT INTO `Cerrado(`idIncidente`) VALUES (13);
INSERT INTO `Pendiente(`idIncidente`) VALUES (14);
INSERT INTO `Proceso(`idIncidente`,`num`,`Fecha`) VALUES (15,54,'2018-6-28');
INSERT INTO `Proceso(`idIncidente`,`num`,`Fecha`) VALUES (16,61,'2018-7-1');
INSERT INTO `Proceso(`idIncidente`,`num`,`Fecha`) VALUES (17,37,'2018-1-22');
INSERT INTO `Proceso(`idIncidente`,`num`,`Fecha`) VALUES (18,48,'2018-9-28');
INSERT INTO `Proceso(`idIncidente`,`num`,`Fecha`) VALUES (19,3,'2018-2-21');
INSERT INTO `Pendiente(`idIncidente`) VALUES (20);
INSERT INTO `Proceso(`idIncidente`,`num`,`Fecha`) VALUES (21,29,'2018-7-3');
INSERT INTO `Proceso(`idIncidente`,`num`,`Fecha`) VALUES (22,0,'2018-5-19');
INSERT INTO `Pendiente(`idIncidente`) VALUES (23);
INSERT INTO `Cerrado(`idIncidente`) VALUES (24);
INSERT INTO `Proceso(`idIncidente`,`num`,`Fecha`) VALUES (25,44,'2018-6-28');
INSERT INTO `Proceso(`idIncidente`,`num`,`Fecha`) VALUES (26,25,'2018-1-5');
INSERT INTO `Pendiente(`idIncidente`) VALUES (27);
INSERT INTO `Proceso(`idIncidente`,`num`,`Fecha`) VALUES (28,43,'2018-5-9');
INSERT INTO `Cerrado(`idIncidente`) VALUES (29);
INSERT INTO `Proceso(`idIncidente`,`num`,`Fecha`) VALUES (30,30,'2018-4-12');
INSERT INTO `Cerrado(`idIncidente`) VALUES (31);
INSERT INTO `Proceso(`idIncidente`,`num`,`Fecha`) VALUES (32,37,'2018-9-29');
INSERT INTO `Pendiente(`idIncidente`) VALUES (33);
INSERT INTO `Proceso(`idIncidente`,`num`,`Fecha`) VALUES (34,39,'2018-3-26');
INSERT INTO `Cerrado(`idIncidente`) VALUES (35);
INSERT INTO `Proceso(`idIncidente`,`num`,`Fecha`) VALUES (36,10,'2018-1-21');
INSERT INTO `Proceso(`idIncidente`,`num`,`Fecha`) VALUES (37,63,'2018-2-22');
INSERT INTO `Proceso(`idIncidente`,`num`,`Fecha`) VALUES (38,12,'2018-4-21');
INSERT INTO `Proceso(`idIncidente`,`num`,`Fecha`) VALUES (39,38,'2018-5-25');
INSERT INTO `Pendiente(`idIncidente`) VALUES (40);
INSERT INTO `Pendiente(`idIncidente`) VALUES (41);
INSERT INTO `Proceso(`idIncidente`,`num`,`Fecha`) VALUES (42,69,'2018-9-8');
INSERT INTO `Pendiente(`idIncidente`) VALUES (43);
INSERT INTO `Pendiente(`idIncidente`) VALUES (44);
INSERT INTO `Proceso(`idIncidente`,`num`,`Fecha`) VALUES (45,31,'2018-5-13');
INSERT INTO `Pendiente(`idIncidente`) VALUES (46);
INSERT INTO `Proceso(`idIncidente`,`num`,`Fecha`) VALUES (47,14,'2018-3-11');
INSERT INTO `Pendiente(`idIncidente`) VALUES (48);
INSERT INTO `Cerrado(`idIncidente`) VALUES (49);
INSERT INTO `Cerrado(`idIncidente`) VALUES (50);
INSERT INTO `Pendiente(`idIncidente`) VALUES (51);
INSERT INTO `Cerrado(`idIncidente`) VALUES (52);
INSERT INTO `Proceso(`idIncidente`,`num`,`Fecha`) VALUES (53,49,'2018-9-27');
INSERT INTO `Proceso(`idIncidente`,`num`,`Fecha`) VALUES (54,6,'2018-6-20');
INSERT INTO `Proceso(`idIncidente`,`num`,`Fecha`) VALUES (55,69,'2018-8-18');
INSERT INTO `Proceso(`idIncidente`,`num`,`Fecha`) VALUES (56,28,'2018-9-26');
INSERT INTO `Pendiente(`idIncidente`) VALUES (57);
INSERT INTO `Proceso(`idIncidente`,`num`,`Fecha`) VALUES (58,34,'2018-2-27');
INSERT INTO `Proceso(`idIncidente`,`num`,`Fecha`) VALUES (59,5,'2018-1-14');
INSERT INTO `Proceso(`idIncidente`,`num`,`Fecha`) VALUES (60,57,'2018-9-20');
INSERT INTO `Cerrado(`idIncidente`) VALUES (61);
INSERT INTO `Proceso(`idIncidente`,`num`,`Fecha`) VALUES (62,45,'2018-9-3');
INSERT INTO `Pendiente(`idIncidente`) VALUES (63);
INSERT INTO `Proceso(`idIncidente`,`num`,`Fecha`) VALUES (64,30,'2018-6-25');
INSERT INTO `Cerrado(`idIncidente`) VALUES (65);
INSERT INTO `Cerrado(`idIncidente`) VALUES (66);
INSERT INTO `Proceso(`idIncidente`,`num`,`Fecha`) VALUES (67,15,'2018-6-19');
INSERT INTO `Proceso(`idIncidente`,`num`,`Fecha`) VALUES (68,28,'2018-3-19');
INSERT INTO `Cerrado(`idIncidente`) VALUES (69);
INSERT INTO `Proceso(`idIncidente`,`num`,`Fecha`) VALUES (70,19,'2018-8-29');
INSERT INTO `Cerrado(`idIncidente`) VALUES (71);
INSERT INTO `Pendiente(`idIncidente`) VALUES (72);
INSERT INTO `Proceso(`idIncidente`,`num`,`Fecha`) VALUES (73,60,'2018-1-13');
INSERT INTO `Cerrado(`idIncidente`) VALUES (74);
INSERT INTO `Proceso(`idIncidente`,`num`,`Fecha`) VALUES (75,31,'2018-7-9');
INSERT INTO `Proceso(`idIncidente`,`num`,`Fecha`) VALUES (76,1,'2018-8-17');
INSERT INTO `Proceso(`idIncidente`,`num`,`Fecha`) VALUES (77,2,'2018-2-29');
INSERT INTO `Proceso(`idIncidente`,`num`,`Fecha`) VALUES (78,57,'2018-6-8');
INSERT INTO `Proceso(`idIncidente`,`num`,`Fecha`) VALUES (79,65,'2018-6-17');
INSERT INTO `Pendiente(`idIncidente`) VALUES (80);
INSERT INTO `Proceso(`idIncidente`,`num`,`Fecha`) VALUES (81,58,'2018-3-12');
INSERT INTO `Proceso(`idIncidente`,`num`,`Fecha`) VALUES (82,17,'2018-2-16');
INSERT INTO `Pendiente(`idIncidente`) VALUES (83);
INSERT INTO `Proceso(`idIncidente`,`num`,`Fecha`) VALUES (84,47,'2018-9-20');
INSERT INTO `Cerrado(`idIncidente`) VALUES (85);
INSERT INTO `Pendiente(`idIncidente`) VALUES (86);
INSERT INTO `Proceso(`idIncidente`,`num`,`Fecha`) VALUES (87,16,'2018-3-14');
INSERT INTO `Cerrado(`idIncidente`) VALUES (88);
INSERT INTO `Proceso(`idIncidente`,`num`,`Fecha`) VALUES (89,6,'2018-3-28');
INSERT INTO `Pendiente(`idIncidente`) VALUES (90);
INSERT INTO `Pendiente(`idIncidente`) VALUES (91);
INSERT INTO `Cerrado(`idIncidente`) VALUES (92);
INSERT INTO `Proceso(`idIncidente`,`num`,`Fecha`) VALUES (93,21,'2018-5-29');
INSERT INTO `Proceso(`idIncidente`,`num`,`Fecha`) VALUES (94,3,'2018-3-30');
INSERT INTO `Pendiente(`idIncidente`) VALUES (95);
INSERT INTO `Pendiente(`idIncidente`) VALUES (96);
INSERT INTO `Proceso(`idIncidente`,`num`,`Fecha`) VALUES (97,66,'2018-2-1');
INSERT INTO `Proceso(`idIncidente`,`num`,`Fecha`) VALUES (98,61,'2018-2-20');
INSERT INTO `Proceso(`idIncidente`,`num`,`Fecha`) VALUES (99,47,'2018-1-1');
INSERT INTO `Proceso(`idIncidente`,`num`,`Fecha`) VALUES (100,43,'2018-4-9');
INSERT INTO `Proceso(`idIncidente`,`num`,`Fecha`) VALUES (101,62,'2018-6-11');
INSERT INTO `Proceso(`idIncidente`,`num`,`Fecha`) VALUES (102,41,'2018-3-8');
INSERT INTO `Pendiente(`idIncidente`) VALUES (103);
INSERT INTO `Cerrado(`idIncidente`) VALUES (104);
INSERT INTO `Cerrado(`idIncidente`) VALUES (105);
INSERT INTO `Cerrado(`idIncidente`) VALUES (106);
INSERT INTO `Cerrado(`idIncidente`) VALUES (107);
INSERT INTO `Proceso(`idIncidente`,`num`,`Fecha`) VALUES (108,4,'2018-8-7');
INSERT INTO `Proceso(`idIncidente`,`num`,`Fecha`) VALUES (109,16,'2018-8-8');
INSERT INTO `Cerrado(`idIncidente`) VALUES (110);
INSERT INTO `Proceso(`idIncidente`,`num`,`Fecha`) VALUES (111,21,'2018-2-8');
INSERT INTO `Cerrado(`idIncidente`) VALUES (112);
INSERT INTO `Pendiente(`idIncidente`) VALUES (113);
INSERT INTO `Proceso(`idIncidente`,`num`,`Fecha`) VALUES (114,24,'2018-9-16');
INSERT INTO `Proceso(`idIncidente`,`num`,`Fecha`) VALUES (115,62,'2018-9-27');
INSERT INTO `Cerrado(`idIncidente`) VALUES (116);
INSERT INTO `Proceso(`idIncidente`,`num`,`Fecha`) VALUES (117,8,'2018-2-5');
INSERT INTO `Proceso(`idIncidente`,`num`,`Fecha`) VALUES (118,5,'2018-1-2');
INSERT INTO `Proceso(`idIncidente`,`num`,`Fecha`) VALUES (119,40,'2018-5-2');
INSERT INTO `Proceso(`idIncidente`,`num`,`Fecha`) VALUES (120,39,'2018-3-4');
INSERT INTO `Proceso(`idIncidente`,`num`,`Fecha`) VALUES (121,17,'2018-8-25');
INSERT INTO `Pendiente(`idIncidente`) VALUES (122);
INSERT INTO `Pendiente(`idIncidente`) VALUES (123);
INSERT INTO `Cerrado(`idIncidente`) VALUES (124);
INSERT INTO `Proceso(`idIncidente`,`num`,`Fecha`) VALUES (125,20,'2018-9-5');
INSERT INTO `Cerrado(`idIncidente`) VALUES (126);
INSERT INTO `Pendiente(`idIncidente`) VALUES (127);
INSERT INTO `Proceso(`idIncidente`,`num`,`Fecha`) VALUES (128,54,'2018-4-22');
INSERT INTO `Proceso(`idIncidente`,`num`,`Fecha`) VALUES (129,57,'2018-4-2');
INSERT INTO `Cerrado(`idIncidente`) VALUES (130);
INSERT INTO `Proceso(`idIncidente`,`num`,`Fecha`) VALUES (131,14,'2018-8-9');
INSERT INTO `Pendiente(`idIncidente`) VALUES (132);
INSERT INTO `Proceso(`idIncidente`,`num`,`Fecha`) VALUES (133,7,'2018-3-14');
INSERT INTO `Cerrado(`idIncidente`) VALUES (134);
INSERT INTO `Cerrado(`idIncidente`) VALUES (135);
INSERT INTO `Proceso(`idIncidente`,`num`,`Fecha`) VALUES (136,55,'2018-3-2');
INSERT INTO `Pendiente(`idIncidente`) VALUES (137);
INSERT INTO `Proceso(`idIncidente`,`num`,`Fecha`) VALUES (138,10,'2018-5-18');
INSERT INTO `Proceso(`idIncidente`,`num`,`Fecha`) VALUES (139,67,'2018-3-14');
INSERT INTO `Proceso(`idIncidente`,`num`,`Fecha`) VALUES (140,5,'2018-7-30');
INSERT INTO `Proceso(`idIncidente`,`num`,`Fecha`) VALUES (141,39,'2018-8-1');
INSERT INTO `Pendiente(`idIncidente`) VALUES (142);
INSERT INTO `Proceso(`idIncidente`,`num`,`Fecha`) VALUES (143,42,'2018-5-17');
INSERT INTO `Proceso(`idIncidente`,`num`,`Fecha`) VALUES (144,46,'2018-1-17');
INSERT INTO `Cerrado(`idIncidente`) VALUES (145);
INSERT INTO `Proceso(`idIncidente`,`num`,`Fecha`) VALUES (146,37,'2018-2-19');
INSERT INTO `Cerrado(`idIncidente`) VALUES (147);
INSERT INTO `Pendiente(`idIncidente`) VALUES (148);

